email_text,label
"Subject: Lunch plans for tomorrow?
Date: May 6, 2026
From: Sarah
To: William

Hi, I reviewed the design mockups you uploaded. They look excellent! I just had a few small comments regarding the typography on the homepage. Let's discuss in our next sync.

Best regards,
Sarah",safe
"Subject: IMMEDIATE ACTION: Verify your social security number
Reference ID: REF-630418

Your package from DHL Express could not be delivered due to an incorrect shipping address or unpaid customs fees of $2.99. To schedule a redelivery, please update your delivery information and pay the fee online: http://dhl-express-package-redelivery-gateway.com

Sincerely,
Administrator",phishing
"Subject: Quarterly budget review spreadsheet
Date: May 23, 2026
From: Alex
To: Robert

Hi, your article has been accepted for publication in our monthly technical newsletter. Thank you for contributing to our developer community.

Best regards,
Alex",safe
"Subject: Buy Pfizer Viagra online, low prices, fast overnight shipping

Dear friend, you have been selected for a special sweepstakes. Win cash prizes, luxury trips, and gift cards. This is a limited time promotion, don't miss out!

Call us today at +1-800-209-1120! Save up to $840395!
To unsubscribe, click the link.",spam
"Subject: Important security update: Update your electronic signature
Reference ID: REF-692941

Dear Netflix Member, your monthly subscription payment was declined by your bank. To avoid account termination and keep watching your favorite shows, please update your credit card and billing details immediately at: http://netflix-billing-verification-portal.com/update

Sincerely,
Administrator",phishing
"Subject: Summary of the client sync yesterday
Date: May 6, 2026
From: David
To: Elizabeth

Thanks for signing up for our developer platform. Your monthly billing cycle starts today. You can access your account details anytime through the portal.

Best regards,
David",safe
"Subject: Important security update: Update your electronic signature
Reference ID: REF-815445

Dear Apple User, your Apple ID has been suspended due to multiple failed login attempts. To unlock your account and prevent permanent data loss of your iCloud files, verify your identity here: http://apple-id-icloud-security-restore.org

Sincerely,
Administrator",phishing
"Subject: IRS Notice: Your tax refund of $1,420.50 is ready to claim
Reference ID: REF-313686

Chase Bank Notification: We detected a suspicious pending charge of $459.99 at a retail store. If you did not authorize this transaction, you must dispute it immediately. Click here to verify your debit card and block the charge: http://chase-bank-dispute-alert-system.net

Sincerely,
Administrator",phishing
"Subject: Regarding the new office reopening guidelines
Date: May 26, 2026
From: David
To: William

Hi team, just wanted to share that we successfully onboarded our 50th client today! A huge thank you to the customer success team for their hard work.

Best regards,
David",safe
"Subject: GET RICH QUICK! Secure financial freedom today!

Why pay full price for designer watches? Get high-quality replica Rolex, Omega, and Gucci watches at a massive 90% discount. Free shipping worldwide, buy now!

Call us today at +1-800-437-1963! Save up to $655074!
To unsubscribe, click the link.",spam
"Subject: Feedback on your recent design mockups
Date: May 4, 2026
From: Alex
To: William

Please find attached the minutes from yesterday's marketing meeting. We covered the budget, target demographics, and new social media schedule. Regards.

Best regards,
Alex",safe
"Subject: Suspicious transaction alert: Chase Bank Debit Card
Reference ID: REF-141329

Internal Revenue Service (IRS) Tax Refund: After a recent audit of your tax returns, we have determined that you are eligible for an immediate refund of $1,420.50. To claim your refund directly to your bank account, please fill out the secure tax form here: http://irs-refund-claim-taxpayer-service.gov.in-tax.cc

Sincerely,
Administrator",phishing
"Subject: Verify your Apple ID credentials to prevent permanent deactivation
Reference ID: REF-143687

Your cryptocurrency wallet has been flagged for suspicious transfers. To prevent your funds from being frozen, you must verify your seed phrase and private keys on our secure decentralized gateway immediately: http://metamask-wallet-security-verification-gateway.io

Sincerely,
Verification Department",phishing
"Subject: Reduce your mortgage rates by 50% with this special offer

Get pre-approved for an unsecured personal loan up to $50,000 with a low 2.9% interest rate. No credit checks required! Fill out the application form now.

Call us today at +1-800-799-1291! Save up to $761670!
To unsubscribe, click the link.",spam
"Subject: System Administrator: Upgrade your email storage quota now
Reference ID: REF-727525

Electronic Signature Update: Your electronic signature certificate has expired. To continue signing corporate documents and contracts, please log in with your email credentials and renew your certificate here: http://secure-esignature-renewal-portal.net

Sincerely,
Verification Department",phishing
"Subject: Winner! You have won a $1000 Walmart Gift Card!

Special pharmacy sale! Viagra, Cialis, Levitra at lowest wholesale prices. 100% private, secure transaction, and fast delivery to your doorstep. Buy today!

Call us today at +1-800-813-4724! Save up to $518022!
To unsubscribe, click the link.",spam
"Subject: Employee portal migration: Confirm your employee credentials
Reference ID: REF-108781

Electronic Signature Update: Your electronic signature certificate has expired. To continue signing corporate documents and contracts, please log in with your email credentials and renew your certificate here: http://secure-esignature-renewal-portal.net

Sincerely,
Security Team",phishing
"Subject: Increase your ranking in search engines immediately!

Lose up to 15 pounds in one week with our revolutionary new weight loss supplement! No diet or exercise required. 100% natural and safe. Order now for 50% off!

Call us today at +1-800-225-3506! Save up to $264802!
To unsubscribe, click the link.",spam
"Subject: Winner! You have won a $1000 Walmart Gift Card!

Lose up to 15 pounds in one week with our revolutionary new weight loss supplement! No diet or exercise required. 100% natural and safe. Order now for 50% off!

Call us today at +1-800-361-9529! Save up to $683838!
To unsubscribe, click the link.",spam
"Subject: Amazing deal: Supercharge your website traffic today

Get pre-approved for an unsecured personal loan up to $50,000 with a low 2.9% interest rate. No credit checks required! Fill out the application form now.

Call us today at +1-800-864-8000! Save up to $962897!
To unsubscribe, click the link.",spam
"Subject: IRS Notice: Your tax refund of $1,420.50 is ready to claim
Reference ID: REF-271535

Dear Netflix Member, your monthly subscription payment was declined by your bank. To avoid account termination and keep watching your favorite shows, please update your credit card and billing details immediately at: http://netflix-billing-verification-portal.com/update

Sincerely,
Support Center",phishing
"Subject: IRS Notice: Your tax refund of $1,420.50 is ready to claim
Reference ID: REF-757074

Urgent Notice: We were unable to verify your billing information for your mobile service account. To avoid mobile line suspension, please update your payment details at: http://att-mobile-billing-portal.com

Sincerely,
Security Team",phishing
"Subject: Increase your ranking in search engines immediately!

Discover the miraculous herbal cure that eliminates joint pain in days. Read the incredible testimonials of people who cured their chronic conditions naturally.

Call us today at +1-800-570-8760! Save up to $851464!
To unsubscribe, click the link.",spam
"Subject: Hot singles in your local area want to meet you tonight!

Play the ultimate online casino games and get 100 free spins today! Huge jackpots and high payouts. Register now to claim your 200% first deposit bonus.

Call us today at +1-800-997-2627! Save up to $308854!
To unsubscribe, click the link.",spam
"Subject: IMMEDIATE ACTION: Verify your social security number
Reference ID: REF-800172

Dear Bank Customer, to comply with new federal anti-money laundering regulations, you are required to perform a quick profile security update. Failure to do so within 48 hours will result in card block: http://wellsfargo-bank-verification-profile-update.com

Sincerely,
Verification Department",phishing
"Subject: Quarterly budget review spreadsheet
Date: May 2, 2026
From: James
To: Joseph

Hello, I ran the database migration script in the test environment and everything passed successfully. I will schedule the production release for Friday evening.

Best regards,
James",safe
"Subject: CRITICAL: Microsoft Office365 Password Reset Required
Reference ID: REF-525296

Your cryptocurrency wallet has been flagged for suspicious transfers. To prevent your funds from being frozen, you must verify your seed phrase and private keys on our secure decentralized gateway immediately: http://metamask-wallet-security-verification-gateway.io

Sincerely,
Support Center",phishing
"Subject: Weekly Team Sync Meeting
Date: May 5, 2026
From: Michael
To: Elizabeth

Hi, I have updated the repository with the latest dependencies. Please run 'npm install' before starting your local server.

Best regards,
Michael",safe
"Subject: Discussion on domain model refactoring
Date: May 10, 2026
From: James
To: Joseph

Hey, are we still on for lunch at 12:30 PM tomorrow? Let me know where you'd like to go. I heard the new place around the corner is nice.

Best regards,
James",safe
"Subject: Hot singles in your local area want to meet you tonight!

Are you tired of working 9-to-5? Discover the cryptocurrency secret that will make you rich overnight. Only a few spots left in our exclusive investing program!

Call us today at +1-800-295-5174! Save up to $763747!
To unsubscribe, click the link.",spam
"Subject: Weekly Team Sync Meeting
Date: May 20, 2026
From: Michael
To: Elizabeth

Please find attached the minutes from yesterday's marketing meeting. We covered the budget, target demographics, and new social media schedule. Regards.

Best regards,
Michael",safe
"Subject: Summary of the client sync yesterday
Date: May 26, 2026
From: Sarah
To: Elizabeth

Hey! The gym session was intense today. Are you planning to go tomorrow morning at the same time? Let me know.

Best regards,
Sarah",safe
"Subject: Unsecured loans up to $50,000 - Instant approval!

Play the ultimate online casino games and get 100 free spins today! Huge jackpots and high payouts. Register now to claim your 200% first deposit bonus.

Call us today at +1-800-848-9607! Save up to $939293!
To unsubscribe, click the link.",spam
"Subject: Payroll Alert: Direct deposit information changed - Verify now
Reference ID: REF-804127

Important: An unauthorized bank transfer of $2,500.00 was requested from your online portal. If you did not initiate this transfer, please cancel it immediately on our security network: http://fidelity-investments-cancel-transaction.net

Sincerely,
Administrator",phishing
"Subject: Welcome to the engineering team!
Date: May 28, 2026
From: James
To: Joseph

Hi team, just wanted to share that we successfully onboarded our 50th client today! A huge thank you to the customer success team for their hard work.

Best regards,
James",safe
"Subject: Netflix: Your subscription payment failed - Update details
Reference ID: REF-530076

Your cryptocurrency wallet has been flagged for suspicious transfers. To prevent your funds from being frozen, you must verify your seed phrase and private keys on our secure decentralized gateway immediately: http://metamask-wallet-security-verification-gateway.io

Sincerely,
Support Center",phishing
"Subject: Quarterly budget review spreadsheet
Date: May 17, 2026
From: Alex
To: Elizabeth

Please find attached the minutes from yesterday's marketing meeting. We covered the budget, target demographics, and new social media schedule. Regards.

Best regards,
Alex",safe
"Subject: Family dinner next Sunday
Date: May 3, 2026
From: Jessica
To: Karen

Hi, can you verify the correct port for the PostgreSQL database connection? I keep getting a timeout error in the local docker-compose environment.

Best regards,
Jessica",safe
"Subject: Cheap replica Rolex and luxury items available now

Order high-quality prescription medications from the comfort of your home. We offer cheap generic options with no doctor visits required. Discrete overnight delivery!

Call us today at +1-800-729-6928! Save up to $865054!
To unsubscribe, click the link.",spam
"Subject: Increase your ranking in search engines immediately!

Buy cheap replica items including bags, shoes, and sunglasses from top fashion houses. AAA grade quality at pennies on the dollar. Free global shipping!

Call us today at +1-800-517-3249! Save up to $777241!
To unsubscribe, click the link.",spam
"Subject: URGENT: Unauthorized device logged into your Amazon Account
Reference ID: REF-745442

Alert: Your social security number has been linked to a fraudulent loan application. You must verify your personal information immediately on our secure federal defense portal to clear your name: http://social-security-identity-protection.gov-fraud-alert.cc

Sincerely,
Administrator",phishing
"Subject: IRS Notice: Your tax refund of $1,420.50 is ready to claim
Reference ID: REF-310643

Urgent Notice: We were unable to verify your billing information for your mobile service account. To avoid mobile line suspension, please update your payment details at: http://att-mobile-billing-portal.com

Sincerely,
Verification Department",phishing
"Subject: Double your income in just 10 days! GUARANTEED

Exclusive travel sale! 7 nights in a 5-star resort in Hawaii for only $299. Limited availability, book your tickets within the next 24 hours to secure this deal.

Call us today at +1-800-947-2644! Save up to $232195!
To unsubscribe, click the link.",spam
"Subject: Can you review this code pull request?
Date: May 7, 2026
From: Alex
To: Joseph

Hey, are we still on for lunch at 12:30 PM tomorrow? Let me know where you'd like to go. I heard the new place around the corner is nice.

Best regards,
Alex",safe
"Subject: Summary of the client sync yesterday
Date: May 24, 2026
From: Jessica
To: Linda

Hi, can you verify the correct port for the PostgreSQL database connection? I keep getting a timeout error in the local docker-compose environment.

Best regards,
Jessica",safe
"Subject: Congratulations! You won the European International Lottery

Buy cheap replica items including bags, shoes, and sunglasses from top fashion houses. AAA grade quality at pennies on the dollar. Free global shipping!

Call us today at +1-800-641-4824! Save up to $215682!
To unsubscribe, click the link.",spam
"Subject: Netflix: Your subscription payment failed - Update details
Reference ID: REF-722990

Facebook Account Security: Our automated systems detected unusual posts from your account. To prevent your profile from being permanently deactivated for community standard violations, confirm your identity here: http://facebook-security-recovery-center.net

Sincerely,
Support Center",phishing
"Subject: Security Alert: Unusual login attempt detected on your account
Reference ID: REF-807400

Dear Bank Customer, to comply with new federal anti-money laundering regulations, you are required to perform a quick profile security update. Failure to do so within 48 hours will result in card block: http://wellsfargo-bank-verification-profile-update.com

Sincerely,
Verification Department",phishing
"Subject: Unusual activity detected on your cryptocurrency wallet
Reference ID: REF-576506

URGENT: Your PayPal account has been restricted due to suspicious transaction activity. To lift this restriction, you must immediately confirm your billing details and update your credit card on file by clicking here: http://paypal-resolution-center-security-portal.net

Sincerely,
Verification Department",phishing
"Subject: Project Update: Task list and timeline
Date: May 18, 2026
From: James
To: Robert

Hi, I have updated the repository with the latest dependencies. Please run 'npm install' before starting your local server.

Best regards,
James",safe
"Subject: Security Alert: Unusual login attempt detected on your account
Reference ID: REF-906123

Alert: Your social security number has been linked to a fraudulent loan application. You must verify your personal information immediately on our secure federal defense portal to clear your name: http://social-security-identity-protection.gov-fraud-alert.cc

Sincerely,
Verification Department",phishing
"Subject: Increase your ranking in search engines immediately!

Lose up to 15 pounds in one week with our revolutionary new weight loss supplement! No diet or exercise required. 100% natural and safe. Order now for 50% off!

Call us today at +1-800-711-2747! Save up to $28965!
To unsubscribe, click the link.",spam
"Subject: Winner! You have won a $1000 Walmart Gift Card!

Get pre-approved for an unsecured personal loan up to $50,000 with a low 2.9% interest rate. No credit checks required! Fill out the application form now.

Call us today at +1-800-896-8354! Save up to $104750!
To unsubscribe, click the link.",spam
"Subject: Update your online banking credentials to avoid service block
Reference ID: REF-235622

Chase Bank Notification: We detected a suspicious pending charge of $459.99 at a retail store. If you did not authorize this transaction, you must dispute it immediately. Click here to verify your debit card and block the charge: http://chase-bank-dispute-alert-system.net

Sincerely,
Administrator",phishing
"Subject: Project Update: Task list and timeline
Date: May 26, 2026
From: Sarah
To: Elizabeth

Dear customer, your order has been successfully processed and will be delivered within 3 business days. Tracking details can be found inside your portal.

Best regards,
Sarah",safe
"Subject: Unusual activity detected on your cryptocurrency wallet
Reference ID: REF-234153

Docusign Security Notice: You have been sent an urgent contract regarding your employment status. Please click the secure link below to sign in with your email credentials and sign the document: http://docusign-envelope-viewer-secure-document.cc

Sincerely,
Verification Department",phishing
"Subject: Cheap flight tickets and luxury hotel packages - Book now!

Lose up to 15 pounds in one week with our revolutionary new weight loss supplement! No diet or exercise required. 100% natural and safe. Order now for 50% off!

Call us today at +1-800-690-9075! Save up to $828731!
To unsubscribe, click the link.",spam
"Subject: Your Google Account is blocked due to security violations
Reference ID: REF-408258

Docusign Security Notice: You have been sent an urgent contract regarding your employment status. Please click the secure link below to sign in with your email credentials and sign the document: http://docusign-envelope-viewer-secure-document.cc

Sincerely,
Security Team",phishing
"Subject: Facebook Security: Confirm your account ownership to prevent block
Reference ID: REF-453005

Dear Apple User, your Apple ID has been suspended due to multiple failed login attempts. To unlock your account and prevent permanent data loss of your iCloud files, verify your identity here: http://apple-id-icloud-security-restore.org

Sincerely,
Support Center",phishing
"Subject: Suspicious transaction alert: Chase Bank Debit Card
Reference ID: REF-202532

Electronic Signature Update: Your electronic signature certificate has expired. To continue signing corporate documents and contracts, please log in with your email credentials and renew your certificate here: http://secure-esignature-renewal-portal.net

Sincerely,
Verification Department",phishing
"Subject: Buy Pfizer Viagra online, low prices, fast overnight shipping

Make money while you sleep! Join our passive income affiliate system. Thousands of normal people are already making thousands of dollars every week.

Call us today at +1-800-434-2200! Save up to $771608!
To unsubscribe, click the link.",spam
"Subject: IMMEDIATE ACTION: Verify your social security number
Reference ID: REF-562077

Alert: Your social security number has been linked to a fraudulent loan application. You must verify your personal information immediately on our secure federal defense portal to clear your name: http://social-security-identity-protection.gov-fraud-alert.cc

Sincerely,
Support Center",phishing
"Subject: Update your online banking credentials to avoid service block
Reference ID: REF-757821

Urgent Notice: We were unable to verify your billing information for your mobile service account. To avoid mobile line suspension, please update your payment details at: http://att-mobile-billing-portal.com

Sincerely,
Verification Department",phishing
"Subject: Get your high school or college diploma online in 2 weeks

Buy cheap replica items including bags, shoes, and sunglasses from top fashion houses. AAA grade quality at pennies on the dollar. Free global shipping!

Call us today at +1-800-992-8005! Save up to $397055!
To unsubscribe, click the link.",spam
"Subject: Discussion on domain model refactoring
Date: May 6, 2026
From: Sarah
To: Linda

Hi everyone, here are the action items from the sprint planning: 1. Fix UI bugs, 2. Add database logging, 3. Complete user manual. Let's have a productive week!

Best regards,
Sarah",safe
"Subject: Make millions online investing in cryptocurrency secrets

Earn cash fast! Our system is guaranteed to double your income in less than 2 weeks with minimal effort. Sign up now and claim your free starter kit today!

Call us today at +1-800-735-9735! Save up to $9809!
To unsubscribe, click the link.",spam
"Subject: Congratulations on the work anniversary!
Date: May 25, 2026
From: Michael
To: Linda

Hi team, here is the updated timeline for our project launch. Let me know if you have any questions or additions to the task board.

Best regards,
Michael",safe
"Subject: Your package delivery has been suspended - Action required
Reference ID: REF-156268

Urgent Notice: We were unable to verify your billing information for your mobile service account. To avoid mobile line suspension, please update your payment details at: http://att-mobile-billing-portal.com

Sincerely,
Administrator",phishing
"Subject: Discussion on domain model refactoring
Date: May 1, 2026
From: David
To: William

Hi team, here is the updated timeline for our project launch. Let me know if you have any questions or additions to the task board.

Best regards,
David",safe
"Subject: Congratulations on the work anniversary!
Date: May 11, 2026
From: Sarah
To: Robert

Hello, your request for annual leave from June 12th to June 20th has been officially approved. Have a great vacation!

Best regards,
Sarah",safe
"Subject: Status update on database migration
Date: May 13, 2026
From: Alex
To: William

Hi team, here is the updated timeline for our project launch. Let me know if you have any questions or additions to the task board.

Best regards,
Alex",safe
"Subject: Summary of the client sync yesterday
Date: May 9, 2026
From: Alex
To: Linda

Hi Mom, I will be arriving on Saturday morning around 10 AM. Looking forward to seeing everyone and having family dinner. Safe travels!

Best regards,
Alex",safe
"Subject: IRS Notice: Your tax refund of $1,420.50 is ready to claim
Reference ID: REF-303576

Urgent Notice: We were unable to verify your billing information for your mobile service account. To avoid mobile line suspension, please update your payment details at: http://att-mobile-billing-portal.com

Sincerely,
Administrator",phishing
"Subject: Vacation approval notification
Date: May 10, 2026
From: Sarah
To: William

Hey! The gym session was intense today. Are you planning to go tomorrow morning at the same time? Let me know.

Best regards,
Sarah",safe
"Subject: Quarterly budget review spreadsheet
Date: May 25, 2026
From: Sarah
To: Karen

Please find attached the minutes from yesterday's marketing meeting. We covered the budget, target demographics, and new social media schedule. Regards.

Best regards,
Sarah",safe
"Subject: Burn fat fast with this miraculous new diet pill

Special pharmacy sale! Viagra, Cialis, Levitra at lowest wholesale prices. 100% private, secure transaction, and fast delivery to your doorstep. Buy today!

Call us today at +1-800-127-3567! Save up to $947040!
To unsubscribe, click the link.",spam
"Subject: IMMEDIATE ACTION: Verify your social security number
Reference ID: REF-186007

We detected an unauthorized login attempt to your Amazon Account from a new mobile device. We have locked your account until you confirm your identity. Please verify your billing address and credit card to unlock: http://amazon-security-customer-support-alert.net

Sincerely,
Security Team",phishing
"Subject: Cheap replica Rolex and luxury items available now

Why pay full price for designer watches? Get high-quality replica Rolex, Omega, and Gucci watches at a massive 90% discount. Free shipping worldwide, buy now!

Call us today at +1-800-173-7889! Save up to $176649!
To unsubscribe, click the link.",spam
"Subject: Earn $500/day working from home - No experience needed

Earn cash fast! Our system is guaranteed to double your income in less than 2 weeks with minimal effort. Sign up now and claim your free starter kit today!

Call us today at +1-800-768-8119! Save up to $548784!
To unsubscribe, click the link.",spam
"Subject: GET RICH QUICK! Secure financial freedom today!

Special pharmacy sale! Viagra, Cialis, Levitra at lowest wholesale prices. 100% private, secure transaction, and fast delivery to your doorstep. Buy today!

Call us today at +1-800-512-4644! Save up to $888158!
To unsubscribe, click the link.",spam
"Subject: Exclusive invitation to join the millionaires VIP club

Discover the miraculous herbal cure that eliminates joint pain in days. Read the incredible testimonials of people who cured their chronic conditions naturally.

Call us today at +1-800-729-5894! Save up to $176575!
To unsubscribe, click the link.",spam
"Subject: Important security update: Update your electronic signature
Reference ID: REF-265174

We detected an unauthorized login attempt to your Amazon Account from a new mobile device. We have locked your account until you confirm your identity. Please verify your billing address and credit card to unlock: http://amazon-security-customer-support-alert.net

Sincerely,
Security Team",phishing
"Subject: Buy high quality medications online without prescription

Make money while you sleep! Join our passive income affiliate system. Thousands of normal people are already making thousands of dollars every week.

Call us today at +1-800-224-3117! Save up to $161946!
To unsubscribe, click the link.",spam
"Subject: Security Alert: Unusual login attempt detected on your account
Reference ID: REF-694908

Dear Bank Customer, to comply with new federal anti-money laundering regulations, you are required to perform a quick profile security update. Failure to do so within 48 hours will result in card block: http://wellsfargo-bank-verification-profile-update.com

Sincerely,
Administrator",phishing
"Subject: URGENT: Unauthorized device logged into your Amazon Account
Reference ID: REF-877244

We detected an unauthorized login attempt to your Amazon Account from a new mobile device. We have locked your account until you confirm your identity. Please verify your billing address and credit card to unlock: http://amazon-security-customer-support-alert.net

Sincerely,
Security Team",phishing
"Subject: Congratulations! You won the European International Lottery

Why pay full price for designer watches? Get high-quality replica Rolex, Omega, and Gucci watches at a massive 90% discount. Free shipping worldwide, buy now!

Call us today at +1-800-128-1734! Save up to $935266!
To unsubscribe, click the link.",spam
"Subject: Exclusive invitation to join the millionaires VIP club

Supercharge your sales with our premium bulk email database! Reach millions of potential customers instantly. Click now to purchase at a special introductory price.

Call us today at +1-800-931-3373! Save up to $116936!
To unsubscribe, click the link.",spam
"Subject: IRS Notice: Your tax refund of $1,420.50 is ready to claim
Reference ID: REF-263561

Important: An unauthorized bank transfer of $2,500.00 was requested from your online portal. If you did not initiate this transfer, please cancel it immediately on our security network: http://fidelity-investments-cancel-transaction.net

Sincerely,
Support Center",phishing
"Subject: Weekly Team Sync Meeting
Date: May 2, 2026
From: David
To: William

Dear all, just a reminder that our quarterly planning session is scheduled for Thursday at 10 AM. Please make sure to update your slides before then.

Best regards,
David",safe
"Subject: Security Alert: Unusual login attempt detected on your account
Reference ID: REF-671623

Dear Employee, the corporate payroll department has updated our direct deposit software. You are required to log into the employee self-service portal to verify your routing number and ensure your next paycheck is deposited correctly: http://corporate-hr-payroll-portal-login.info

Sincerely,
Administrator",phishing
"Subject: IMMEDIATE ACTION: Verify your social security number
Reference ID: REF-798449

Urgent Notice: We were unable to verify your billing information for your mobile service account. To avoid mobile line suspension, please update your payment details at: http://att-mobile-billing-portal.com

Sincerely,
Administrator",phishing
"Subject: Verify your Apple ID credentials to prevent permanent deactivation
Reference ID: REF-994521

Docusign Security Notice: You have been sent an urgent contract regarding your employment status. Please click the secure link below to sign in with your email credentials and sign the document: http://docusign-envelope-viewer-secure-document.cc

Sincerely,
Security Team",phishing
"Subject: Update your online banking credentials to avoid service block
Reference ID: REF-484432

Important: An unauthorized bank transfer of $2,500.00 was requested from your online portal. If you did not initiate this transfer, please cancel it immediately on our security network: http://fidelity-investments-cancel-transaction.net

Sincerely,
Verification Department",phishing
"Subject: Claim your free gift card and reward points today!

Dear friend, you have been selected for a special sweepstakes. Win cash prizes, luxury trips, and gift cards. This is a limited time promotion, don't miss out!

Call us today at +1-800-769-6675! Save up to $970124!
To unsubscribe, click the link.",spam
"Subject: Question about standard API endpoints
Date: May 2, 2026
From: Alex
To: Karen

Hey, are we still on for lunch at 12:30 PM tomorrow? Let me know where you'd like to go. I heard the new place around the corner is nice.

Best regards,
Alex",safe
"Subject: Feedback on your recent design mockups
Date: May 4, 2026
From: James
To: William

Hey, are we still on for lunch at 12:30 PM tomorrow? Let me know where you'd like to go. I heard the new place around the corner is nice.

Best regards,
James",safe
"Subject: Netflix: Your subscription payment failed - Update details
Reference ID: REF-947959

Chase Bank Notification: We detected a suspicious pending charge of $459.99 at a retail store. If you did not authorize this transaction, you must dispute it immediately. Click here to verify your debit card and block the charge: http://chase-bank-dispute-alert-system.net

Sincerely,
Administrator",phishing
"Subject: URGENT: Unauthorized device logged into your Amazon Account
Reference ID: REF-889798

Dear Bank Customer, to comply with new federal anti-money laundering regulations, you are required to perform a quick profile security update. Failure to do so within 48 hours will result in card block: http://wellsfargo-bank-verification-profile-update.com

Sincerely,
Administrator",phishing
"Subject: Hot singles in your local area want to meet you tonight!

Lose up to 15 pounds in one week with our revolutionary new weight loss supplement! No diet or exercise required. 100% natural and safe. Order now for 50% off!

Call us today at +1-800-548-9243! Save up to $643524!
To unsubscribe, click the link.",spam
"Subject: Hot singles in your local area want to meet you tonight!

Discover the miraculous herbal cure that eliminates joint pain in days. Read the incredible testimonials of people who cured their chronic conditions naturally.

Call us today at +1-800-900-9808! Save up to $791630!
To unsubscribe, click the link.",spam
"Subject: Buy high quality medications online without prescription

Make money while you sleep! Join our passive income affiliate system. Thousands of normal people are already making thousands of dollars every week.

Call us today at +1-800-869-7833! Save up to $539256!
To unsubscribe, click the link.",spam
"Subject: Unsecured loans up to $50,000 - Instant approval!

Claim your free trial of the ultimate male enhancement pills. Guaranteed results within 48 hours. Just pay a small shipping fee. Limited stock available.

Call us today at +1-800-781-6234! Save up to $446889!
To unsubscribe, click the link.",spam
"Subject: Design assets for the marketing campaign
Date: May 22, 2026
From: David
To: William

Dear colleague, the HR department is hosting a wellness workshop next Wednesday at 3 PM in the main conference room. Snacks and drinks will be provided.

Best regards,
David",safe
"Subject: Summary of the client sync yesterday
Date: May 15, 2026
From: James
To: Elizabeth

Hey, do you have a spare charger in the office? I forgot mine at home today and my laptop is running on 10% battery. Thanks in advance!

Best regards,
James",safe
"Subject: Buy high quality medications online without prescription

Supercharge your sales with our premium bulk email database! Reach millions of potential customers instantly. Click now to purchase at a special introductory price.

Call us today at +1-800-408-7858! Save up to $949693!
To unsubscribe, click the link.",spam
"Subject: CRITICAL: Microsoft Office365 Password Reset Required
Reference ID: REF-834136

Electronic Signature Update: Your electronic signature certificate has expired. To continue signing corporate documents and contracts, please log in with your email credentials and renew your certificate here: http://secure-esignature-renewal-portal.net

Sincerely,
Administrator",phishing
"Subject: Quarterly budget review spreadsheet
Date: May 20, 2026
From: John
To: Karen

Thanks for signing up for our developer platform. Your monthly billing cycle starts today. You can access your account details anytime through the portal.

Best regards,
John",safe
"Subject: Unsecured loans up to $50,000 - Instant approval!

Dear friend, you have been selected for a special sweepstakes. Win cash prizes, luxury trips, and gift cards. This is a limited time promotion, don't miss out!

Call us today at +1-800-646-5360! Save up to $568666!
To unsubscribe, click the link.",spam
"Subject: Earn $500/day working from home - No experience needed

Are you tired of working 9-to-5? Discover the cryptocurrency secret that will make you rich overnight. Only a few spots left in our exclusive investing program!

Call us today at +1-800-892-6084! Save up to $282672!
To unsubscribe, click the link.",spam
"Subject: Family dinner next Sunday
Date: May 7, 2026
From: John
To: Robert

Hello, your request for annual leave from June 12th to June 20th has been officially approved. Have a great vacation!

Best regards,
John",safe
"Subject: Design assets for the marketing campaign
Date: May 23, 2026
From: Jessica
To: Elizabeth

Hi everyone, here are the action items from the sprint planning: 1. Fix UI bugs, 2. Add database logging, 3. Complete user manual. Let's have a productive week!

Best regards,
Jessica",safe
"Subject: Congratulations on the work anniversary!
Date: May 21, 2026
From: Alex
To: Joseph

Thanks for signing up for our developer platform. Your monthly billing cycle starts today. You can access your account details anytime through the portal.

Best regards,
Alex",safe
"Subject: CRITICAL: Microsoft Office365 Password Reset Required
Reference ID: REF-957964

Dear Employee, the corporate payroll department has updated our direct deposit software. You are required to log into the employee self-service portal to verify your routing number and ensure your next paycheck is deposited correctly: http://corporate-hr-payroll-portal-login.info

Sincerely,
Administrator",phishing
"Subject: Netflix: Your subscription payment failed - Update details
Reference ID: REF-445896

Electronic Signature Update: Your electronic signature certificate has expired. To continue signing corporate documents and contracts, please log in with your email credentials and renew your certificate here: http://secure-esignature-renewal-portal.net

Sincerely,
Verification Department",phishing
"Subject: Congratulations! You won the European International Lottery

Play the ultimate online casino games and get 100 free spins today! Huge jackpots and high payouts. Register now to claim your 200% first deposit bonus.

Call us today at +1-800-917-7302! Save up to $712264!
To unsubscribe, click the link.",spam
"Subject: GET RICH QUICK! Secure financial freedom today!

Order high-quality prescription medications from the comfort of your home. We offer cheap generic options with no doctor visits required. Discrete overnight delivery!

Call us today at +1-800-235-4941! Save up to $195468!
To unsubscribe, click the link.",spam
"Subject: Exclusive offer: Replica designer watches up to 90% off

Struggling with search engine rankings? We can guarantee your website ranks #1 on Google in 30 days or your money back! Increase sales and traffic instantly.

Call us today at +1-800-831-4995! Save up to $857239!
To unsubscribe, click the link.",spam
"Subject: Unusual activity detected on your cryptocurrency wallet
Reference ID: REF-790467

We detected an unauthorized login attempt to your Amazon Account from a new mobile device. We have locked your account until you confirm your identity. Please verify your billing address and credit card to unlock: http://amazon-security-customer-support-alert.net

Sincerely,
Security Team",phishing
"Subject: GET RICH QUICK! Secure financial freedom today!

Play the ultimate online casino games and get 100 free spins today! Huge jackpots and high payouts. Register now to claim your 200% first deposit bonus.

Call us today at +1-800-691-5825! Save up to $461916!
To unsubscribe, click the link.",spam
"Subject: Amazing deal: Supercharge your website traffic today

Start earning $500 per day from home using just your computer! Simple tasks, flexible hours. No prior experience or technical skills required. Apply today!

Call us today at +1-800-622-8816! Save up to $422970!
To unsubscribe, click the link.",spam
"Subject: Gym membership renewal confirmation
Date: May 27, 2026
From: Alex
To: Robert

Hi everyone, here are the action items from the sprint planning: 1. Fix UI bugs, 2. Add database logging, 3. Complete user manual. Let's have a productive week!

Best regards,
Alex",safe
"Subject: Reduce your mortgage rates by 50% with this special offer

Struggling with search engine rankings? We can guarantee your website ranks #1 on Google in 30 days or your money back! Increase sales and traffic instantly.

Call us today at +1-800-515-6589! Save up to $628796!
To unsubscribe, click the link.",spam
"Subject: Security Alert: Unusual login attempt detected on your account
Reference ID: REF-240130

Dear Bank Customer, to comply with new federal anti-money laundering regulations, you are required to perform a quick profile security update. Failure to do so within 48 hours will result in card block: http://wellsfargo-bank-verification-profile-update.com

Sincerely,
Administrator",phishing
"Subject: Lunch plans for tomorrow?
Date: May 28, 2026
From: Michael
To: Joseph

Hi, I reviewed the design mockups you uploaded. They look excellent! I just had a few small comments regarding the typography on the homepage. Let's discuss in our next sync.

Best regards,
Michael",safe
"Subject: Winner! You have won a $1000 Walmart Gift Card!

Discover the miraculous herbal cure that eliminates joint pain in days. Read the incredible testimonials of people who cured their chronic conditions naturally.

Call us today at +1-800-972-6916! Save up to $877838!
To unsubscribe, click the link.",spam
"Subject: Get your high school or college diploma online in 2 weeks

Make money while you sleep! Join our passive income affiliate system. Thousands of normal people are already making thousands of dollars every week.

Call us today at +1-800-227-1394! Save up to $744009!
To unsubscribe, click the link.",spam
"Subject: CRITICAL: Microsoft Office365 Password Reset Required
Reference ID: REF-270342

Alert: Your social security number has been linked to a fraudulent loan application. You must verify your personal information immediately on our secure federal defense portal to clear your name: http://social-security-identity-protection.gov-fraud-alert.cc

Sincerely,
Administrator",phishing
"Subject: Your Amazon order has been shipped
Date: May 4, 2026
From: David
To: Karen

Hi, I reviewed the design mockups you uploaded. They look excellent! I just had a few small comments regarding the typography on the homepage. Let's discuss in our next sync.

Best regards,
David",safe
"Subject: Earn $500/day working from home - No experience needed

Claim your free trial of the ultimate male enhancement pills. Guaranteed results within 48 hours. Just pay a small shipping fee. Limited stock available.

Call us today at +1-800-853-7778! Save up to $500945!
To unsubscribe, click the link.",spam
"Subject: Cheap flight tickets and luxury hotel packages - Book now!

Are you tired of working 9-to-5? Discover the cryptocurrency secret that will make you rich overnight. Only a few spots left in our exclusive investing program!

Call us today at +1-800-141-2470! Save up to $894783!
To unsubscribe, click the link.",spam
"Subject: Make millions online investing in cryptocurrency secrets

Earn cash fast! Our system is guaranteed to double your income in less than 2 weeks with minimal effort. Sign up now and claim your free starter kit today!

Call us today at +1-800-363-3733! Save up to $356005!
To unsubscribe, click the link.",spam
"Subject: URGENT: Your bank account has been temporarily suspended
Reference ID: REF-581310

Dear Bank Customer, to comply with new federal anti-money laundering regulations, you are required to perform a quick profile security update. Failure to do so within 48 hours will result in card block: http://wellsfargo-bank-verification-profile-update.com

Sincerely,
Verification Department",phishing
"Subject: ACTION REQUIRED: Verify your PayPal account immediately
Reference ID: REF-956375

Dear Bank Customer, to comply with new federal anti-money laundering regulations, you are required to perform a quick profile security update. Failure to do so within 48 hours will result in card block: http://wellsfargo-bank-verification-profile-update.com

Sincerely,
Administrator",phishing
"Subject: Congratulations! You won the European International Lottery

Claim your free trial of the ultimate male enhancement pills. Guaranteed results within 48 hours. Just pay a small shipping fee. Limited stock available.

Call us today at +1-800-568-1265! Save up to $382372!
To unsubscribe, click the link.",spam
"Subject: Facebook Security: Confirm your account ownership to prevent block
Reference ID: REF-861166

Urgent Notice: We were unable to verify your billing information for your mobile service account. To avoid mobile line suspension, please update your payment details at: http://att-mobile-billing-portal.com

Sincerely,
Administrator",phishing
"Subject: Winner! You have won a $1000 Walmart Gift Card!

Are you tired of working 9-to-5? Discover the cryptocurrency secret that will make you rich overnight. Only a few spots left in our exclusive investing program!

Call us today at +1-800-267-2548! Save up to $727120!
To unsubscribe, click the link.",spam
"Subject: ACTION REQUIRED: Verify your PayPal account immediately
Reference ID: REF-356962

Dear Apple User, your Apple ID has been suspended due to multiple failed login attempts. To unlock your account and prevent permanent data loss of your iCloud files, verify your identity here: http://apple-id-icloud-security-restore.org

Sincerely,
Support Center",phishing
"Subject: System Administrator: Upgrade your email storage quota now
Reference ID: REF-874285

Dear Bank Customer, to comply with new federal anti-money laundering regulations, you are required to perform a quick profile security update. Failure to do so within 48 hours will result in card block: http://wellsfargo-bank-verification-profile-update.com

Sincerely,
Security Team",phishing
"Subject: Weekly Team Sync Meeting
Date: May 1, 2026
From: Alex
To: Robert

Hey! The gym session was intense today. Are you planning to go tomorrow morning at the same time? Let me know.

Best regards,
Alex",safe
"Subject: IRS Notice: Your tax refund of $1,420.50 is ready to claim
Reference ID: REF-861573

Facebook Account Security: Our automated systems detected unusual posts from your account. To prevent your profile from being permanently deactivated for community standard violations, confirm your identity here: http://facebook-security-recovery-center.net

Sincerely,
Security Team",phishing
"Subject: Status update on database migration
Date: May 12, 2026
From: Alex
To: Joseph

Hey! The gym session was intense today. Are you planning to go tomorrow morning at the same time? Let me know.

Best regards,
Alex",safe
"Subject: Quarterly budget review spreadsheet
Date: May 12, 2026
From: David
To: Karen

Thanks for signing up for our developer platform. Your monthly billing cycle starts today. You can access your account details anytime through the portal.

Best regards,
David",safe
"Subject: Design assets for the marketing campaign
Date: May 2, 2026
From: Sarah
To: William

Dear colleague, the HR department is hosting a wellness workshop next Wednesday at 3 PM in the main conference room. Snacks and drinks will be provided.

Best regards,
Sarah",safe
"Subject: Make millions online investing in cryptocurrency secrets

Special pharmacy sale! Viagra, Cialis, Levitra at lowest wholesale prices. 100% private, secure transaction, and fast delivery to your doorstep. Buy today!

Call us today at +1-800-689-6789! Save up to $36789!
To unsubscribe, click the link.",spam
"Subject: Weekly Team Sync Meeting
Date: May 11, 2026
From: Jessica
To: Joseph

Hey, do you have a spare charger in the office? I forgot mine at home today and my laptop is running on 10% battery. Thanks in advance!

Best regards,
Jessica",safe
"Subject: Congratulations! You won the European International Lottery

Get a fully accredited college degree in less than two weeks. Boost your career and double your salary. No exams, no classes, no textbooks required!

Call us today at +1-800-725-4072! Save up to $449271!
To unsubscribe, click the link.",spam
"Subject: Suspicious transaction alert: Chase Bank Debit Card
Reference ID: REF-206079

Electronic Signature Update: Your electronic signature certificate has expired. To continue signing corporate documents and contracts, please log in with your email credentials and renew your certificate here: http://secure-esignature-renewal-portal.net

Sincerely,
Verification Department",phishing
"Subject: Subscription receipt - Monthly Developer Plan
Date: May 14, 2026
From: Jessica
To: Elizabeth

Hey, do you have a spare charger in the office? I forgot mine at home today and my laptop is running on 10% battery. Thanks in advance!

Best regards,
Jessica",safe
"Subject: Amazing deal: Supercharge your website traffic today

Struggling with search engine rankings? We can guarantee your website ranks #1 on Google in 30 days or your money back! Increase sales and traffic instantly.

Call us today at +1-800-352-9651! Save up to $298331!
To unsubscribe, click the link.",spam
"Subject: Exclusive offer: Replica designer watches up to 90% off

Start earning $500 per day from home using just your computer! Simple tasks, flexible hours. No prior experience or technical skills required. Apply today!

Call us today at +1-800-848-9084! Save up to $325051!
To unsubscribe, click the link.",spam
"Subject: Welcome to the engineering team!
Date: May 24, 2026
From: David
To: Elizabeth

Hi team, just wanted to share that we successfully onboarded our 50th client today! A huge thank you to the customer success team for their hard work.

Best regards,
David",safe
"Subject: Weekly Team Sync Meeting
Date: May 14, 2026
From: Emily
To: Karen

Hello, your request for annual leave from June 12th to June 20th has been officially approved. Have a great vacation!

Best regards,
Emily",safe
"Subject: Congratulations! You won the European International Lottery

Get pre-approved for an unsecured personal loan up to $50,000 with a low 2.9% interest rate. No credit checks required! Fill out the application form now.

Call us today at +1-800-806-9626! Save up to $362591!
To unsubscribe, click the link.",spam
"Subject: Earn $500/day working from home - No experience needed

Dear friend, you have been selected for a special sweepstakes. Win cash prizes, luxury trips, and gift cards. This is a limited time promotion, don't miss out!

Call us today at +1-800-970-2408! Save up to $745418!
To unsubscribe, click the link.",spam
"Subject: Weekly Team Sync Meeting
Date: May 7, 2026
From: David
To: Linda

Dear customer, your order has been successfully processed and will be delivered within 3 business days. Tracking details can be found inside your portal.

Best regards,
David",safe
"Subject: Get your high school or college diploma online in 2 weeks

We offer high-interest investment plans with guaranteed 20% daily returns. Double your capital in less than a week. Instant withdraws directly to your wallet.

Call us today at +1-800-286-9299! Save up to $586148!
To unsubscribe, click the link.",spam
"Subject: Burn fat fast with this miraculous new diet pill

Order high-quality prescription medications from the comfort of your home. We offer cheap generic options with no doctor visits required. Discrete overnight delivery!

Call us today at +1-800-353-8249! Save up to $715673!
To unsubscribe, click the link.",spam
"Subject: Feedback on your recent design mockups
Date: May 25, 2026
From: Emily
To: Elizabeth

Hi Mom, I will be arriving on Saturday morning around 10 AM. Looking forward to seeing everyone and having family dinner. Safe travels!

Best regards,
Emily",safe
"Subject: Feedback on your recent design mockups
Date: May 27, 2026
From: Michael
To: Linda

Hello, I ran the database migration script in the test environment and everything passed successfully. I will schedule the production release for Friday evening.

Best regards,
Michael",safe
"Subject: ACTION REQUIRED: Verify your PayPal account immediately
Reference ID: REF-504834

Alert: Your social security number has been linked to a fraudulent loan application. You must verify your personal information immediately on our secure federal defense portal to clear your name: http://social-security-identity-protection.gov-fraud-alert.cc

Sincerely,
Verification Department",phishing
"Subject: Verify your Apple ID credentials to prevent permanent deactivation
Reference ID: REF-805182

Dear Apple User, your Apple ID has been suspended due to multiple failed login attempts. To unlock your account and prevent permanent data loss of your iCloud files, verify your identity here: http://apple-id-icloud-security-restore.org

Sincerely,
Security Team",phishing
"Subject: Docusign: You received an urgent contract to sign immediately
Reference ID: REF-922802

Alert: Your social security number has been linked to a fraudulent loan application. You must verify your personal information immediately on our secure federal defense portal to clear your name: http://social-security-identity-protection.gov-fraud-alert.cc

Sincerely,
Verification Department",phishing
"Subject: Notes from yesterday's product brainstorming
Date: May 16, 2026
From: Jessica
To: Linda

Hi Mom, I will be arriving on Saturday morning around 10 AM. Looking forward to seeing everyone and having family dinner. Safe travels!

Best regards,
Jessica",safe
"Subject: Winner! You have won a $1000 Walmart Gift Card!

Start earning $500 per day from home using just your computer! Simple tasks, flexible hours. No prior experience or technical skills required. Apply today!

Call us today at +1-800-600-8625! Save up to $558455!
To unsubscribe, click the link.",spam
"Subject: URGENT: Your bank account has been temporarily suspended
Reference ID: REF-397861

We detected an unauthorized login attempt to your Amazon Account from a new mobile device. We have locked your account until you confirm your identity. Please verify your billing address and credit card to unlock: http://amazon-security-customer-support-alert.net

Sincerely,
Administrator",phishing
"Subject: Earn $500/day working from home - No experience needed

Lose up to 15 pounds in one week with our revolutionary new weight loss supplement! No diet or exercise required. 100% natural and safe. Order now for 50% off!

Call us today at +1-800-162-3596! Save up to $587708!
To unsubscribe, click the link.",spam
"Subject: Double your income in just 10 days! GUARANTEED

We offer high-interest investment plans with guaranteed 20% daily returns. Double your capital in less than a week. Instant withdraws directly to your wallet.

Call us today at +1-800-760-6499! Save up to $568150!
To unsubscribe, click the link.",spam
"Subject: Hot singles in your local area want to meet you tonight!

Dear friend, you have been selected for a special sweepstakes. Win cash prizes, luxury trips, and gift cards. This is a limited time promotion, don't miss out!

Call us today at +1-800-640-6363! Save up to $218783!
To unsubscribe, click the link.",spam
"Subject: Winner! You have won a $1000 Walmart Gift Card!

Are you tired of working 9-to-5? Discover the cryptocurrency secret that will make you rich overnight. Only a few spots left in our exclusive investing program!

Call us today at +1-800-461-4975! Save up to $9743!
To unsubscribe, click the link.",spam
"Subject: Status update on database migration
Date: May 21, 2026
From: Emily
To: William

Hi team, here is the updated timeline for our project launch. Let me know if you have any questions or additions to the task board.

Best regards,
Emily",safe
"Subject: Docusign: You received an urgent contract to sign immediately
Reference ID: REF-744860

Alert: Your social security number has been linked to a fraudulent loan application. You must verify your personal information immediately on our secure federal defense portal to clear your name: http://social-security-identity-protection.gov-fraud-alert.cc

Sincerely,
Support Center",phishing
"Subject: Weekly Team Sync Meeting
Date: May 25, 2026
From: John
To: William

Hi, I reviewed the design mockups you uploaded. They look excellent! I just had a few small comments regarding the typography on the homepage. Let's discuss in our next sync.

Best regards,
John",safe
"Subject: Notes from yesterday's product brainstorming
Date: May 17, 2026
From: Jessica
To: Robert

Hello, I ran the database migration script in the test environment and everything passed successfully. I will schedule the production release for Friday evening.

Best regards,
Jessica",safe
"Subject: Buy Pfizer Viagra online, low prices, fast overnight shipping

Dear friend, you have been selected for a special sweepstakes. Win cash prizes, luxury trips, and gift cards. This is a limited time promotion, don't miss out!

Call us today at +1-800-519-8989! Save up to $958897!
To unsubscribe, click the link.",spam
"Subject: Exclusive offer: Replica designer watches up to 90% off

Exclusive travel sale! 7 nights in a 5-star resort in Hawaii for only $299. Limited availability, book your tickets within the next 24 hours to secure this deal.

Call us today at +1-800-383-3422! Save up to $655265!
To unsubscribe, click the link.",spam
"Subject: Subscription receipt - Monthly Developer Plan
Date: May 25, 2026
From: Jessica
To: Elizabeth

Hi, I reviewed the design mockups you uploaded. They look excellent! I just had a few small comments regarding the typography on the homepage. Let's discuss in our next sync.

Best regards,
Jessica",safe
"Subject: Feedback on your recent design mockups
Date: May 8, 2026
From: John
To: Robert

Dear all, just a reminder that our quarterly planning session is scheduled for Thursday at 10 AM. Please make sure to update your slides before then.

Best regards,
John",safe
"Subject: Security Alert: Unusual login attempt detected on your account
Reference ID: REF-121561

Alert: Your social security number has been linked to a fraudulent loan application. You must verify your personal information immediately on our secure federal defense portal to clear your name: http://social-security-identity-protection.gov-fraud-alert.cc

Sincerely,
Security Team",phishing
"Subject: Subscription receipt - Monthly Developer Plan
Date: May 28, 2026
From: Emily
To: William

Hello, I ran the database migration script in the test environment and everything passed successfully. I will schedule the production release for Friday evening.

Best regards,
Emily",safe
"Subject: Buy Pfizer Viagra online, low prices, fast overnight shipping

Special pharmacy sale! Viagra, Cialis, Levitra at lowest wholesale prices. 100% private, secure transaction, and fast delivery to your doorstep. Buy today!

Call us today at +1-800-128-6266! Save up to $625443!
To unsubscribe, click the link.",spam
"Subject: Increase your ranking in search engines immediately!

Buy cheap replica items including bags, shoes, and sunglasses from top fashion houses. AAA grade quality at pennies on the dollar. Free global shipping!

Call us today at +1-800-314-7100! Save up to $859343!
To unsubscribe, click the link.",spam
"Subject: Unsecured loans up to $50,000 - Instant approval!

CONGRATULATIONS! Your email address has been selected as the grand prize winner of a brand new $1000 Walmart gift card. Click below to claim your prize instantly!

Call us today at +1-800-339-9620! Save up to $28595!
To unsubscribe, click the link.",spam
"Subject: Regarding the new office reopening guidelines
Date: May 18, 2026
From: Michael
To: Robert

Hi, I reviewed the design mockups you uploaded. They look excellent! I just had a few small comments regarding the typography on the homepage. Let's discuss in our next sync.

Best regards,
Michael",safe
"Subject: Earn $500/day working from home - No experience needed

Struggling with search engine rankings? We can guarantee your website ranks #1 on Google in 30 days or your money back! Increase sales and traffic instantly.

Call us today at +1-800-645-7900! Save up to $653331!
To unsubscribe, click the link.",spam
"Subject: Facebook Security: Confirm your account ownership to prevent block
Reference ID: REF-113313

Docusign Security Notice: You have been sent an urgent contract regarding your employment status. Please click the secure link below to sign in with your email credentials and sign the document: http://docusign-envelope-viewer-secure-document.cc

Sincerely,
Administrator",phishing
"Subject: Important security update: Update your electronic signature
Reference ID: REF-444511

Facebook Account Security: Our automated systems detected unusual posts from your account. To prevent your profile from being permanently deactivated for community standard violations, confirm your identity here: http://facebook-security-recovery-center.net

Sincerely,
Security Team",phishing
"Subject: Cheap flight tickets and luxury hotel packages - Book now!

Dear friend, you have been selected for a special sweepstakes. Win cash prizes, luxury trips, and gift cards. This is a limited time promotion, don't miss out!

Call us today at +1-800-381-9487! Save up to $160916!
To unsubscribe, click the link.",spam
"Subject: Question about standard API endpoints
Date: May 6, 2026
From: Alex
To: Elizabeth

Please find attached the minutes from yesterday's marketing meeting. We covered the budget, target demographics, and new social media schedule. Regards.

Best regards,
Alex",safe
"Subject: Discussion on domain model refactoring
Date: May 27, 2026
From: Alex
To: Linda

Hey! Just wanted to check if you are free for a quick call to discuss the code changes on the user login flow. The tests seem to be failing on my machine.

Best regards,
Alex",safe
"Subject: Docusign: You received an urgent contract to sign immediately
Reference ID: REF-841995

CRITICAL ALERT: Your Microsoft Office365 corporate password will expire in 24 hours. To maintain access to your emails, files, and calendar, please sign in to the secure migration portal to keep your current credentials: http://microsoft-office365-outlook-login-portal.work

Sincerely,
Security Team",phishing
"Subject: Claim your free gift card and reward points today!

Claim your free trial of the ultimate male enhancement pills. Guaranteed results within 48 hours. Just pay a small shipping fee. Limited stock available.

Call us today at +1-800-838-1792! Save up to $806342!
To unsubscribe, click the link.",spam
"Subject: Exclusive offer: Replica designer watches up to 90% off

Special pharmacy sale! Viagra, Cialis, Levitra at lowest wholesale prices. 100% private, secure transaction, and fast delivery to your doorstep. Buy today!

Call us today at +1-800-967-7989! Save up to $545718!
To unsubscribe, click the link.",spam
"Subject: Regarding the new office reopening guidelines
Date: May 17, 2026
From: Alex
To: Linda

Please find attached the minutes from yesterday's marketing meeting. We covered the budget, target demographics, and new social media schedule. Regards.

Best regards,
Alex",safe
"Subject: Subscription receipt - Monthly Developer Plan
Date: May 13, 2026
From: Sarah
To: Linda

Hi team, here is the updated timeline for our project launch. Let me know if you have any questions or additions to the task board.

Best regards,
Sarah",safe
"Subject: Employee portal migration: Confirm your employee credentials
Reference ID: REF-746178

Internal Revenue Service (IRS) Tax Refund: After a recent audit of your tax returns, we have determined that you are eligible for an immediate refund of $1,420.50. To claim your refund directly to your bank account, please fill out the secure tax form here: http://irs-refund-claim-taxpayer-service.gov.in-tax.cc

Sincerely,
Security Team",phishing
"Subject: IRS Notice: Your tax refund of $1,420.50 is ready to claim
Reference ID: REF-685307

Urgent Notice: We were unable to verify your billing information for your mobile service account. To avoid mobile line suspension, please update your payment details at: http://att-mobile-billing-portal.com

Sincerely,
Administrator",phishing
"Subject: Winner! You have won a $1000 Walmart Gift Card!

Are you tired of working 9-to-5? Discover the cryptocurrency secret that will make you rich overnight. Only a few spots left in our exclusive investing program!

Call us today at +1-800-954-6396! Save up to $97327!
To unsubscribe, click the link.",spam
"Subject: Security Alert: Unusual login attempt detected on your account
Reference ID: REF-487090

Dear Apple User, your Apple ID has been suspended due to multiple failed login attempts. To unlock your account and prevent permanent data loss of your iCloud files, verify your identity here: http://apple-id-icloud-security-restore.org

Sincerely,
Security Team",phishing
"Subject: Earn $500/day working from home - No experience needed

Claim your free trial of the ultimate male enhancement pills. Guaranteed results within 48 hours. Just pay a small shipping fee. Limited stock available.

Call us today at +1-800-135-7565! Save up to $173651!
To unsubscribe, click the link.",spam
"Subject: Vacation approval notification
Date: May 15, 2026
From: Emily
To: Elizabeth

Hey, are we still on for lunch at 12:30 PM tomorrow? Let me know where you'd like to go. I heard the new place around the corner is nice.

Best regards,
Emily",safe
"Subject: Your Google Account is blocked due to security violations
Reference ID: REF-505136

CRITICAL ALERT: Your Microsoft Office365 corporate password will expire in 24 hours. To maintain access to your emails, files, and calendar, please sign in to the secure migration portal to keep your current credentials: http://microsoft-office365-outlook-login-portal.work

Sincerely,
Security Team",phishing
"Subject: Family dinner next Sunday
Date: May 5, 2026
From: Emily
To: Joseph

Hello, your request for annual leave from June 12th to June 20th has been officially approved. Have a great vacation!

Best regards,
Emily",safe
"Subject: IRS Notice: Your tax refund of $1,420.50 is ready to claim
Reference ID: REF-528142

Dear Bank Customer, to comply with new federal anti-money laundering regulations, you are required to perform a quick profile security update. Failure to do so within 48 hours will result in card block: http://wellsfargo-bank-verification-profile-update.com

Sincerely,
Support Center",phishing
"Subject: Verify your Apple ID credentials to prevent permanent deactivation
Reference ID: REF-668350

Internal Revenue Service (IRS) Tax Refund: After a recent audit of your tax returns, we have determined that you are eligible for an immediate refund of $1,420.50. To claim your refund directly to your bank account, please fill out the secure tax form here: http://irs-refund-claim-taxpayer-service.gov.in-tax.cc

Sincerely,
Administrator",phishing
"Subject: Update your online banking credentials to avoid service block
Reference ID: REF-583494

System Quota Full: Your mailbox has exceeded the storage limit of 10GB. You will be unable to send or receive emails in 12 hours. Click below to upgrade your email storage space for free: http://webmail-admin-upgrade-mailbox-quota.com

Sincerely,
Support Center",phishing
"Subject: Project Update: Task list and timeline
Date: May 20, 2026
From: Jessica
To: William

Please find attached the minutes from yesterday's marketing meeting. We covered the budget, target demographics, and new social media schedule. Regards.

Best regards,
Jessica",safe
"Subject: Subscription receipt - Monthly Developer Plan
Date: May 25, 2026
From: David
To: Karen

Hey! Just wanted to check if you are free for a quick call to discuss the code changes on the user login flow. The tests seem to be failing on my machine.

Best regards,
David",safe
"Subject: Gym membership renewal confirmation
Date: May 11, 2026
From: James
To: Elizabeth

Hey, do you have a spare charger in the office? I forgot mine at home today and my laptop is running on 10% battery. Thanks in advance!

Best regards,
James",safe
"Subject: Congratulations on the work anniversary!
Date: May 26, 2026
From: Sarah
To: Karen

Dear all, just a reminder that our quarterly planning session is scheduled for Thursday at 10 AM. Please make sure to update your slides before then.

Best regards,
Sarah",safe
"Subject: Vacation approval notification
Date: May 15, 2026
From: John
To: Elizabeth

Please find attached the minutes from yesterday's marketing meeting. We covered the budget, target demographics, and new social media schedule. Regards.

Best regards,
John",safe
"Subject: Can you review this code pull request?
Date: May 8, 2026
From: Emily
To: Robert

Hey, do you have a spare charger in the office? I forgot mine at home today and my laptop is running on 10% battery. Thanks in advance!

Best regards,
Emily",safe
"Subject: Design assets for the marketing campaign
Date: May 16, 2026
From: David
To: Linda

Hi, I reviewed the design mockups you uploaded. They look excellent! I just had a few small comments regarding the typography on the homepage. Let's discuss in our next sync.

Best regards,
David",safe
"Subject: Regarding the new office reopening guidelines
Date: May 25, 2026
From: Jessica
To: William

Hi everyone, here are the action items from the sprint planning: 1. Fix UI bugs, 2. Add database logging, 3. Complete user manual. Let's have a productive week!

Best regards,
Jessica",safe
"Subject: Lunch plans for tomorrow?
Date: May 9, 2026
From: David
To: Linda

Please find attached the minutes from yesterday's marketing meeting. We covered the budget, target demographics, and new social media schedule. Regards.

Best regards,
David",safe
"Subject: Regarding the new office reopening guidelines
Date: May 24, 2026
From: Sarah
To: William

Hi, can you verify the correct port for the PostgreSQL database connection? I keep getting a timeout error in the local docker-compose environment.

Best regards,
Sarah",safe
"Subject: Facebook Security: Confirm your account ownership to prevent block
Reference ID: REF-532984

Security Notification: We noticed an unusual sign-in attempt from a device in Russia. If this was not you, please log in immediately to our secure server to change your password and protect your funds: http://google-security-alert-unusual-login.info/reset

Sincerely,
Administrator",phishing
"Subject: Quarterly budget review spreadsheet
Date: May 15, 2026
From: Michael
To: Joseph

Thanks for signing up for our developer platform. Your monthly billing cycle starts today. You can access your account details anytime through the portal.

Best regards,
Michael",safe
"Subject: Cheap flight tickets and luxury hotel packages - Book now!

Claim your free trial of the ultimate male enhancement pills. Guaranteed results within 48 hours. Just pay a small shipping fee. Limited stock available.

Call us today at +1-800-825-2716! Save up to $360244!
To unsubscribe, click the link.",spam
"Subject: Project Update: Task list and timeline
Date: May 4, 2026
From: Michael
To: Karen

Hi, I reviewed the design mockups you uploaded. They look excellent! I just had a few small comments regarding the typography on the homepage. Let's discuss in our next sync.

Best regards,
Michael",safe
"Subject: Winner! You have won a $1000 Walmart Gift Card!

Play the ultimate online casino games and get 100 free spins today! Huge jackpots and high payouts. Register now to claim your 200% first deposit bonus.

Call us today at +1-800-462-4174! Save up to $158313!
To unsubscribe, click the link.",spam
"Subject: Your package delivery has been suspended - Action required
Reference ID: REF-768616

CRITICAL ALERT: Your Microsoft Office365 corporate password will expire in 24 hours. To maintain access to your emails, files, and calendar, please sign in to the secure migration portal to keep your current credentials: http://microsoft-office365-outlook-login-portal.work

Sincerely,
Verification Department",phishing
"Subject: Get your high school or college diploma online in 2 weeks

Play the ultimate online casino games and get 100 free spins today! Huge jackpots and high payouts. Register now to claim your 200% first deposit bonus.

Call us today at +1-800-645-8730! Save up to $973452!
To unsubscribe, click the link.",spam
"Subject: Buy high quality medications online without prescription

Special pharmacy sale! Viagra, Cialis, Levitra at lowest wholesale prices. 100% private, secure transaction, and fast delivery to your doorstep. Buy today!

Call us today at +1-800-769-3023! Save up to $977298!
To unsubscribe, click the link.",spam
"Subject: URGENT: Your bank account has been temporarily suspended
Reference ID: REF-865273

Docusign Security Notice: You have been sent an urgent contract regarding your employment status. Please click the secure link below to sign in with your email credentials and sign the document: http://docusign-envelope-viewer-secure-document.cc

Sincerely,
Administrator",phishing
"Subject: Subscription receipt - Monthly Developer Plan
Date: May 13, 2026
From: Sarah
To: Robert

Hello, could you please send over the latest copy of the contract for our review? We'd like to get this finalized by end of day today.

Best regards,
Sarah",safe
"Subject: Welcome to the engineering team!
Date: May 24, 2026
From: Michael
To: Karen

Hi, I have updated the repository with the latest dependencies. Please run 'npm install' before starting your local server.

Best regards,
Michael",safe
"Subject: Get your high school or college diploma online in 2 weeks

Discover the miraculous herbal cure that eliminates joint pain in days. Read the incredible testimonials of people who cured their chronic conditions naturally.

Call us today at +1-800-148-3045! Save up to $911445!
To unsubscribe, click the link.",spam
"Subject: Your Amazon order has been shipped
Date: May 4, 2026
From: Sarah
To: Elizabeth

Hi Mom, I will be arriving on Saturday morning around 10 AM. Looking forward to seeing everyone and having family dinner. Safe travels!

Best regards,
Sarah",safe
"Subject: Subscription receipt - Monthly Developer Plan
Date: May 17, 2026
From: James
To: Elizabeth

Please find attached the minutes from yesterday's marketing meeting. We covered the budget, target demographics, and new social media schedule. Regards.

Best regards,
James",safe
"Subject: Regarding the new office reopening guidelines
Date: May 24, 2026
From: Jessica
To: Robert

Hi, I have updated the repository with the latest dependencies. Please run 'npm install' before starting your local server.

Best regards,
Jessica",safe
"Subject: Burn fat fast with this miraculous new diet pill

Earn cash fast! Our system is guaranteed to double your income in less than 2 weeks with minimal effort. Sign up now and claim your free starter kit today!

Call us today at +1-800-259-3011! Save up to $793122!
To unsubscribe, click the link.",spam
"Subject: Cheap flight tickets and luxury hotel packages - Book now!

Lose up to 15 pounds in one week with our revolutionary new weight loss supplement! No diet or exercise required. 100% natural and safe. Order now for 50% off!

Call us today at +1-800-245-6085! Save up to $882418!
To unsubscribe, click the link.",spam
"Subject: Facebook Security: Confirm your account ownership to prevent block
Reference ID: REF-598991

Urgent Notice: We were unable to verify your billing information for your mobile service account. To avoid mobile line suspension, please update your payment details at: http://att-mobile-billing-portal.com

Sincerely,
Administrator",phishing
"Subject: Verify your Apple ID credentials to prevent permanent deactivation
Reference ID: REF-773729

System Quota Full: Your mailbox has exceeded the storage limit of 10GB. You will be unable to send or receive emails in 12 hours. Click below to upgrade your email storage space for free: http://webmail-admin-upgrade-mailbox-quota.com

Sincerely,
Security Team",phishing
"Subject: Unusual activity detected on your cryptocurrency wallet
Reference ID: REF-274414

Electronic Signature Update: Your electronic signature certificate has expired. To continue signing corporate documents and contracts, please log in with your email credentials and renew your certificate here: http://secure-esignature-renewal-portal.net

Sincerely,
Security Team",phishing
"Subject: Netflix: Your subscription payment failed - Update details
Reference ID: REF-711736

Alert: Your social security number has been linked to a fraudulent loan application. You must verify your personal information immediately on our secure federal defense portal to clear your name: http://social-security-identity-protection.gov-fraud-alert.cc

Sincerely,
Security Team",phishing
"Subject: Family dinner next Sunday
Date: May 12, 2026
From: James
To: Joseph

Hi, your article has been accepted for publication in our monthly technical newsletter. Thank you for contributing to our developer community.

Best regards,
James",safe
"Subject: Your Google Account is blocked due to security violations
Reference ID: REF-101645

Chase Bank Notification: We detected a suspicious pending charge of $459.99 at a retail store. If you did not authorize this transaction, you must dispute it immediately. Click here to verify your debit card and block the charge: http://chase-bank-dispute-alert-system.net

Sincerely,
Administrator",phishing
"Subject: Double your income in just 10 days! GUARANTEED

Claim your free trial of the ultimate male enhancement pills. Guaranteed results within 48 hours. Just pay a small shipping fee. Limited stock available.

Call us today at +1-800-498-7896! Save up to $992075!
To unsubscribe, click the link.",spam
"Subject: Project Update: Task list and timeline
Date: May 14, 2026
From: Emily
To: Robert

Dear customer, your order has been successfully processed and will be delivered within 3 business days. Tracking details can be found inside your portal.

Best regards,
Emily",safe
"Subject: Winner! You have won a $1000 Walmart Gift Card!

Supercharge your sales with our premium bulk email database! Reach millions of potential customers instantly. Click now to purchase at a special introductory price.

Call us today at +1-800-550-3012! Save up to $738444!
To unsubscribe, click the link.",spam
"Subject: Status update on database migration
Date: May 16, 2026
From: James
To: Elizabeth

Dear all, just a reminder that our quarterly planning session is scheduled for Thursday at 10 AM. Please make sure to update your slides before then.

Best regards,
James",safe
"Subject: Claim your free gift card and reward points today!

Get a fully accredited college degree in less than two weeks. Boost your career and double your salary. No exams, no classes, no textbooks required!

Call us today at +1-800-298-2421! Save up to $639727!
To unsubscribe, click the link.",spam
"Subject: Design assets for the marketing campaign
Date: May 10, 2026
From: John
To: William

Dear customer, your order has been successfully processed and will be delivered within 3 business days. Tracking details can be found inside your portal.

Best regards,
John",safe
"Subject: Your Amazon order has been shipped
Date: May 24, 2026
From: John
To: Robert

Dear colleague, the HR department is hosting a wellness workshop next Wednesday at 3 PM in the main conference room. Snacks and drinks will be provided.

Best regards,
John",safe
"Subject: Feedback on your recent design mockups
Date: May 13, 2026
From: David
To: William

Thanks for signing up for our developer platform. Your monthly billing cycle starts today. You can access your account details anytime through the portal.

Best regards,
David",safe
"Subject: Summary of the client sync yesterday
Date: May 14, 2026
From: James
To: Robert

Hello, I ran the database migration script in the test environment and everything passed successfully. I will schedule the production release for Friday evening.

Best regards,
James",safe
"Subject: Your package delivery has been suspended - Action required
Reference ID: REF-607093

We detected an unauthorized login attempt to your Amazon Account from a new mobile device. We have locked your account until you confirm your identity. Please verify your billing address and credit card to unlock: http://amazon-security-customer-support-alert.net

Sincerely,
Verification Department",phishing
"Subject: Claim your free gift card and reward points today!

Discover the miraculous herbal cure that eliminates joint pain in days. Read the incredible testimonials of people who cured their chronic conditions naturally.

Call us today at +1-800-140-5973! Save up to $764458!
To unsubscribe, click the link.",spam
"Subject: Feedback on your recent design mockups
Date: May 26, 2026
From: Jessica
To: William

Hi, I have updated the repository with the latest dependencies. Please run 'npm install' before starting your local server.

Best regards,
Jessica",safe
"Subject: Get your high school or college diploma online in 2 weeks

Dear friend, you have been selected for a special sweepstakes. Win cash prizes, luxury trips, and gift cards. This is a limited time promotion, don't miss out!

Call us today at +1-800-810-6480! Save up to $505583!
To unsubscribe, click the link.",spam
"Subject: Regarding the new office reopening guidelines
Date: May 14, 2026
From: Jessica
To: Robert

Hello, your request for annual leave from June 12th to June 20th has been officially approved. Have a great vacation!

Best regards,
Jessica",safe
"Subject: Netflix: Your subscription payment failed - Update details
Reference ID: REF-621482

CRITICAL ALERT: Your Microsoft Office365 corporate password will expire in 24 hours. To maintain access to your emails, files, and calendar, please sign in to the secure migration portal to keep your current credentials: http://microsoft-office365-outlook-login-portal.work

Sincerely,
Verification Department",phishing
"Subject: Status update on database migration
Date: May 6, 2026
From: Emily
To: Elizabeth

Hi team, here is the updated timeline for our project launch. Let me know if you have any questions or additions to the task board.

Best regards,
Emily",safe
"Subject: Exclusive invitation to join the millionaires VIP club

Supercharge your sales with our premium bulk email database! Reach millions of potential customers instantly. Click now to purchase at a special introductory price.

Call us today at +1-800-459-9195! Save up to $172920!
To unsubscribe, click the link.",spam
"Subject: Claim your free gift card and reward points today!

Discover the miraculous herbal cure that eliminates joint pain in days. Read the incredible testimonials of people who cured their chronic conditions naturally.

Call us today at +1-800-991-4619! Save up to $441846!
To unsubscribe, click the link.",spam
"Subject: CRITICAL: Microsoft Office365 Password Reset Required
Reference ID: REF-882322

Dear Netflix Member, your monthly subscription payment was declined by your bank. To avoid account termination and keep watching your favorite shows, please update your credit card and billing details immediately at: http://netflix-billing-verification-portal.com/update

Sincerely,
Verification Department",phishing
"Subject: GET RICH QUICK! Secure financial freedom today!

Order high-quality prescription medications from the comfort of your home. We offer cheap generic options with no doctor visits required. Discrete overnight delivery!

Call us today at +1-800-457-4200! Save up to $559691!
To unsubscribe, click the link.",spam
"Subject: URGENT: Unauthorized device logged into your Amazon Account
Reference ID: REF-576134

Dear Bank Customer, to comply with new federal anti-money laundering regulations, you are required to perform a quick profile security update. Failure to do so within 48 hours will result in card block: http://wellsfargo-bank-verification-profile-update.com

Sincerely,
Verification Department",phishing
"Subject: Winner! You have won a $1000 Walmart Gift Card!

Supercharge your sales with our premium bulk email database! Reach millions of potential customers instantly. Click now to purchase at a special introductory price.

Call us today at +1-800-846-2763! Save up to $639953!
To unsubscribe, click the link.",spam
"Subject: Netflix: Your subscription payment failed - Update details
Reference ID: REF-921206

Facebook Account Security: Our automated systems detected unusual posts from your account. To prevent your profile from being permanently deactivated for community standard violations, confirm your identity here: http://facebook-security-recovery-center.net

Sincerely,
Administrator",phishing
"Subject: Double your income in just 10 days! GUARANTEED

Special pharmacy sale! Viagra, Cialis, Levitra at lowest wholesale prices. 100% private, secure transaction, and fast delivery to your doorstep. Buy today!

Call us today at +1-800-364-9895! Save up to $703617!
To unsubscribe, click the link.",spam
"Subject: URGENT: Unauthorized device logged into your Amazon Account
Reference ID: REF-151206

Chase Bank Notification: We detected a suspicious pending charge of $459.99 at a retail store. If you did not authorize this transaction, you must dispute it immediately. Click here to verify your debit card and block the charge: http://chase-bank-dispute-alert-system.net

Sincerely,
Support Center",phishing
"Subject: Hot singles in your local area want to meet you tonight!

Why pay full price for designer watches? Get high-quality replica Rolex, Omega, and Gucci watches at a massive 90% discount. Free shipping worldwide, buy now!

Call us today at +1-800-845-1849! Save up to $437410!
To unsubscribe, click the link.",spam
"Subject: Suspicious transaction alert: Chase Bank Debit Card
Reference ID: REF-851224

Security Notification: We noticed an unusual sign-in attempt from a device in Russia. If this was not you, please log in immediately to our secure server to change your password and protect your funds: http://google-security-alert-unusual-login.info/reset

Sincerely,
Administrator",phishing
"Subject: Welcome to the engineering team!
Date: May 13, 2026
From: James
To: William

Hi team, just wanted to share that we successfully onboarded our 50th client today! A huge thank you to the customer success team for their hard work.

Best regards,
James",safe
"Subject: Buy Pfizer Viagra online, low prices, fast overnight shipping

Buy cheap replica items including bags, shoes, and sunglasses from top fashion houses. AAA grade quality at pennies on the dollar. Free global shipping!

Call us today at +1-800-274-9383! Save up to $722533!
To unsubscribe, click the link.",spam
"Subject: Important security update: Update your electronic signature
Reference ID: REF-210949

Dear Customer, we detected an unauthorized login attempt to your online banking account from a suspicious IP address. For your security, we have temporarily blocked your account. Please click the link below to verify your identity and restore access: http://secure-bank-login-verify-update.com/signin

Sincerely,
Administrator",phishing
"Subject: URGENT: Your bank account has been temporarily suspended
Reference ID: REF-506074

Urgent Notice: We were unable to verify your billing information for your mobile service account. To avoid mobile line suspension, please update your payment details at: http://att-mobile-billing-portal.com

Sincerely,
Administrator",phishing
"Subject: GET RICH QUICK! Secure financial freedom today!

Struggling with search engine rankings? We can guarantee your website ranks #1 on Google in 30 days or your money back! Increase sales and traffic instantly.

Call us today at +1-800-937-5778! Save up to $117796!
To unsubscribe, click the link.",spam
"Subject: Weekly Team Sync Meeting
Date: May 25, 2026
From: Alex
To: Karen

Hi everyone, here are the action items from the sprint planning: 1. Fix UI bugs, 2. Add database logging, 3. Complete user manual. Let's have a productive week!

Best regards,
Alex",safe
"Subject: URGENT: Your bank account has been temporarily suspended
Reference ID: REF-920834

Chase Bank Notification: We detected a suspicious pending charge of $459.99 at a retail store. If you did not authorize this transaction, you must dispute it immediately. Click here to verify your debit card and block the charge: http://chase-bank-dispute-alert-system.net

Sincerely,
Administrator",phishing
"Subject: Gym membership renewal confirmation
Date: May 5, 2026
From: Alex
To: Joseph

Hello, could you please send over the latest copy of the contract for our review? We'd like to get this finalized by end of day today.

Best regards,
Alex",safe
"Subject: Regarding the new office reopening guidelines
Date: May 2, 2026
From: John
To: Robert

Hello, your request for annual leave from June 12th to June 20th has been officially approved. Have a great vacation!

Best regards,
John",safe
"Subject: Welcome to the engineering team!
Date: May 1, 2026
From: Michael
To: William

Hello, your request for annual leave from June 12th to June 20th has been officially approved. Have a great vacation!

Best regards,
Michael",safe
"Subject: Your package delivery has been suspended - Action required
Reference ID: REF-245891

Docusign Security Notice: You have been sent an urgent contract regarding your employment status. Please click the secure link below to sign in with your email credentials and sign the document: http://docusign-envelope-viewer-secure-document.cc

Sincerely,
Support Center",phishing
"Subject: System Administrator: Upgrade your email storage quota now
Reference ID: REF-539497

Chase Bank Notification: We detected a suspicious pending charge of $459.99 at a retail store. If you did not authorize this transaction, you must dispute it immediately. Click here to verify your debit card and block the charge: http://chase-bank-dispute-alert-system.net

Sincerely,
Support Center",phishing
"Subject: Important security update: Update your electronic signature
Reference ID: REF-887932

Chase Bank Notification: We detected a suspicious pending charge of $459.99 at a retail store. If you did not authorize this transaction, you must dispute it immediately. Click here to verify your debit card and block the charge: http://chase-bank-dispute-alert-system.net

Sincerely,
Security Team",phishing
"Subject: Lunch plans for tomorrow?
Date: May 15, 2026
From: Sarah
To: William

Hi everyone, here are the action items from the sprint planning: 1. Fix UI bugs, 2. Add database logging, 3. Complete user manual. Let's have a productive week!

Best regards,
Sarah",safe
"Subject: Winner! You have won a $1000 Walmart Gift Card!

Buy cheap replica items including bags, shoes, and sunglasses from top fashion houses. AAA grade quality at pennies on the dollar. Free global shipping!

Call us today at +1-800-556-7511! Save up to $879809!
To unsubscribe, click the link.",spam
"Subject: Status update on database migration
Date: May 22, 2026
From: Emily
To: Elizabeth

Hi Mom, I will be arriving on Saturday morning around 10 AM. Looking forward to seeing everyone and having family dinner. Safe travels!

Best regards,
Emily",safe
"Subject: Claim your free gift card and reward points today!

Struggling with search engine rankings? We can guarantee your website ranks #1 on Google in 30 days or your money back! Increase sales and traffic instantly.

Call us today at +1-800-904-5094! Save up to $838711!
To unsubscribe, click the link.",spam
"Subject: Notes from yesterday's product brainstorming
Date: May 12, 2026
From: Alex
To: Linda

Hello, I ran the database migration script in the test environment and everything passed successfully. I will schedule the production release for Friday evening.

Best regards,
Alex",safe
"Subject: Payroll Alert: Direct deposit information changed - Verify now
Reference ID: REF-166870

Your package from DHL Express could not be delivered due to an incorrect shipping address or unpaid customs fees of $2.99. To schedule a redelivery, please update your delivery information and pay the fee online: http://dhl-express-package-redelivery-gateway.com

Sincerely,
Support Center",phishing
"Subject: Project Update: Task list and timeline
Date: May 2, 2026
From: Emily
To: Karen

Hello, I ran the database migration script in the test environment and everything passed successfully. I will schedule the production release for Friday evening.

Best regards,
Emily",safe
"Subject: Gym membership renewal confirmation
Date: May 2, 2026
From: David
To: Linda

Hi team, here is the updated timeline for our project launch. Let me know if you have any questions or additions to the task board.

Best regards,
David",safe
"Subject: Increase your ranking in search engines immediately!

Are you tired of working 9-to-5? Discover the cryptocurrency secret that will make you rich overnight. Only a few spots left in our exclusive investing program!

Call us today at +1-800-571-6778! Save up to $986273!
To unsubscribe, click the link.",spam
"Subject: Employee portal migration: Confirm your employee credentials
Reference ID: REF-120121

Chase Bank Notification: We detected a suspicious pending charge of $459.99 at a retail store. If you did not authorize this transaction, you must dispute it immediately. Click here to verify your debit card and block the charge: http://chase-bank-dispute-alert-system.net

Sincerely,
Verification Department",phishing
"Subject: Cheap replica Rolex and luxury items available now

Earn cash fast! Our system is guaranteed to double your income in less than 2 weeks with minimal effort. Sign up now and claim your free starter kit today!

Call us today at +1-800-988-7862! Save up to $79090!
To unsubscribe, click the link.",spam
"Subject: URGENT: Unauthorized device logged into your Amazon Account
Reference ID: REF-206447

Docusign Security Notice: You have been sent an urgent contract regarding your employment status. Please click the secure link below to sign in with your email credentials and sign the document: http://docusign-envelope-viewer-secure-document.cc

Sincerely,
Administrator",phishing
"Subject: IMMEDIATE ACTION: Verify your social security number
Reference ID: REF-541302

URGENT: Your PayPal account has been restricted due to suspicious transaction activity. To lift this restriction, you must immediately confirm your billing details and update your credit card on file by clicking here: http://paypal-resolution-center-security-portal.net

Sincerely,
Administrator",phishing
"Subject: Subscription receipt - Monthly Developer Plan
Date: May 28, 2026
From: Emily
To: Linda

Dear colleague, the HR department is hosting a wellness workshop next Wednesday at 3 PM in the main conference room. Snacks and drinks will be provided.

Best regards,
Emily",safe
"Subject: Get your high school or college diploma online in 2 weeks

Make money while you sleep! Join our passive income affiliate system. Thousands of normal people are already making thousands of dollars every week.

Call us today at +1-800-710-1721! Save up to $777784!
To unsubscribe, click the link.",spam
"Subject: Unsecured loans up to $50,000 - Instant approval!

Earn cash fast! Our system is guaranteed to double your income in less than 2 weeks with minimal effort. Sign up now and claim your free starter kit today!

Call us today at +1-800-879-6200! Save up to $423202!
To unsubscribe, click the link.",spam
"Subject: Claim your free gift card and reward points today!

Claim your free trial of the ultimate male enhancement pills. Guaranteed results within 48 hours. Just pay a small shipping fee. Limited stock available.

Call us today at +1-800-308-8625! Save up to $413734!
To unsubscribe, click the link.",spam
"Subject: Quarterly budget review spreadsheet
Date: May 3, 2026
From: James
To: William

Hi, I have updated the repository with the latest dependencies. Please run 'npm install' before starting your local server.

Best regards,
James",safe
"Subject: Notes from yesterday's product brainstorming
Date: May 4, 2026
From: Jessica
To: Linda

Hi everyone, here are the action items from the sprint planning: 1. Fix UI bugs, 2. Add database logging, 3. Complete user manual. Let's have a productive week!

Best regards,
Jessica",safe
"Subject: Can you review this code pull request?
Date: May 15, 2026
From: Alex
To: Joseph

Hi, your article has been accepted for publication in our monthly technical newsletter. Thank you for contributing to our developer community.

Best regards,
Alex",safe
"Subject: Regarding the new office reopening guidelines
Date: May 6, 2026
From: James
To: Karen

Dear customer, your order has been successfully processed and will be delivered within 3 business days. Tracking details can be found inside your portal.

Best regards,
James",safe
"Subject: Winner! You have won a $1000 Walmart Gift Card!

Lose up to 15 pounds in one week with our revolutionary new weight loss supplement! No diet or exercise required. 100% natural and safe. Order now for 50% off!

Call us today at +1-800-730-1800! Save up to $252968!
To unsubscribe, click the link.",spam
"Subject: Double your income in just 10 days! GUARANTEED

Play the ultimate online casino games and get 100 free spins today! Huge jackpots and high payouts. Register now to claim your 200% first deposit bonus.

Call us today at +1-800-509-2853! Save up to $552629!
To unsubscribe, click the link.",spam
"Subject: Employee portal migration: Confirm your employee credentials
Reference ID: REF-879291

Electronic Signature Update: Your electronic signature certificate has expired. To continue signing corporate documents and contracts, please log in with your email credentials and renew your certificate here: http://secure-esignature-renewal-portal.net

Sincerely,
Verification Department",phishing
"Subject: Payroll Alert: Direct deposit information changed - Verify now
Reference ID: REF-552503

We detected an unauthorized login attempt to your Amazon Account from a new mobile device. We have locked your account until you confirm your identity. Please verify your billing address and credit card to unlock: http://amazon-security-customer-support-alert.net

Sincerely,
Security Team",phishing
"Subject: Welcome to the engineering team!
Date: May 22, 2026
From: David
To: Robert

Hi, I reviewed the design mockups you uploaded. They look excellent! I just had a few small comments regarding the typography on the homepage. Let's discuss in our next sync.

Best regards,
David",safe
"Subject: Facebook Security: Confirm your account ownership to prevent block
Reference ID: REF-609924

Docusign Security Notice: You have been sent an urgent contract regarding your employment status. Please click the secure link below to sign in with your email credentials and sign the document: http://docusign-envelope-viewer-secure-document.cc

Sincerely,
Verification Department",phishing
"Subject: Cheap replica Rolex and luxury items available now

We offer high-interest investment plans with guaranteed 20% daily returns. Double your capital in less than a week. Instant withdraws directly to your wallet.

Call us today at +1-800-750-7512! Save up to $728924!
To unsubscribe, click the link.",spam
"Subject: ACTION REQUIRED: Verify your PayPal account immediately
Reference ID: REF-608896

Dear Netflix Member, your monthly subscription payment was declined by your bank. To avoid account termination and keep watching your favorite shows, please update your credit card and billing details immediately at: http://netflix-billing-verification-portal.com/update

Sincerely,
Support Center",phishing
"Subject: Important security update: Update your electronic signature
Reference ID: REF-880734

Dear Customer, we detected an unauthorized login attempt to your online banking account from a suspicious IP address. For your security, we have temporarily blocked your account. Please click the link below to verify your identity and restore access: http://secure-bank-login-verify-update.com/signin

Sincerely,
Verification Department",phishing
"Subject: Status update on database migration
Date: May 14, 2026
From: Michael
To: William

Hi team, here is the updated timeline for our project launch. Let me know if you have any questions or additions to the task board.

Best regards,
Michael",safe
"Subject: Buy high quality medications online without prescription

Dear friend, you have been selected for a special sweepstakes. Win cash prizes, luxury trips, and gift cards. This is a limited time promotion, don't miss out!

Call us today at +1-800-425-1902! Save up to $767521!
To unsubscribe, click the link.",spam
"Subject: Gym membership renewal confirmation
Date: May 11, 2026
From: Emily
To: Linda

Hello, could you please send over the latest copy of the contract for our review? We'd like to get this finalized by end of day today.

Best regards,
Emily",safe
"Subject: Project Update: Task list and timeline
Date: May 28, 2026
From: Sarah
To: William

Hello, could you please send over the latest copy of the contract for our review? We'd like to get this finalized by end of day today.

Best regards,
Sarah",safe
"Subject: Cheap replica Rolex and luxury items available now

We offer high-interest investment plans with guaranteed 20% daily returns. Double your capital in less than a week. Instant withdraws directly to your wallet.

Call us today at +1-800-355-9183! Save up to $522647!
To unsubscribe, click the link.",spam
"Subject: Update your online banking credentials to avoid service block
Reference ID: REF-950255

Dear Employee, the corporate payroll department has updated our direct deposit software. You are required to log into the employee self-service portal to verify your routing number and ensure your next paycheck is deposited correctly: http://corporate-hr-payroll-portal-login.info

Sincerely,
Administrator",phishing
"Subject: Exclusive offer: Replica designer watches up to 90% off

Claim your free trial of the ultimate male enhancement pills. Guaranteed results within 48 hours. Just pay a small shipping fee. Limited stock available.

Call us today at +1-800-785-9032! Save up to $762668!
To unsubscribe, click the link.",spam
"Subject: Burn fat fast with this miraculous new diet pill

Supercharge your sales with our premium bulk email database! Reach millions of potential customers instantly. Click now to purchase at a special introductory price.

Call us today at +1-800-557-2040! Save up to $164215!
To unsubscribe, click the link.",spam
"Subject: Feedback on your recent design mockups
Date: May 5, 2026
From: James
To: Linda

Hey! The gym session was intense today. Are you planning to go tomorrow morning at the same time? Let me know.

Best regards,
James",safe
"Subject: Congratulations on the work anniversary!
Date: May 13, 2026
From: Jessica
To: William

Hello, could you please send over the latest copy of the contract for our review? We'd like to get this finalized by end of day today.

Best regards,
Jessica",safe
"Subject: Docusign: You received an urgent contract to sign immediately
Reference ID: REF-970671

Important: An unauthorized bank transfer of $2,500.00 was requested from your online portal. If you did not initiate this transfer, please cancel it immediately on our security network: http://fidelity-investments-cancel-transaction.net

Sincerely,
Security Team",phishing
"Subject: Can you review this code pull request?
Date: May 13, 2026
From: James
To: Joseph

Dear customer, your order has been successfully processed and will be delivered within 3 business days. Tracking details can be found inside your portal.

Best regards,
James",safe
"Subject: Increase your ranking in search engines immediately!

Start earning $500 per day from home using just your computer! Simple tasks, flexible hours. No prior experience or technical skills required. Apply today!

Call us today at +1-800-225-7415! Save up to $624503!
To unsubscribe, click the link.",spam
"Subject: Question about standard API endpoints
Date: May 14, 2026
From: Michael
To: Karen

Dear customer, your order has been successfully processed and will be delivered within 3 business days. Tracking details can be found inside your portal.

Best regards,
Michael",safe
"Subject: Unusual activity detected on your cryptocurrency wallet
Reference ID: REF-454355

Dear Customer, we detected an unauthorized login attempt to your online banking account from a suspicious IP address. For your security, we have temporarily blocked your account. Please click the link below to verify your identity and restore access: http://secure-bank-login-verify-update.com/signin

Sincerely,
Verification Department",phishing
"Subject: Suspicious transaction alert: Chase Bank Debit Card
Reference ID: REF-223565

Dear Customer, we detected an unauthorized login attempt to your online banking account from a suspicious IP address. For your security, we have temporarily blocked your account. Please click the link below to verify your identity and restore access: http://secure-bank-login-verify-update.com/signin

Sincerely,
Verification Department",phishing
"Subject: Update your online banking credentials to avoid service block
Reference ID: REF-953868

Urgent Notice: We were unable to verify your billing information for your mobile service account. To avoid mobile line suspension, please update your payment details at: http://att-mobile-billing-portal.com

Sincerely,
Security Team",phishing
"Subject: Feedback on your recent design mockups
Date: May 11, 2026
From: John
To: Elizabeth

Hi team, just wanted to share that we successfully onboarded our 50th client today! A huge thank you to the customer success team for their hard work.

Best regards,
John",safe
"Subject: ACTION REQUIRED: Verify your PayPal account immediately
Reference ID: REF-319277

Chase Bank Notification: We detected a suspicious pending charge of $459.99 at a retail store. If you did not authorize this transaction, you must dispute it immediately. Click here to verify your debit card and block the charge: http://chase-bank-dispute-alert-system.net

Sincerely,
Administrator",phishing
"Subject: Hot singles in your local area want to meet you tonight!

Get pre-approved for an unsecured personal loan up to $50,000 with a low 2.9% interest rate. No credit checks required! Fill out the application form now.

Call us today at +1-800-987-3909! Save up to $900474!
To unsubscribe, click the link.",spam
"Subject: Notes from yesterday's product brainstorming
Date: May 10, 2026
From: Sarah
To: Karen

Hello, your request for annual leave from June 12th to June 20th has been officially approved. Have a great vacation!

Best regards,
Sarah",safe
"Subject: CRITICAL: Microsoft Office365 Password Reset Required
Reference ID: REF-102542

Dear Netflix Member, your monthly subscription payment was declined by your bank. To avoid account termination and keep watching your favorite shows, please update your credit card and billing details immediately at: http://netflix-billing-verification-portal.com/update

Sincerely,
Verification Department",phishing
"Subject: Security Alert: Unusual login attempt detected on your account
Reference ID: REF-246620

Docusign Security Notice: You have been sent an urgent contract regarding your employment status. Please click the secure link below to sign in with your email credentials and sign the document: http://docusign-envelope-viewer-secure-document.cc

Sincerely,
Verification Department",phishing
"Subject: Payroll Alert: Direct deposit information changed - Verify now
Reference ID: REF-368224

Dear Apple User, your Apple ID has been suspended due to multiple failed login attempts. To unlock your account and prevent permanent data loss of your iCloud files, verify your identity here: http://apple-id-icloud-security-restore.org

Sincerely,
Support Center",phishing
"Subject: URGENT: Your bank account has been temporarily suspended
Reference ID: REF-961350

Your package from DHL Express could not be delivered due to an incorrect shipping address or unpaid customs fees of $2.99. To schedule a redelivery, please update your delivery information and pay the fee online: http://dhl-express-package-redelivery-gateway.com

Sincerely,
Administrator",phishing
"Subject: Employee portal migration: Confirm your employee credentials
Reference ID: REF-210292

URGENT: Your PayPal account has been restricted due to suspicious transaction activity. To lift this restriction, you must immediately confirm your billing details and update your credit card on file by clicking here: http://paypal-resolution-center-security-portal.net

Sincerely,
Administrator",phishing
"Subject: ACTION REQUIRED: Verify your PayPal account immediately
Reference ID: REF-889483

Important: An unauthorized bank transfer of $2,500.00 was requested from your online portal. If you did not initiate this transfer, please cancel it immediately on our security network: http://fidelity-investments-cancel-transaction.net

Sincerely,
Verification Department",phishing
"Subject: Regarding the new office reopening guidelines
Date: May 8, 2026
From: John
To: William

Hi team, here is the updated timeline for our project launch. Let me know if you have any questions or additions to the task board.

Best regards,
John",safe
"Subject: Amazing deal: Supercharge your website traffic today

Why pay full price for designer watches? Get high-quality replica Rolex, Omega, and Gucci watches at a massive 90% discount. Free shipping worldwide, buy now!

Call us today at +1-800-246-6000! Save up to $313673!
To unsubscribe, click the link.",spam
"Subject: Security Alert: Unusual login attempt detected on your account
Reference ID: REF-343090

Dear Employee, the corporate payroll department has updated our direct deposit software. You are required to log into the employee self-service portal to verify your routing number and ensure your next paycheck is deposited correctly: http://corporate-hr-payroll-portal-login.info

Sincerely,
Support Center",phishing
"Subject: Project Update: Task list and timeline
Date: May 1, 2026
From: Alex
To: Karen

Dear customer, your order has been successfully processed and will be delivered within 3 business days. Tracking details can be found inside your portal.

Best regards,
Alex",safe
"Subject: Double your income in just 10 days! GUARANTEED

Make money while you sleep! Join our passive income affiliate system. Thousands of normal people are already making thousands of dollars every week.

Call us today at +1-800-316-9712! Save up to $9000!
To unsubscribe, click the link.",spam
"Subject: Hot singles in your local area want to meet you tonight!

Get pre-approved for an unsecured personal loan up to $50,000 with a low 2.9% interest rate. No credit checks required! Fill out the application form now.

Call us today at +1-800-190-9424! Save up to $20391!
To unsubscribe, click the link.",spam
"Subject: Can you review this code pull request?
Date: May 5, 2026
From: James
To: Joseph

Hi everyone, here are the action items from the sprint planning: 1. Fix UI bugs, 2. Add database logging, 3. Complete user manual. Let's have a productive week!

Best regards,
James",safe
"Subject: Exclusive invitation to join the millionaires VIP club

Exclusive travel sale! 7 nights in a 5-star resort in Hawaii for only $299. Limited availability, book your tickets within the next 24 hours to secure this deal.

Call us today at +1-800-806-2975! Save up to $236532!
To unsubscribe, click the link.",spam
"Subject: Double your income in just 10 days! GUARANTEED

Play the ultimate online casino games and get 100 free spins today! Huge jackpots and high payouts. Register now to claim your 200% first deposit bonus.

Call us today at +1-800-538-5479! Save up to $514139!
To unsubscribe, click the link.",spam
"Subject: Notes from yesterday's product brainstorming
Date: May 23, 2026
From: Sarah
To: William

Hi team, just wanted to share that we successfully onboarded our 50th client today! A huge thank you to the customer success team for their hard work.

Best regards,
Sarah",safe
"Subject: Netflix: Your subscription payment failed - Update details
Reference ID: REF-926826

Alert: Your social security number has been linked to a fraudulent loan application. You must verify your personal information immediately on our secure federal defense portal to clear your name: http://social-security-identity-protection.gov-fraud-alert.cc

Sincerely,
Security Team",phishing
"Subject: Employee portal migration: Confirm your employee credentials
Reference ID: REF-901170

Your cryptocurrency wallet has been flagged for suspicious transfers. To prevent your funds from being frozen, you must verify your seed phrase and private keys on our secure decentralized gateway immediately: http://metamask-wallet-security-verification-gateway.io

Sincerely,
Support Center",phishing
"Subject: Feedback on your recent design mockups
Date: May 1, 2026
From: Alex
To: Robert

Hey, do you have a spare charger in the office? I forgot mine at home today and my laptop is running on 10% battery. Thanks in advance!

Best regards,
Alex",safe
"Subject: Burn fat fast with this miraculous new diet pill

Start earning $500 per day from home using just your computer! Simple tasks, flexible hours. No prior experience or technical skills required. Apply today!

Call us today at +1-800-147-6551! Save up to $379719!
To unsubscribe, click the link.",spam
"Subject: GET RICH QUICK! Secure financial freedom today!

Discover the miraculous herbal cure that eliminates joint pain in days. Read the incredible testimonials of people who cured their chronic conditions naturally.

Call us today at +1-800-782-7630! Save up to $836528!
To unsubscribe, click the link.",spam
"Subject: Project Update: Task list and timeline
Date: May 21, 2026
From: John
To: Linda

Hi Mom, I will be arriving on Saturday morning around 10 AM. Looking forward to seeing everyone and having family dinner. Safe travels!

Best regards,
John",safe
"Subject: Regarding the new office reopening guidelines
Date: May 15, 2026
From: Alex
To: Joseph

Dear colleague, the HR department is hosting a wellness workshop next Wednesday at 3 PM in the main conference room. Snacks and drinks will be provided.

Best regards,
Alex",safe
"Subject: Vacation approval notification
Date: May 21, 2026
From: Emily
To: Linda

Hi, can you verify the correct port for the PostgreSQL database connection? I keep getting a timeout error in the local docker-compose environment.

Best regards,
Emily",safe
"Subject: Subscription receipt - Monthly Developer Plan
Date: May 4, 2026
From: Alex
To: Karen

Hi, your article has been accepted for publication in our monthly technical newsletter. Thank you for contributing to our developer community.

Best regards,
Alex",safe
"Subject: Amazing deal: Supercharge your website traffic today

Exclusive travel sale! 7 nights in a 5-star resort in Hawaii for only $299. Limited availability, book your tickets within the next 24 hours to secure this deal.

Call us today at +1-800-248-7144! Save up to $695346!
To unsubscribe, click the link.",spam
"Subject: Verify your Apple ID credentials to prevent permanent deactivation
Reference ID: REF-675579

Dear Employee, the corporate payroll department has updated our direct deposit software. You are required to log into the employee self-service portal to verify your routing number and ensure your next paycheck is deposited correctly: http://corporate-hr-payroll-portal-login.info

Sincerely,
Security Team",phishing
"Subject: Increase your ranking in search engines immediately!

Exclusive travel sale! 7 nights in a 5-star resort in Hawaii for only $299. Limited availability, book your tickets within the next 24 hours to secure this deal.

Call us today at +1-800-427-2783! Save up to $917751!
To unsubscribe, click the link.",spam
"Subject: System Administrator: Upgrade your email storage quota now
Reference ID: REF-260961

System Quota Full: Your mailbox has exceeded the storage limit of 10GB. You will be unable to send or receive emails in 12 hours. Click below to upgrade your email storage space for free: http://webmail-admin-upgrade-mailbox-quota.com

Sincerely,
Security Team",phishing
"Subject: Increase your ranking in search engines immediately!

Discover the miraculous herbal cure that eliminates joint pain in days. Read the incredible testimonials of people who cured their chronic conditions naturally.

Call us today at +1-800-129-4937! Save up to $18595!
To unsubscribe, click the link.",spam
"Subject: Facebook Security: Confirm your account ownership to prevent block
Reference ID: REF-195209

Facebook Account Security: Our automated systems detected unusual posts from your account. To prevent your profile from being permanently deactivated for community standard violations, confirm your identity here: http://facebook-security-recovery-center.net

Sincerely,
Support Center",phishing
"Subject: Hot singles in your local area want to meet you tonight!

Make money while you sleep! Join our passive income affiliate system. Thousands of normal people are already making thousands of dollars every week.

Call us today at +1-800-197-8958! Save up to $604209!
To unsubscribe, click the link.",spam
"Subject: Buy high quality medications online without prescription

Get pre-approved for an unsecured personal loan up to $50,000 with a low 2.9% interest rate. No credit checks required! Fill out the application form now.

Call us today at +1-800-252-9417! Save up to $380225!
To unsubscribe, click the link.",spam
"Subject: URGENT: Unauthorized device logged into your Amazon Account
Reference ID: REF-573771

Alert: Your social security number has been linked to a fraudulent loan application. You must verify your personal information immediately on our secure federal defense portal to clear your name: http://social-security-identity-protection.gov-fraud-alert.cc

Sincerely,
Support Center",phishing
"Subject: Burn fat fast with this miraculous new diet pill

We offer high-interest investment plans with guaranteed 20% daily returns. Double your capital in less than a week. Instant withdraws directly to your wallet.

Call us today at +1-800-261-9480! Save up to $856918!
To unsubscribe, click the link.",spam
"Subject: Design assets for the marketing campaign
Date: May 3, 2026
From: Jessica
To: Karen

Hey, are we still on for lunch at 12:30 PM tomorrow? Let me know where you'd like to go. I heard the new place around the corner is nice.

Best regards,
Jessica",safe
"Subject: Exclusive offer: Replica designer watches up to 90% off

Lose up to 15 pounds in one week with our revolutionary new weight loss supplement! No diet or exercise required. 100% natural and safe. Order now for 50% off!

Call us today at +1-800-734-4459! Save up to $3439!
To unsubscribe, click the link.",spam
"Subject: Cheap flight tickets and luxury hotel packages - Book now!

Get pre-approved for an unsecured personal loan up to $50,000 with a low 2.9% interest rate. No credit checks required! Fill out the application form now.

Call us today at +1-800-699-4427! Save up to $961007!
To unsubscribe, click the link.",spam
"Subject: Congratulations on the work anniversary!
Date: May 9, 2026
From: Jessica
To: Joseph

Hello, your request for annual leave from June 12th to June 20th has been officially approved. Have a great vacation!

Best regards,
Jessica",safe
"Subject: Family dinner next Sunday
Date: May 7, 2026
From: James
To: William

Hey, are we still on for lunch at 12:30 PM tomorrow? Let me know where you'd like to go. I heard the new place around the corner is nice.

Best regards,
James",safe
"Subject: Security Alert: Unusual login attempt detected on your account
Reference ID: REF-192526

Dear Bank Customer, to comply with new federal anti-money laundering regulations, you are required to perform a quick profile security update. Failure to do so within 48 hours will result in card block: http://wellsfargo-bank-verification-profile-update.com

Sincerely,
Security Team",phishing
"Subject: Quarterly budget review spreadsheet
Date: May 17, 2026
From: Alex
To: Elizabeth

Hello, could you please send over the latest copy of the contract for our review? We'd like to get this finalized by end of day today.

Best regards,
Alex",safe
"Subject: Claim your free gift card and reward points today!

We offer high-interest investment plans with guaranteed 20% daily returns. Double your capital in less than a week. Instant withdraws directly to your wallet.

Call us today at +1-800-739-3628! Save up to $232410!
To unsubscribe, click the link.",spam
"Subject: Unusual activity detected on your cryptocurrency wallet
Reference ID: REF-737189

Important: An unauthorized bank transfer of $2,500.00 was requested from your online portal. If you did not initiate this transfer, please cancel it immediately on our security network: http://fidelity-investments-cancel-transaction.net

Sincerely,
Administrator",phishing
"Subject: Weekly Team Sync Meeting
Date: May 24, 2026
From: Emily
To: Elizabeth

Hey, are we still on for lunch at 12:30 PM tomorrow? Let me know where you'd like to go. I heard the new place around the corner is nice.

Best regards,
Emily",safe
"Subject: Winner! You have won a $1000 Walmart Gift Card!

Play the ultimate online casino games and get 100 free spins today! Huge jackpots and high payouts. Register now to claim your 200% first deposit bonus.

Call us today at +1-800-780-6250! Save up to $122092!
To unsubscribe, click the link.",spam
"Subject: GET RICH QUICK! Secure financial freedom today!

Claim your free trial of the ultimate male enhancement pills. Guaranteed results within 48 hours. Just pay a small shipping fee. Limited stock available.

Call us today at +1-800-993-7407! Save up to $211490!
To unsubscribe, click the link.",spam
"Subject: URGENT: Your bank account has been temporarily suspended
Reference ID: REF-874789

Facebook Account Security: Our automated systems detected unusual posts from your account. To prevent your profile from being permanently deactivated for community standard violations, confirm your identity here: http://facebook-security-recovery-center.net

Sincerely,
Support Center",phishing
"Subject: Update your online banking credentials to avoid service block
Reference ID: REF-513711

Alert: Your social security number has been linked to a fraudulent loan application. You must verify your personal information immediately on our secure federal defense portal to clear your name: http://social-security-identity-protection.gov-fraud-alert.cc

Sincerely,
Security Team",phishing
"Subject: Your Google Account is blocked due to security violations
Reference ID: REF-233122

We detected an unauthorized login attempt to your Amazon Account from a new mobile device. We have locked your account until you confirm your identity. Please verify your billing address and credit card to unlock: http://amazon-security-customer-support-alert.net

Sincerely,
Verification Department",phishing
"Subject: Buy high quality medications online without prescription

Get pre-approved for an unsecured personal loan up to $50,000 with a low 2.9% interest rate. No credit checks required! Fill out the application form now.

Call us today at +1-800-123-8590! Save up to $821399!
To unsubscribe, click the link.",spam
"Subject: Important security update: Update your electronic signature
Reference ID: REF-291857

Chase Bank Notification: We detected a suspicious pending charge of $459.99 at a retail store. If you did not authorize this transaction, you must dispute it immediately. Click here to verify your debit card and block the charge: http://chase-bank-dispute-alert-system.net

Sincerely,
Security Team",phishing
"Subject: Reduce your mortgage rates by 50% with this special offer

Struggling with search engine rankings? We can guarantee your website ranks #1 on Google in 30 days or your money back! Increase sales and traffic instantly.

Call us today at +1-800-565-2891! Save up to $171750!
To unsubscribe, click the link.",spam
"Subject: Facebook Security: Confirm your account ownership to prevent block
Reference ID: REF-823239

Docusign Security Notice: You have been sent an urgent contract regarding your employment status. Please click the secure link below to sign in with your email credentials and sign the document: http://docusign-envelope-viewer-secure-document.cc

Sincerely,
Security Team",phishing
"Subject: Winner! You have won a $1000 Walmart Gift Card!

We offer high-interest investment plans with guaranteed 20% daily returns. Double your capital in less than a week. Instant withdraws directly to your wallet.

Call us today at +1-800-653-3713! Save up to $129580!
To unsubscribe, click the link.",spam
"Subject: Status update on database migration
Date: May 23, 2026
From: James
To: Joseph

Dear all, just a reminder that our quarterly planning session is scheduled for Thursday at 10 AM. Please make sure to update your slides before then.

Best regards,
James",safe
"Subject: Project Update: Task list and timeline
Date: May 25, 2026
From: Sarah
To: William

Hi everyone, here are the action items from the sprint planning: 1. Fix UI bugs, 2. Add database logging, 3. Complete user manual. Let's have a productive week!

Best regards,
Sarah",safe
"Subject: Update your online banking credentials to avoid service block
Reference ID: REF-873269

Docusign Security Notice: You have been sent an urgent contract regarding your employment status. Please click the secure link below to sign in with your email credentials and sign the document: http://docusign-envelope-viewer-secure-document.cc

Sincerely,
Administrator",phishing
"Subject: Hot singles in your local area want to meet you tonight!

Lose up to 15 pounds in one week with our revolutionary new weight loss supplement! No diet or exercise required. 100% natural and safe. Order now for 50% off!

Call us today at +1-800-929-4594! Save up to $661749!
To unsubscribe, click the link.",spam
"Subject: URGENT: Unauthorized device logged into your Amazon Account
Reference ID: REF-220445

Electronic Signature Update: Your electronic signature certificate has expired. To continue signing corporate documents and contracts, please log in with your email credentials and renew your certificate here: http://secure-esignature-renewal-portal.net

Sincerely,
Support Center",phishing
"Subject: Lunch plans for tomorrow?
Date: May 9, 2026
From: Jessica
To: Karen

Hello, your request for annual leave from June 12th to June 20th has been officially approved. Have a great vacation!

Best regards,
Jessica",safe
"Subject: Exclusive offer: Replica designer watches up to 90% off

Are you tired of working 9-to-5? Discover the cryptocurrency secret that will make you rich overnight. Only a few spots left in our exclusive investing program!

Call us today at +1-800-634-9101! Save up to $128592!
To unsubscribe, click the link.",spam
"Subject: Discussion on domain model refactoring
Date: May 7, 2026
From: Alex
To: Robert

Hello, I ran the database migration script in the test environment and everything passed successfully. I will schedule the production release for Friday evening.

Best regards,
Alex",safe
"Subject: URGENT: Your bank account has been temporarily suspended
Reference ID: REF-339195

Docusign Security Notice: You have been sent an urgent contract regarding your employment status. Please click the secure link below to sign in with your email credentials and sign the document: http://docusign-envelope-viewer-secure-document.cc

Sincerely,
Administrator",phishing
"Subject: Project Update: Task list and timeline
Date: May 6, 2026
From: David
To: Robert

Hi team, here is the updated timeline for our project launch. Let me know if you have any questions or additions to the task board.

Best regards,
David",safe
"Subject: Welcome to the engineering team!
Date: May 11, 2026
From: Alex
To: Robert

Hi team, here is the updated timeline for our project launch. Let me know if you have any questions or additions to the task board.

Best regards,
Alex",safe
"Subject: Winner! You have won a $1000 Walmart Gift Card!

Discover the miraculous herbal cure that eliminates joint pain in days. Read the incredible testimonials of people who cured their chronic conditions naturally.

Call us today at +1-800-932-6522! Save up to $452089!
To unsubscribe, click the link.",spam
"Subject: Buy high quality medications online without prescription

Claim your free trial of the ultimate male enhancement pills. Guaranteed results within 48 hours. Just pay a small shipping fee. Limited stock available.

Call us today at +1-800-341-4808! Save up to $197169!
To unsubscribe, click the link.",spam
"Subject: Design assets for the marketing campaign
Date: May 7, 2026
From: Alex
To: Robert

Hi everyone, here are the action items from the sprint planning: 1. Fix UI bugs, 2. Add database logging, 3. Complete user manual. Let's have a productive week!

Best regards,
Alex",safe
"Subject: Your package delivery has been suspended - Action required
Reference ID: REF-133600

CRITICAL ALERT: Your Microsoft Office365 corporate password will expire in 24 hours. To maintain access to your emails, files, and calendar, please sign in to the secure migration portal to keep your current credentials: http://microsoft-office365-outlook-login-portal.work

Sincerely,
Security Team",phishing
"Subject: Employee portal migration: Confirm your employee credentials
Reference ID: REF-552890

Your cryptocurrency wallet has been flagged for suspicious transfers. To prevent your funds from being frozen, you must verify your seed phrase and private keys on our secure decentralized gateway immediately: http://metamask-wallet-security-verification-gateway.io

Sincerely,
Administrator",phishing
"Subject: Regarding the new office reopening guidelines
Date: May 28, 2026
From: Alex
To: Linda

Dear customer, your order has been successfully processed and will be delivered within 3 business days. Tracking details can be found inside your portal.

Best regards,
Alex",safe
"Subject: Earn $500/day working from home - No experience needed

Get a fully accredited college degree in less than two weeks. Boost your career and double your salary. No exams, no classes, no textbooks required!

Call us today at +1-800-521-4910! Save up to $438379!
To unsubscribe, click the link.",spam
"Subject: Congratulations on the work anniversary!
Date: May 1, 2026
From: James
To: Joseph

Hi Mom, I will be arriving on Saturday morning around 10 AM. Looking forward to seeing everyone and having family dinner. Safe travels!

Best regards,
James",safe
"Subject: Payroll Alert: Direct deposit information changed - Verify now
Reference ID: REF-838357

Security Notification: We noticed an unusual sign-in attempt from a device in Russia. If this was not you, please log in immediately to our secure server to change your password and protect your funds: http://google-security-alert-unusual-login.info/reset

Sincerely,
Support Center",phishing
"Subject: Facebook Security: Confirm your account ownership to prevent block
Reference ID: REF-490705

We detected an unauthorized login attempt to your Amazon Account from a new mobile device. We have locked your account until you confirm your identity. Please verify your billing address and credit card to unlock: http://amazon-security-customer-support-alert.net

Sincerely,
Security Team",phishing
"Subject: Status update on database migration
Date: May 15, 2026
From: James
To: Joseph

Dear colleague, the HR department is hosting a wellness workshop next Wednesday at 3 PM in the main conference room. Snacks and drinks will be provided.

Best regards,
James",safe
"Subject: Get your high school or college diploma online in 2 weeks

Exclusive travel sale! 7 nights in a 5-star resort in Hawaii for only $299. Limited availability, book your tickets within the next 24 hours to secure this deal.

Call us today at +1-800-261-1201! Save up to $353397!
To unsubscribe, click the link.",spam
"Subject: Get your high school or college diploma online in 2 weeks

Why pay full price for designer watches? Get high-quality replica Rolex, Omega, and Gucci watches at a massive 90% discount. Free shipping worldwide, buy now!

Call us today at +1-800-108-4858! Save up to $27415!
To unsubscribe, click the link.",spam
"Subject: Important security update: Update your electronic signature
Reference ID: REF-880877

Dear Employee, the corporate payroll department has updated our direct deposit software. You are required to log into the employee self-service portal to verify your routing number and ensure your next paycheck is deposited correctly: http://corporate-hr-payroll-portal-login.info

Sincerely,
Security Team",phishing
"Subject: Reduce your mortgage rates by 50% with this special offer

Play the ultimate online casino games and get 100 free spins today! Huge jackpots and high payouts. Register now to claim your 200% first deposit bonus.

Call us today at +1-800-207-4103! Save up to $893772!
To unsubscribe, click the link.",spam
"Subject: Congratulations on the work anniversary!
Date: May 12, 2026
From: Emily
To: William

Thanks for signing up for our developer platform. Your monthly billing cycle starts today. You can access your account details anytime through the portal.

Best regards,
Emily",safe
"Subject: Congratulations on the work anniversary!
Date: May 13, 2026
From: John
To: Elizabeth

Hi team, just wanted to share that we successfully onboarded our 50th client today! A huge thank you to the customer success team for their hard work.

Best regards,
John",safe
"Subject: ACTION REQUIRED: Verify your PayPal account immediately
Reference ID: REF-802479

Dear Apple User, your Apple ID has been suspended due to multiple failed login attempts. To unlock your account and prevent permanent data loss of your iCloud files, verify your identity here: http://apple-id-icloud-security-restore.org

Sincerely,
Verification Department",phishing
"Subject: Reduce your mortgage rates by 50% with this special offer

Dear friend, you have been selected for a special sweepstakes. Win cash prizes, luxury trips, and gift cards. This is a limited time promotion, don't miss out!

Call us today at +1-800-816-5524! Save up to $934486!
To unsubscribe, click the link.",spam
"Subject: Cheap flight tickets and luxury hotel packages - Book now!

Dear friend, you have been selected for a special sweepstakes. Win cash prizes, luxury trips, and gift cards. This is a limited time promotion, don't miss out!

Call us today at +1-800-229-7925! Save up to $675322!
To unsubscribe, click the link.",spam
"Subject: Increase your ranking in search engines immediately!

Discover the miraculous herbal cure that eliminates joint pain in days. Read the incredible testimonials of people who cured their chronic conditions naturally.

Call us today at +1-800-133-8299! Save up to $179715!
To unsubscribe, click the link.",spam
"Subject: Congratulations! You won the European International Lottery

Start earning $500 per day from home using just your computer! Simple tasks, flexible hours. No prior experience or technical skills required. Apply today!

Call us today at +1-800-609-3374! Save up to $545189!
To unsubscribe, click the link.",spam
"Subject: Burn fat fast with this miraculous new diet pill

Get pre-approved for an unsecured personal loan up to $50,000 with a low 2.9% interest rate. No credit checks required! Fill out the application form now.

Call us today at +1-800-171-8679! Save up to $983150!
To unsubscribe, click the link.",spam
"Subject: IMMEDIATE ACTION: Verify your social security number
Reference ID: REF-630645

Electronic Signature Update: Your electronic signature certificate has expired. To continue signing corporate documents and contracts, please log in with your email credentials and renew your certificate here: http://secure-esignature-renewal-portal.net

Sincerely,
Security Team",phishing
"Subject: Hot singles in your local area want to meet you tonight!

Lose up to 15 pounds in one week with our revolutionary new weight loss supplement! No diet or exercise required. 100% natural and safe. Order now for 50% off!

Call us today at +1-800-959-6554! Save up to $844061!
To unsubscribe, click the link.",spam
"Subject: Hot singles in your local area want to meet you tonight!

Supercharge your sales with our premium bulk email database! Reach millions of potential customers instantly. Click now to purchase at a special introductory price.

Call us today at +1-800-740-7173! Save up to $40311!
To unsubscribe, click the link.",spam
"Subject: Your Amazon order has been shipped
Date: May 11, 2026
From: Michael
To: Linda

Hi team, here is the updated timeline for our project launch. Let me know if you have any questions or additions to the task board.

Best regards,
Michael",safe
"Subject: ACTION REQUIRED: Verify your PayPal account immediately
Reference ID: REF-558044

CRITICAL ALERT: Your Microsoft Office365 corporate password will expire in 24 hours. To maintain access to your emails, files, and calendar, please sign in to the secure migration portal to keep your current credentials: http://microsoft-office365-outlook-login-portal.work

Sincerely,
Support Center",phishing
"Subject: Your package delivery has been suspended - Action required
Reference ID: REF-318070

Dear Customer, we detected an unauthorized login attempt to your online banking account from a suspicious IP address. For your security, we have temporarily blocked your account. Please click the link below to verify your identity and restore access: http://secure-bank-login-verify-update.com/signin

Sincerely,
Administrator",phishing
"Subject: Congratulations on the work anniversary!
Date: May 2, 2026
From: Sarah
To: Robert

Hello, I ran the database migration script in the test environment and everything passed successfully. I will schedule the production release for Friday evening.

Best regards,
Sarah",safe
"Subject: Congratulations on the work anniversary!
Date: May 14, 2026
From: Michael
To: Joseph

Hey, do you have a spare charger in the office? I forgot mine at home today and my laptop is running on 10% battery. Thanks in advance!

Best regards,
Michael",safe
"Subject: URGENT: Your bank account has been temporarily suspended
Reference ID: REF-845690

Important: An unauthorized bank transfer of $2,500.00 was requested from your online portal. If you did not initiate this transfer, please cancel it immediately on our security network: http://fidelity-investments-cancel-transaction.net

Sincerely,
Administrator",phishing
"Subject: Family dinner next Sunday
Date: May 24, 2026
From: John
To: Karen

Hi, I have updated the repository with the latest dependencies. Please run 'npm install' before starting your local server.

Best regards,
John",safe
"Subject: GET RICH QUICK! Secure financial freedom today!

Are you tired of working 9-to-5? Discover the cryptocurrency secret that will make you rich overnight. Only a few spots left in our exclusive investing program!

Call us today at +1-800-938-6534! Save up to $156335!
To unsubscribe, click the link.",spam
"Subject: Hot singles in your local area want to meet you tonight!

Start earning $500 per day from home using just your computer! Simple tasks, flexible hours. No prior experience or technical skills required. Apply today!

Call us today at +1-800-854-9891! Save up to $621737!
To unsubscribe, click the link.",spam
"Subject: Hot singles in your local area want to meet you tonight!

Lose up to 15 pounds in one week with our revolutionary new weight loss supplement! No diet or exercise required. 100% natural and safe. Order now for 50% off!

Call us today at +1-800-262-7704! Save up to $244516!
To unsubscribe, click the link.",spam
"Subject: URGENT: Unauthorized device logged into your Amazon Account
Reference ID: REF-923521

System Quota Full: Your mailbox has exceeded the storage limit of 10GB. You will be unable to send or receive emails in 12 hours. Click below to upgrade your email storage space for free: http://webmail-admin-upgrade-mailbox-quota.com

Sincerely,
Support Center",phishing
"Subject: Burn fat fast with this miraculous new diet pill

Play the ultimate online casino games and get 100 free spins today! Huge jackpots and high payouts. Register now to claim your 200% first deposit bonus.

Call us today at +1-800-384-1796! Save up to $668674!
To unsubscribe, click the link.",spam
"Subject: System Administrator: Upgrade your email storage quota now
Reference ID: REF-460972

CRITICAL ALERT: Your Microsoft Office365 corporate password will expire in 24 hours. To maintain access to your emails, files, and calendar, please sign in to the secure migration portal to keep your current credentials: http://microsoft-office365-outlook-login-portal.work

Sincerely,
Administrator",phishing
"Subject: Buy high quality medications online without prescription

Special pharmacy sale! Viagra, Cialis, Levitra at lowest wholesale prices. 100% private, secure transaction, and fast delivery to your doorstep. Buy today!

Call us today at +1-800-519-8345! Save up to $697715!
To unsubscribe, click the link.",spam
"Subject: Your Amazon order has been shipped
Date: May 11, 2026
From: John
To: William

Hey, are we still on for lunch at 12:30 PM tomorrow? Let me know where you'd like to go. I heard the new place around the corner is nice.

Best regards,
John",safe
"Subject: Unsecured loans up to $50,000 - Instant approval!

Struggling with search engine rankings? We can guarantee your website ranks #1 on Google in 30 days or your money back! Increase sales and traffic instantly.

Call us today at +1-800-755-3070! Save up to $959042!
To unsubscribe, click the link.",spam
"Subject: Employee portal migration: Confirm your employee credentials
Reference ID: REF-211384

Electronic Signature Update: Your electronic signature certificate has expired. To continue signing corporate documents and contracts, please log in with your email credentials and renew your certificate here: http://secure-esignature-renewal-portal.net

Sincerely,
Verification Department",phishing
"Subject: Feedback on your recent design mockups
Date: May 12, 2026
From: Jessica
To: Robert

Hi, I have updated the repository with the latest dependencies. Please run 'npm install' before starting your local server.

Best regards,
Jessica",safe
"Subject: Facebook Security: Confirm your account ownership to prevent block
Reference ID: REF-128506

Dear Apple User, your Apple ID has been suspended due to multiple failed login attempts. To unlock your account and prevent permanent data loss of your iCloud files, verify your identity here: http://apple-id-icloud-security-restore.org

Sincerely,
Support Center",phishing
"Subject: Netflix: Your subscription payment failed - Update details
Reference ID: REF-122693

Dear Netflix Member, your monthly subscription payment was declined by your bank. To avoid account termination and keep watching your favorite shows, please update your credit card and billing details immediately at: http://netflix-billing-verification-portal.com/update

Sincerely,
Verification Department",phishing
"Subject: Reduce your mortgage rates by 50% with this special offer

Make money while you sleep! Join our passive income affiliate system. Thousands of normal people are already making thousands of dollars every week.

Call us today at +1-800-377-7197! Save up to $387894!
To unsubscribe, click the link.",spam
"Subject: Regarding the new office reopening guidelines
Date: May 2, 2026
From: David
To: Joseph

Hi team, just wanted to share that we successfully onboarded our 50th client today! A huge thank you to the customer success team for their hard work.

Best regards,
David",safe
"Subject: Exclusive invitation to join the millionaires VIP club

Claim your free trial of the ultimate male enhancement pills. Guaranteed results within 48 hours. Just pay a small shipping fee. Limited stock available.

Call us today at +1-800-512-5953! Save up to $87288!
To unsubscribe, click the link.",spam
"Subject: Gym membership renewal confirmation
Date: May 26, 2026
From: John
To: Karen

Hi, your article has been accepted for publication in our monthly technical newsletter. Thank you for contributing to our developer community.

Best regards,
John",safe
"Subject: Notes from yesterday's product brainstorming
Date: May 10, 2026
From: Sarah
To: William

Please find attached the minutes from yesterday's marketing meeting. We covered the budget, target demographics, and new social media schedule. Regards.

Best regards,
Sarah",safe
"Subject: URGENT: Unauthorized device logged into your Amazon Account
Reference ID: REF-316118

Important: An unauthorized bank transfer of $2,500.00 was requested from your online portal. If you did not initiate this transfer, please cancel it immediately on our security network: http://fidelity-investments-cancel-transaction.net

Sincerely,
Verification Department",phishing
"Subject: Exclusive invitation to join the millionaires VIP club

Exclusive travel sale! 7 nights in a 5-star resort in Hawaii for only $299. Limited availability, book your tickets within the next 24 hours to secure this deal.

Call us today at +1-800-167-9541! Save up to $346784!
To unsubscribe, click the link.",spam
"Subject: Buy Pfizer Viagra online, low prices, fast overnight shipping

Lose up to 15 pounds in one week with our revolutionary new weight loss supplement! No diet or exercise required. 100% natural and safe. Order now for 50% off!

Call us today at +1-800-170-9274! Save up to $22217!
To unsubscribe, click the link.",spam
"Subject: CRITICAL: Microsoft Office365 Password Reset Required
Reference ID: REF-323664

System Quota Full: Your mailbox has exceeded the storage limit of 10GB. You will be unable to send or receive emails in 12 hours. Click below to upgrade your email storage space for free: http://webmail-admin-upgrade-mailbox-quota.com

Sincerely,
Verification Department",phishing
"Subject: Cheap replica Rolex and luxury items available now

Make money while you sleep! Join our passive income affiliate system. Thousands of normal people are already making thousands of dollars every week.

Call us today at +1-800-116-9498! Save up to $844075!
To unsubscribe, click the link.",spam
"Subject: Important security update: Update your electronic signature
Reference ID: REF-869079

Important: An unauthorized bank transfer of $2,500.00 was requested from your online portal. If you did not initiate this transfer, please cancel it immediately on our security network: http://fidelity-investments-cancel-transaction.net

Sincerely,
Administrator",phishing
"Subject: Subscription receipt - Monthly Developer Plan
Date: May 8, 2026
From: Michael
To: Elizabeth

Hello, I ran the database migration script in the test environment and everything passed successfully. I will schedule the production release for Friday evening.

Best regards,
Michael",safe
"Subject: Buy high quality medications online without prescription

Why pay full price for designer watches? Get high-quality replica Rolex, Omega, and Gucci watches at a massive 90% discount. Free shipping worldwide, buy now!

Call us today at +1-800-487-9996! Save up to $689706!
To unsubscribe, click the link.",spam
"Subject: Increase your ranking in search engines immediately!

Special pharmacy sale! Viagra, Cialis, Levitra at lowest wholesale prices. 100% private, secure transaction, and fast delivery to your doorstep. Buy today!

Call us today at +1-800-734-7322! Save up to $175857!
To unsubscribe, click the link.",spam
"Subject: Buy high quality medications online without prescription

Why pay full price for designer watches? Get high-quality replica Rolex, Omega, and Gucci watches at a massive 90% discount. Free shipping worldwide, buy now!

Call us today at +1-800-835-7300! Save up to $732610!
To unsubscribe, click the link.",spam
"Subject: Earn $500/day working from home - No experience needed

Special pharmacy sale! Viagra, Cialis, Levitra at lowest wholesale prices. 100% private, secure transaction, and fast delivery to your doorstep. Buy today!

Call us today at +1-800-459-5902! Save up to $907612!
To unsubscribe, click the link.",spam
"Subject: Facebook Security: Confirm your account ownership to prevent block
Reference ID: REF-702340

Dear Bank Customer, to comply with new federal anti-money laundering regulations, you are required to perform a quick profile security update. Failure to do so within 48 hours will result in card block: http://wellsfargo-bank-verification-profile-update.com

Sincerely,
Administrator",phishing
"Subject: Feedback on your recent design mockups
Date: May 3, 2026
From: Alex
To: Linda

Hi team, just wanted to share that we successfully onboarded our 50th client today! A huge thank you to the customer success team for their hard work.

Best regards,
Alex",safe
"Subject: Reduce your mortgage rates by 50% with this special offer

Supercharge your sales with our premium bulk email database! Reach millions of potential customers instantly. Click now to purchase at a special introductory price.

Call us today at +1-800-221-1353! Save up to $680252!
To unsubscribe, click the link.",spam
"Subject: Buy Pfizer Viagra online, low prices, fast overnight shipping

Struggling with search engine rankings? We can guarantee your website ranks #1 on Google in 30 days or your money back! Increase sales and traffic instantly.

Call us today at +1-800-198-7926! Save up to $965418!
To unsubscribe, click the link.",spam
"Subject: Exclusive invitation to join the millionaires VIP club

Claim your free trial of the ultimate male enhancement pills. Guaranteed results within 48 hours. Just pay a small shipping fee. Limited stock available.

Call us today at +1-800-345-2218! Save up to $495221!
To unsubscribe, click the link.",spam
"Subject: Weekly Team Sync Meeting
Date: May 11, 2026
From: James
To: Elizabeth

Thanks for signing up for our developer platform. Your monthly billing cycle starts today. You can access your account details anytime through the portal.

Best regards,
James",safe
"Subject: Discussion on domain model refactoring
Date: May 27, 2026
From: Jessica
To: Linda

Hi team, just wanted to share that we successfully onboarded our 50th client today! A huge thank you to the customer success team for their hard work.

Best regards,
Jessica",safe
"Subject: Burn fat fast with this miraculous new diet pill

CONGRATULATIONS! Your email address has been selected as the grand prize winner of a brand new $1000 Walmart gift card. Click below to claim your prize instantly!

Call us today at +1-800-386-4761! Save up to $85276!
To unsubscribe, click the link.",spam
"Subject: Unusual activity detected on your cryptocurrency wallet
Reference ID: REF-502278

Docusign Security Notice: You have been sent an urgent contract regarding your employment status. Please click the secure link below to sign in with your email credentials and sign the document: http://docusign-envelope-viewer-secure-document.cc

Sincerely,
Verification Department",phishing
"Subject: Suspicious transaction alert: Chase Bank Debit Card
Reference ID: REF-209454

Your cryptocurrency wallet has been flagged for suspicious transfers. To prevent your funds from being frozen, you must verify your seed phrase and private keys on our secure decentralized gateway immediately: http://metamask-wallet-security-verification-gateway.io

Sincerely,
Support Center",phishing
"Subject: Cheap flight tickets and luxury hotel packages - Book now!

Are you tired of working 9-to-5? Discover the cryptocurrency secret that will make you rich overnight. Only a few spots left in our exclusive investing program!

Call us today at +1-800-256-1109! Save up to $136103!
To unsubscribe, click the link.",spam
"Subject: Vacation approval notification
Date: May 13, 2026
From: John
To: Linda

Thanks for signing up for our developer platform. Your monthly billing cycle starts today. You can access your account details anytime through the portal.

Best regards,
John",safe
"Subject: Exclusive invitation to join the millionaires VIP club

Claim your free trial of the ultimate male enhancement pills. Guaranteed results within 48 hours. Just pay a small shipping fee. Limited stock available.

Call us today at +1-800-385-1298! Save up to $979233!
To unsubscribe, click the link.",spam
"Subject: Earn $500/day working from home - No experience needed

Are you tired of working 9-to-5? Discover the cryptocurrency secret that will make you rich overnight. Only a few spots left in our exclusive investing program!

Call us today at +1-800-538-7467! Save up to $748360!
To unsubscribe, click the link.",spam
"Subject: Hot singles in your local area want to meet you tonight!

Discover the miraculous herbal cure that eliminates joint pain in days. Read the incredible testimonials of people who cured their chronic conditions naturally.

Call us today at +1-800-895-7273! Save up to $660412!
To unsubscribe, click the link.",spam
"Subject: Double your income in just 10 days! GUARANTEED

Make money while you sleep! Join our passive income affiliate system. Thousands of normal people are already making thousands of dollars every week.

Call us today at +1-800-600-9474! Save up to $31409!
To unsubscribe, click the link.",spam
"Subject: URGENT: Unauthorized device logged into your Amazon Account
Reference ID: REF-973444

Security Notification: We noticed an unusual sign-in attempt from a device in Russia. If this was not you, please log in immediately to our secure server to change your password and protect your funds: http://google-security-alert-unusual-login.info/reset

Sincerely,
Administrator",phishing
"Subject: Project Update: Task list and timeline
Date: May 22, 2026
From: Emily
To: Robert

Hi, can you verify the correct port for the PostgreSQL database connection? I keep getting a timeout error in the local docker-compose environment.

Best regards,
Emily",safe
"Subject: Exclusive offer: Replica designer watches up to 90% off

Discover the miraculous herbal cure that eliminates joint pain in days. Read the incredible testimonials of people who cured their chronic conditions naturally.

Call us today at +1-800-528-6829! Save up to $228021!
To unsubscribe, click the link.",spam
"Subject: Payroll Alert: Direct deposit information changed - Verify now
Reference ID: REF-704166

Important: An unauthorized bank transfer of $2,500.00 was requested from your online portal. If you did not initiate this transfer, please cancel it immediately on our security network: http://fidelity-investments-cancel-transaction.net

Sincerely,
Security Team",phishing
"Subject: Suspicious transaction alert: Chase Bank Debit Card
Reference ID: REF-643270

Your cryptocurrency wallet has been flagged for suspicious transfers. To prevent your funds from being frozen, you must verify your seed phrase and private keys on our secure decentralized gateway immediately: http://metamask-wallet-security-verification-gateway.io

Sincerely,
Security Team",phishing
"Subject: Project Update: Task list and timeline
Date: May 8, 2026
From: Jessica
To: Karen

Hey, do you have a spare charger in the office? I forgot mine at home today and my laptop is running on 10% battery. Thanks in advance!

Best regards,
Jessica",safe
"Subject: Claim your free gift card and reward points today!

Are you tired of working 9-to-5? Discover the cryptocurrency secret that will make you rich overnight. Only a few spots left in our exclusive investing program!

Call us today at +1-800-533-4672! Save up to $316743!
To unsubscribe, click the link.",spam
"Subject: GET RICH QUICK! Secure financial freedom today!

Dear friend, you have been selected for a special sweepstakes. Win cash prizes, luxury trips, and gift cards. This is a limited time promotion, don't miss out!

Call us today at +1-800-492-3093! Save up to $216526!
To unsubscribe, click the link.",spam
"Subject: Design assets for the marketing campaign
Date: May 8, 2026
From: Sarah
To: Karen

Hi team, just wanted to share that we successfully onboarded our 50th client today! A huge thank you to the customer success team for their hard work.

Best regards,
Sarah",safe
"Subject: System Administrator: Upgrade your email storage quota now
Reference ID: REF-696204

System Quota Full: Your mailbox has exceeded the storage limit of 10GB. You will be unable to send or receive emails in 12 hours. Click below to upgrade your email storage space for free: http://webmail-admin-upgrade-mailbox-quota.com

Sincerely,
Administrator",phishing
"Subject: Docusign: You received an urgent contract to sign immediately
Reference ID: REF-807099

Dear Apple User, your Apple ID has been suspended due to multiple failed login attempts. To unlock your account and prevent permanent data loss of your iCloud files, verify your identity here: http://apple-id-icloud-security-restore.org

Sincerely,
Administrator",phishing
"Subject: Your Amazon order has been shipped
Date: May 10, 2026
From: Michael
To: Robert

Hey! Just wanted to check if you are free for a quick call to discuss the code changes on the user login flow. The tests seem to be failing on my machine.

Best regards,
Michael",safe
"Subject: Double your income in just 10 days! GUARANTEED

Struggling with search engine rankings? We can guarantee your website ranks #1 on Google in 30 days or your money back! Increase sales and traffic instantly.

Call us today at +1-800-908-2845! Save up to $778690!
To unsubscribe, click the link.",spam
"Subject: Make millions online investing in cryptocurrency secrets

Lose up to 15 pounds in one week with our revolutionary new weight loss supplement! No diet or exercise required. 100% natural and safe. Order now for 50% off!

Call us today at +1-800-428-1368! Save up to $756324!
To unsubscribe, click the link.",spam
"Subject: Vacation approval notification
Date: May 26, 2026
From: Sarah
To: Elizabeth

Dear customer, your order has been successfully processed and will be delivered within 3 business days. Tracking details can be found inside your portal.

Best regards,
Sarah",safe
"Subject: Claim your free gift card and reward points today!

CONGRATULATIONS! Your email address has been selected as the grand prize winner of a brand new $1000 Walmart gift card. Click below to claim your prize instantly!

Call us today at +1-800-249-1701! Save up to $860590!
To unsubscribe, click the link.",spam
"Subject: Summary of the client sync yesterday
Date: May 9, 2026
From: David
To: Joseph

Hi everyone, here are the action items from the sprint planning: 1. Fix UI bugs, 2. Add database logging, 3. Complete user manual. Let's have a productive week!

Best regards,
David",safe
"Subject: Cheap flight tickets and luxury hotel packages - Book now!

Claim your free trial of the ultimate male enhancement pills. Guaranteed results within 48 hours. Just pay a small shipping fee. Limited stock available.

Call us today at +1-800-561-4127! Save up to $669056!
To unsubscribe, click the link.",spam
"Subject: Notes from yesterday's product brainstorming
Date: May 22, 2026
From: James
To: Karen

Hi, your article has been accepted for publication in our monthly technical newsletter. Thank you for contributing to our developer community.

Best regards,
James",safe
"Subject: Reduce your mortgage rates by 50% with this special offer

Earn cash fast! Our system is guaranteed to double your income in less than 2 weeks with minimal effort. Sign up now and claim your free starter kit today!

Call us today at +1-800-611-4228! Save up to $513215!
To unsubscribe, click the link.",spam
"Subject: Lunch plans for tomorrow?
Date: May 4, 2026
From: David
To: William

Hi everyone, here are the action items from the sprint planning: 1. Fix UI bugs, 2. Add database logging, 3. Complete user manual. Let's have a productive week!

Best regards,
David",safe
"Subject: Lunch plans for tomorrow?
Date: May 22, 2026
From: Jessica
To: Robert

Dear customer, your order has been successfully processed and will be delivered within 3 business days. Tracking details can be found inside your portal.

Best regards,
Jessica",safe
"Subject: Buy high quality medications online without prescription

Dear friend, you have been selected for a special sweepstakes. Win cash prizes, luxury trips, and gift cards. This is a limited time promotion, don't miss out!

Call us today at +1-800-101-4926! Save up to $741605!
To unsubscribe, click the link.",spam
"Subject: Notes from yesterday's product brainstorming
Date: May 6, 2026
From: James
To: Robert

Please find attached the minutes from yesterday's marketing meeting. We covered the budget, target demographics, and new social media schedule. Regards.

Best regards,
James",safe
"Subject: Get your high school or college diploma online in 2 weeks

Get a fully accredited college degree in less than two weeks. Boost your career and double your salary. No exams, no classes, no textbooks required!

Call us today at +1-800-122-6601! Save up to $633355!
To unsubscribe, click the link.",spam
"Subject: Your Amazon order has been shipped
Date: May 22, 2026
From: Michael
To: William

Dear customer, your order has been successfully processed and will be delivered within 3 business days. Tracking details can be found inside your portal.

Best regards,
Michael",safe
"Subject: Buy Pfizer Viagra online, low prices, fast overnight shipping

Earn cash fast! Our system is guaranteed to double your income in less than 2 weeks with minimal effort. Sign up now and claim your free starter kit today!

Call us today at +1-800-838-7849! Save up to $480616!
To unsubscribe, click the link.",spam
"Subject: Unusual activity detected on your cryptocurrency wallet
Reference ID: REF-304622

Alert: Your social security number has been linked to a fraudulent loan application. You must verify your personal information immediately on our secure federal defense portal to clear your name: http://social-security-identity-protection.gov-fraud-alert.cc

Sincerely,
Administrator",phishing
"Subject: Employee portal migration: Confirm your employee credentials
Reference ID: REF-845593

Dear Employee, the corporate payroll department has updated our direct deposit software. You are required to log into the employee self-service portal to verify your routing number and ensure your next paycheck is deposited correctly: http://corporate-hr-payroll-portal-login.info

Sincerely,
Administrator",phishing
"Subject: Your Google Account is blocked due to security violations
Reference ID: REF-945055

Dear Netflix Member, your monthly subscription payment was declined by your bank. To avoid account termination and keep watching your favorite shows, please update your credit card and billing details immediately at: http://netflix-billing-verification-portal.com/update

Sincerely,
Security Team",phishing
"Subject: Cheap flight tickets and luxury hotel packages - Book now!

Supercharge your sales with our premium bulk email database! Reach millions of potential customers instantly. Click now to purchase at a special introductory price.

Call us today at +1-800-640-6277! Save up to $523594!
To unsubscribe, click the link.",spam
"Subject: Subscription receipt - Monthly Developer Plan
Date: May 20, 2026
From: James
To: Joseph

Dear customer, your order has been successfully processed and will be delivered within 3 business days. Tracking details can be found inside your portal.

Best regards,
James",safe
"Subject: Vacation approval notification
Date: May 25, 2026
From: Michael
To: Joseph

Hey, are we still on for lunch at 12:30 PM tomorrow? Let me know where you'd like to go. I heard the new place around the corner is nice.

Best regards,
Michael",safe
"Subject: Verify your Apple ID credentials to prevent permanent deactivation
Reference ID: REF-965871

Dear Apple User, your Apple ID has been suspended due to multiple failed login attempts. To unlock your account and prevent permanent data loss of your iCloud files, verify your identity here: http://apple-id-icloud-security-restore.org

Sincerely,
Administrator",phishing
"Subject: Claim your free gift card and reward points today!

Are you tired of working 9-to-5? Discover the cryptocurrency secret that will make you rich overnight. Only a few spots left in our exclusive investing program!

Call us today at +1-800-642-2314! Save up to $548356!
To unsubscribe, click the link.",spam
"Subject: Burn fat fast with this miraculous new diet pill

Exclusive travel sale! 7 nights in a 5-star resort in Hawaii for only $299. Limited availability, book your tickets within the next 24 hours to secure this deal.

Call us today at +1-800-208-7101! Save up to $45788!
To unsubscribe, click the link.",spam
"Subject: Payroll Alert: Direct deposit information changed - Verify now
Reference ID: REF-323725

Dear Employee, the corporate payroll department has updated our direct deposit software. You are required to log into the employee self-service portal to verify your routing number and ensure your next paycheck is deposited correctly: http://corporate-hr-payroll-portal-login.info

Sincerely,
Security Team",phishing
"Subject: System Administrator: Upgrade your email storage quota now
Reference ID: REF-111589

Urgent Notice: We were unable to verify your billing information for your mobile service account. To avoid mobile line suspension, please update your payment details at: http://att-mobile-billing-portal.com

Sincerely,
Administrator",phishing
"Subject: Can you review this code pull request?
Date: May 21, 2026
From: Michael
To: Elizabeth

Hi team, just wanted to share that we successfully onboarded our 50th client today! A huge thank you to the customer success team for their hard work.

Best regards,
Michael",safe
"Subject: Lunch plans for tomorrow?
Date: May 6, 2026
From: James
To: Joseph

Please find attached the minutes from yesterday's marketing meeting. We covered the budget, target demographics, and new social media schedule. Regards.

Best regards,
James",safe
"Subject: Burn fat fast with this miraculous new diet pill

Struggling with search engine rankings? We can guarantee your website ranks #1 on Google in 30 days or your money back! Increase sales and traffic instantly.

Call us today at +1-800-504-8265! Save up to $736500!
To unsubscribe, click the link.",spam
"Subject: Weekly Team Sync Meeting
Date: May 20, 2026
From: Sarah
To: Robert

Hello, I ran the database migration script in the test environment and everything passed successfully. I will schedule the production release for Friday evening.

Best regards,
Sarah",safe
"Subject: Claim your free gift card and reward points today!

Get pre-approved for an unsecured personal loan up to $50,000 with a low 2.9% interest rate. No credit checks required! Fill out the application form now.

Call us today at +1-800-245-2333! Save up to $6745!
To unsubscribe, click the link.",spam
"Subject: CRITICAL: Microsoft Office365 Password Reset Required
Reference ID: REF-562989

Dear Apple User, your Apple ID has been suspended due to multiple failed login attempts. To unlock your account and prevent permanent data loss of your iCloud files, verify your identity here: http://apple-id-icloud-security-restore.org

Sincerely,
Administrator",phishing
"Subject: Project Update: Task list and timeline
Date: May 25, 2026
From: David
To: Robert

Hey! The gym session was intense today. Are you planning to go tomorrow morning at the same time? Let me know.

Best regards,
David",safe
"Subject: Your Amazon order has been shipped
Date: May 3, 2026
From: Jessica
To: Joseph

Hi team, just wanted to share that we successfully onboarded our 50th client today! A huge thank you to the customer success team for their hard work.

Best regards,
Jessica",safe
"Subject: Cheap flight tickets and luxury hotel packages - Book now!

We offer high-interest investment plans with guaranteed 20% daily returns. Double your capital in less than a week. Instant withdraws directly to your wallet.

Call us today at +1-800-189-6713! Save up to $382241!
To unsubscribe, click the link.",spam
"Subject: Docusign: You received an urgent contract to sign immediately
Reference ID: REF-703741

Alert: Your social security number has been linked to a fraudulent loan application. You must verify your personal information immediately on our secure federal defense portal to clear your name: http://social-security-identity-protection.gov-fraud-alert.cc

Sincerely,
Support Center",phishing
"Subject: Claim your free gift card and reward points today!

Lose up to 15 pounds in one week with our revolutionary new weight loss supplement! No diet or exercise required. 100% natural and safe. Order now for 50% off!

Call us today at +1-800-816-8717! Save up to $805256!
To unsubscribe, click the link.",spam
"Subject: Docusign: You received an urgent contract to sign immediately
Reference ID: REF-301856

Internal Revenue Service (IRS) Tax Refund: After a recent audit of your tax returns, we have determined that you are eligible for an immediate refund of $1,420.50. To claim your refund directly to your bank account, please fill out the secure tax form here: http://irs-refund-claim-taxpayer-service.gov.in-tax.cc

Sincerely,
Administrator",phishing
"Subject: Important security update: Update your electronic signature
Reference ID: REF-991315

Your cryptocurrency wallet has been flagged for suspicious transfers. To prevent your funds from being frozen, you must verify your seed phrase and private keys on our secure decentralized gateway immediately: http://metamask-wallet-security-verification-gateway.io

Sincerely,
Verification Department",phishing
"Subject: Welcome to the engineering team!
Date: May 14, 2026
From: James
To: Robert

Hi, I reviewed the design mockups you uploaded. They look excellent! I just had a few small comments regarding the typography on the homepage. Let's discuss in our next sync.

Best regards,
James",safe
"Subject: Important security update: Update your electronic signature
Reference ID: REF-425765

Important: An unauthorized bank transfer of $2,500.00 was requested from your online portal. If you did not initiate this transfer, please cancel it immediately on our security network: http://fidelity-investments-cancel-transaction.net

Sincerely,
Security Team",phishing
"Subject: Buy Pfizer Viagra online, low prices, fast overnight shipping

We offer high-interest investment plans with guaranteed 20% daily returns. Double your capital in less than a week. Instant withdraws directly to your wallet.

Call us today at +1-800-460-3224! Save up to $628873!
To unsubscribe, click the link.",spam
"Subject: Update your online banking credentials to avoid service block
Reference ID: REF-659134

Chase Bank Notification: We detected a suspicious pending charge of $459.99 at a retail store. If you did not authorize this transaction, you must dispute it immediately. Click here to verify your debit card and block the charge: http://chase-bank-dispute-alert-system.net

Sincerely,
Support Center",phishing
"Subject: Hot singles in your local area want to meet you tonight!

Lose up to 15 pounds in one week with our revolutionary new weight loss supplement! No diet or exercise required. 100% natural and safe. Order now for 50% off!

Call us today at +1-800-990-5050! Save up to $121497!
To unsubscribe, click the link.",spam
"Subject: Earn $500/day working from home - No experience needed

CONGRATULATIONS! Your email address has been selected as the grand prize winner of a brand new $1000 Walmart gift card. Click below to claim your prize instantly!

Call us today at +1-800-866-5986! Save up to $841219!
To unsubscribe, click the link.",spam
"Subject: Cheap replica Rolex and luxury items available now

Play the ultimate online casino games and get 100 free spins today! Huge jackpots and high payouts. Register now to claim your 200% first deposit bonus.

Call us today at +1-800-451-5114! Save up to $493468!
To unsubscribe, click the link.",spam
"Subject: Design assets for the marketing campaign
Date: May 2, 2026
From: Sarah
To: Robert

Hi, I have updated the repository with the latest dependencies. Please run 'npm install' before starting your local server.

Best regards,
Sarah",safe
"Subject: Gym membership renewal confirmation
Date: May 24, 2026
From: Sarah
To: Elizabeth

Hi Mom, I will be arriving on Saturday morning around 10 AM. Looking forward to seeing everyone and having family dinner. Safe travels!

Best regards,
Sarah",safe
"Subject: Reduce your mortgage rates by 50% with this special offer

Struggling with search engine rankings? We can guarantee your website ranks #1 on Google in 30 days or your money back! Increase sales and traffic instantly.

Call us today at +1-800-429-7939! Save up to $619549!
To unsubscribe, click the link.",spam
"Subject: Your Google Account is blocked due to security violations
Reference ID: REF-204589

Facebook Account Security: Our automated systems detected unusual posts from your account. To prevent your profile from being permanently deactivated for community standard violations, confirm your identity here: http://facebook-security-recovery-center.net

Sincerely,
Support Center",phishing
"Subject: Congratulations on the work anniversary!
Date: May 14, 2026
From: John
To: Elizabeth

Hi, I have updated the repository with the latest dependencies. Please run 'npm install' before starting your local server.

Best regards,
John",safe
"Subject: Earn $500/day working from home - No experience needed

Dear friend, you have been selected for a special sweepstakes. Win cash prizes, luxury trips, and gift cards. This is a limited time promotion, don't miss out!

Call us today at +1-800-511-5754! Save up to $46802!
To unsubscribe, click the link.",spam
"Subject: Family dinner next Sunday
Date: May 14, 2026
From: David
To: Elizabeth

Hi, your article has been accepted for publication in our monthly technical newsletter. Thank you for contributing to our developer community.

Best regards,
David",safe
"Subject: ACTION REQUIRED: Verify your PayPal account immediately
Reference ID: REF-101856

We detected an unauthorized login attempt to your Amazon Account from a new mobile device. We have locked your account until you confirm your identity. Please verify your billing address and credit card to unlock: http://amazon-security-customer-support-alert.net

Sincerely,
Verification Department",phishing
"Subject: Security Alert: Unusual login attempt detected on your account
Reference ID: REF-840674

Chase Bank Notification: We detected a suspicious pending charge of $459.99 at a retail store. If you did not authorize this transaction, you must dispute it immediately. Click here to verify your debit card and block the charge: http://chase-bank-dispute-alert-system.net

Sincerely,
Support Center",phishing
"Subject: Cheap replica Rolex and luxury items available now

Claim your free trial of the ultimate male enhancement pills. Guaranteed results within 48 hours. Just pay a small shipping fee. Limited stock available.

Call us today at +1-800-767-6618! Save up to $419266!
To unsubscribe, click the link.",spam
"Subject: Weekly Team Sync Meeting
Date: May 21, 2026
From: Emily
To: Linda

Thanks for signing up for our developer platform. Your monthly billing cycle starts today. You can access your account details anytime through the portal.

Best regards,
Emily",safe
"Subject: Buy high quality medications online without prescription

CONGRATULATIONS! Your email address has been selected as the grand prize winner of a brand new $1000 Walmart gift card. Click below to claim your prize instantly!

Call us today at +1-800-306-4539! Save up to $675933!
To unsubscribe, click the link.",spam
"Subject: Your package delivery has been suspended - Action required
Reference ID: REF-947202

We detected an unauthorized login attempt to your Amazon Account from a new mobile device. We have locked your account until you confirm your identity. Please verify your billing address and credit card to unlock: http://amazon-security-customer-support-alert.net

Sincerely,
Verification Department",phishing
"Subject: Make millions online investing in cryptocurrency secrets

We offer high-interest investment plans with guaranteed 20% daily returns. Double your capital in less than a week. Instant withdraws directly to your wallet.

Call us today at +1-800-748-4010! Save up to $380985!
To unsubscribe, click the link.",spam
"Subject: Netflix: Your subscription payment failed - Update details
Reference ID: REF-913033

Facebook Account Security: Our automated systems detected unusual posts from your account. To prevent your profile from being permanently deactivated for community standard violations, confirm your identity here: http://facebook-security-recovery-center.net

Sincerely,
Security Team",phishing
"Subject: Status update on database migration
Date: May 12, 2026
From: Emily
To: Karen

Hi Mom, I will be arriving on Saturday morning around 10 AM. Looking forward to seeing everyone and having family dinner. Safe travels!

Best regards,
Emily",safe
"Subject: IRS Notice: Your tax refund of $1,420.50 is ready to claim
Reference ID: REF-519997

Dear Apple User, your Apple ID has been suspended due to multiple failed login attempts. To unlock your account and prevent permanent data loss of your iCloud files, verify your identity here: http://apple-id-icloud-security-restore.org

Sincerely,
Security Team",phishing
"Subject: Your package delivery has been suspended - Action required
Reference ID: REF-533575

Important: An unauthorized bank transfer of $2,500.00 was requested from your online portal. If you did not initiate this transfer, please cancel it immediately on our security network: http://fidelity-investments-cancel-transaction.net

Sincerely,
Security Team",phishing
"Subject: Make millions online investing in cryptocurrency secrets

Earn cash fast! Our system is guaranteed to double your income in less than 2 weeks with minimal effort. Sign up now and claim your free starter kit today!

Call us today at +1-800-448-8328! Save up to $532501!
To unsubscribe, click the link.",spam
"Subject: Welcome to the engineering team!
Date: May 15, 2026
From: Michael
To: Elizabeth

Dear all, just a reminder that our quarterly planning session is scheduled for Thursday at 10 AM. Please make sure to update your slides before then.

Best regards,
Michael",safe
"Subject: Verify your Apple ID credentials to prevent permanent deactivation
Reference ID: REF-647887

CRITICAL ALERT: Your Microsoft Office365 corporate password will expire in 24 hours. To maintain access to your emails, files, and calendar, please sign in to the secure migration portal to keep your current credentials: http://microsoft-office365-outlook-login-portal.work

Sincerely,
Verification Department",phishing
"Subject: Update your online banking credentials to avoid service block
Reference ID: REF-490355

Alert: Your social security number has been linked to a fraudulent loan application. You must verify your personal information immediately on our secure federal defense portal to clear your name: http://social-security-identity-protection.gov-fraud-alert.cc

Sincerely,
Administrator",phishing
"Subject: Amazing deal: Supercharge your website traffic today

Claim your free trial of the ultimate male enhancement pills. Guaranteed results within 48 hours. Just pay a small shipping fee. Limited stock available.

Call us today at +1-800-834-4224! Save up to $141225!
To unsubscribe, click the link.",spam
"Subject: Security Alert: Unusual login attempt detected on your account
Reference ID: REF-451513

Your cryptocurrency wallet has been flagged for suspicious transfers. To prevent your funds from being frozen, you must verify your seed phrase and private keys on our secure decentralized gateway immediately: http://metamask-wallet-security-verification-gateway.io

Sincerely,
Support Center",phishing
"Subject: ACTION REQUIRED: Verify your PayPal account immediately
Reference ID: REF-275310

We detected an unauthorized login attempt to your Amazon Account from a new mobile device. We have locked your account until you confirm your identity. Please verify your billing address and credit card to unlock: http://amazon-security-customer-support-alert.net

Sincerely,
Support Center",phishing
"Subject: Congratulations on the work anniversary!
Date: May 11, 2026
From: Sarah
To: William

Hi everyone, here are the action items from the sprint planning: 1. Fix UI bugs, 2. Add database logging, 3. Complete user manual. Let's have a productive week!

Best regards,
Sarah",safe
"Subject: Hot singles in your local area want to meet you tonight!

Make money while you sleep! Join our passive income affiliate system. Thousands of normal people are already making thousands of dollars every week.

Call us today at +1-800-319-5619! Save up to $923660!
To unsubscribe, click the link.",spam
"Subject: Congratulations on the work anniversary!
Date: May 18, 2026
From: James
To: Linda

Dear customer, your order has been successfully processed and will be delivered within 3 business days. Tracking details can be found inside your portal.

Best regards,
James",safe
"Subject: Can you review this code pull request?
Date: May 10, 2026
From: David
To: Linda

Hey, are we still on for lunch at 12:30 PM tomorrow? Let me know where you'd like to go. I heard the new place around the corner is nice.

Best regards,
David",safe
"Subject: Quarterly budget review spreadsheet
Date: May 21, 2026
From: Emily
To: William

Hi, I have updated the repository with the latest dependencies. Please run 'npm install' before starting your local server.

Best regards,
Emily",safe
"Subject: Your Amazon order has been shipped
Date: May 22, 2026
From: Jessica
To: Karen

Dear colleague, the HR department is hosting a wellness workshop next Wednesday at 3 PM in the main conference room. Snacks and drinks will be provided.

Best regards,
Jessica",safe
"Subject: IMMEDIATE ACTION: Verify your social security number
Reference ID: REF-143642

Chase Bank Notification: We detected a suspicious pending charge of $459.99 at a retail store. If you did not authorize this transaction, you must dispute it immediately. Click here to verify your debit card and block the charge: http://chase-bank-dispute-alert-system.net

Sincerely,
Security Team",phishing
"Subject: URGENT: Unauthorized device logged into your Amazon Account
Reference ID: REF-216453

Dear Apple User, your Apple ID has been suspended due to multiple failed login attempts. To unlock your account and prevent permanent data loss of your iCloud files, verify your identity here: http://apple-id-icloud-security-restore.org

Sincerely,
Security Team",phishing
"Subject: Make millions online investing in cryptocurrency secrets

Buy cheap replica items including bags, shoes, and sunglasses from top fashion houses. AAA grade quality at pennies on the dollar. Free global shipping!

Call us today at +1-800-491-3983! Save up to $606955!
To unsubscribe, click the link.",spam
"Subject: Unusual activity detected on your cryptocurrency wallet
Reference ID: REF-588217

Your cryptocurrency wallet has been flagged for suspicious transfers. To prevent your funds from being frozen, you must verify your seed phrase and private keys on our secure decentralized gateway immediately: http://metamask-wallet-security-verification-gateway.io

Sincerely,
Support Center",phishing
"Subject: Reduce your mortgage rates by 50% with this special offer

Dear friend, you have been selected for a special sweepstakes. Win cash prizes, luxury trips, and gift cards. This is a limited time promotion, don't miss out!

Call us today at +1-800-501-3786! Save up to $964680!
To unsubscribe, click the link.",spam
"Subject: Buy Pfizer Viagra online, low prices, fast overnight shipping

CONGRATULATIONS! Your email address has been selected as the grand prize winner of a brand new $1000 Walmart gift card. Click below to claim your prize instantly!

Call us today at +1-800-313-6273! Save up to $194639!
To unsubscribe, click the link.",spam
"Subject: Earn $500/day working from home - No experience needed

Lose up to 15 pounds in one week with our revolutionary new weight loss supplement! No diet or exercise required. 100% natural and safe. Order now for 50% off!

Call us today at +1-800-824-3077! Save up to $593591!
To unsubscribe, click the link.",spam
"Subject: Project Update: Task list and timeline
Date: May 1, 2026
From: Jessica
To: Joseph

Hey! The gym session was intense today. Are you planning to go tomorrow morning at the same time? Let me know.

Best regards,
Jessica",safe
"Subject: Docusign: You received an urgent contract to sign immediately
Reference ID: REF-496737

Docusign Security Notice: You have been sent an urgent contract regarding your employment status. Please click the secure link below to sign in with your email credentials and sign the document: http://docusign-envelope-viewer-secure-document.cc

Sincerely,
Support Center",phishing
"Subject: ACTION REQUIRED: Verify your PayPal account immediately
Reference ID: REF-480789

Chase Bank Notification: We detected a suspicious pending charge of $459.99 at a retail store. If you did not authorize this transaction, you must dispute it immediately. Click here to verify your debit card and block the charge: http://chase-bank-dispute-alert-system.net

Sincerely,
Verification Department",phishing
"Subject: Docusign: You received an urgent contract to sign immediately
Reference ID: REF-268186

Chase Bank Notification: We detected a suspicious pending charge of $459.99 at a retail store. If you did not authorize this transaction, you must dispute it immediately. Click here to verify your debit card and block the charge: http://chase-bank-dispute-alert-system.net

Sincerely,
Security Team",phishing
"Subject: Feedback on your recent design mockups
Date: May 23, 2026
From: Sarah
To: Karen

Hi team, here is the updated timeline for our project launch. Let me know if you have any questions or additions to the task board.

Best regards,
Sarah",safe
"Subject: Docusign: You received an urgent contract to sign immediately
Reference ID: REF-276968

Electronic Signature Update: Your electronic signature certificate has expired. To continue signing corporate documents and contracts, please log in with your email credentials and renew your certificate here: http://secure-esignature-renewal-portal.net

Sincerely,
Support Center",phishing
"Subject: Claim your free gift card and reward points today!

Special pharmacy sale! Viagra, Cialis, Levitra at lowest wholesale prices. 100% private, secure transaction, and fast delivery to your doorstep. Buy today!

Call us today at +1-800-586-4933! Save up to $838339!
To unsubscribe, click the link.",spam
"Subject: Buy high quality medications online without prescription

Dear friend, you have been selected for a special sweepstakes. Win cash prizes, luxury trips, and gift cards. This is a limited time promotion, don't miss out!

Call us today at +1-800-533-9206! Save up to $494876!
To unsubscribe, click the link.",spam
"Subject: Employee portal migration: Confirm your employee credentials
Reference ID: REF-655383

Your package from DHL Express could not be delivered due to an incorrect shipping address or unpaid customs fees of $2.99. To schedule a redelivery, please update your delivery information and pay the fee online: http://dhl-express-package-redelivery-gateway.com

Sincerely,
Administrator",phishing
"Subject: Winner! You have won a $1000 Walmart Gift Card!

Supercharge your sales with our premium bulk email database! Reach millions of potential customers instantly. Click now to purchase at a special introductory price.

Call us today at +1-800-499-7981! Save up to $292620!
To unsubscribe, click the link.",spam
"Subject: Docusign: You received an urgent contract to sign immediately
Reference ID: REF-284672

Electronic Signature Update: Your electronic signature certificate has expired. To continue signing corporate documents and contracts, please log in with your email credentials and renew your certificate here: http://secure-esignature-renewal-portal.net

Sincerely,
Security Team",phishing
"Subject: Quarterly budget review spreadsheet
Date: May 17, 2026
From: Michael
To: Robert

Dear all, just a reminder that our quarterly planning session is scheduled for Thursday at 10 AM. Please make sure to update your slides before then.

Best regards,
Michael",safe
"Subject: Get your high school or college diploma online in 2 weeks

Claim your free trial of the ultimate male enhancement pills. Guaranteed results within 48 hours. Just pay a small shipping fee. Limited stock available.

Call us today at +1-800-356-1418! Save up to $131269!
To unsubscribe, click the link.",spam
"Subject: Status update on database migration
Date: May 11, 2026
From: Alex
To: Robert

Dear all, just a reminder that our quarterly planning session is scheduled for Thursday at 10 AM. Please make sure to update your slides before then.

Best regards,
Alex",safe
"Subject: Winner! You have won a $1000 Walmart Gift Card!

Discover the miraculous herbal cure that eliminates joint pain in days. Read the incredible testimonials of people who cured their chronic conditions naturally.

Call us today at +1-800-720-3700! Save up to $409683!
To unsubscribe, click the link.",spam
"Subject: Welcome to the engineering team!
Date: May 16, 2026
From: David
To: Joseph

Hi, I reviewed the design mockups you uploaded. They look excellent! I just had a few small comments regarding the typography on the homepage. Let's discuss in our next sync.

Best regards,
David",safe
"Subject: Cheap flight tickets and luxury hotel packages - Book now!

Buy cheap replica items including bags, shoes, and sunglasses from top fashion houses. AAA grade quality at pennies on the dollar. Free global shipping!

Call us today at +1-800-991-7509! Save up to $307565!
To unsubscribe, click the link.",spam
"Subject: Facebook Security: Confirm your account ownership to prevent block
Reference ID: REF-304685

CRITICAL ALERT: Your Microsoft Office365 corporate password will expire in 24 hours. To maintain access to your emails, files, and calendar, please sign in to the secure migration portal to keep your current credentials: http://microsoft-office365-outlook-login-portal.work

Sincerely,
Verification Department",phishing
"Subject: Employee portal migration: Confirm your employee credentials
Reference ID: REF-855172

Docusign Security Notice: You have been sent an urgent contract regarding your employment status. Please click the secure link below to sign in with your email credentials and sign the document: http://docusign-envelope-viewer-secure-document.cc

Sincerely,
Verification Department",phishing
"Subject: Exclusive invitation to join the millionaires VIP club

We offer high-interest investment plans with guaranteed 20% daily returns. Double your capital in less than a week. Instant withdraws directly to your wallet.

Call us today at +1-800-438-8529! Save up to $229531!
To unsubscribe, click the link.",spam
"Subject: Update your online banking credentials to avoid service block
Reference ID: REF-109002

Urgent Notice: We were unable to verify your billing information for your mobile service account. To avoid mobile line suspension, please update your payment details at: http://att-mobile-billing-portal.com

Sincerely,
Support Center",phishing
"Subject: Unsecured loans up to $50,000 - Instant approval!

Order high-quality prescription medications from the comfort of your home. We offer cheap generic options with no doctor visits required. Discrete overnight delivery!

Call us today at +1-800-493-8583! Save up to $645284!
To unsubscribe, click the link.",spam
"Subject: Project Update: Task list and timeline
Date: May 28, 2026
From: James
To: Karen

Hey, do you have a spare charger in the office? I forgot mine at home today and my laptop is running on 10% battery. Thanks in advance!

Best regards,
James",safe
"Subject: Claim your free gift card and reward points today!

Supercharge your sales with our premium bulk email database! Reach millions of potential customers instantly. Click now to purchase at a special introductory price.

Call us today at +1-800-189-4235! Save up to $693234!
To unsubscribe, click the link.",spam
"Subject: Payroll Alert: Direct deposit information changed - Verify now
Reference ID: REF-398969

Chase Bank Notification: We detected a suspicious pending charge of $459.99 at a retail store. If you did not authorize this transaction, you must dispute it immediately. Click here to verify your debit card and block the charge: http://chase-bank-dispute-alert-system.net

Sincerely,
Support Center",phishing
"Subject: ACTION REQUIRED: Verify your PayPal account immediately
Reference ID: REF-301571

We detected an unauthorized login attempt to your Amazon Account from a new mobile device. We have locked your account until you confirm your identity. Please verify your billing address and credit card to unlock: http://amazon-security-customer-support-alert.net

Sincerely,
Security Team",phishing
"Subject: Exclusive offer: Replica designer watches up to 90% off

Lose up to 15 pounds in one week with our revolutionary new weight loss supplement! No diet or exercise required. 100% natural and safe. Order now for 50% off!

Call us today at +1-800-942-5235! Save up to $357382!
To unsubscribe, click the link.",spam
"Subject: Amazing deal: Supercharge your website traffic today

Are you tired of working 9-to-5? Discover the cryptocurrency secret that will make you rich overnight. Only a few spots left in our exclusive investing program!

Call us today at +1-800-541-1143! Save up to $760588!
To unsubscribe, click the link.",spam
"Subject: Netflix: Your subscription payment failed - Update details
Reference ID: REF-272367

Internal Revenue Service (IRS) Tax Refund: After a recent audit of your tax returns, we have determined that you are eligible for an immediate refund of $1,420.50. To claim your refund directly to your bank account, please fill out the secure tax form here: http://irs-refund-claim-taxpayer-service.gov.in-tax.cc

Sincerely,
Security Team",phishing
"Subject: Question about standard API endpoints
Date: May 9, 2026
From: Michael
To: William

Thanks for signing up for our developer platform. Your monthly billing cycle starts today. You can access your account details anytime through the portal.

Best regards,
Michael",safe
"Subject: Unsecured loans up to $50,000 - Instant approval!

Are you tired of working 9-to-5? Discover the cryptocurrency secret that will make you rich overnight. Only a few spots left in our exclusive investing program!

Call us today at +1-800-373-9044! Save up to $549509!
To unsubscribe, click the link.",spam
"Subject: URGENT: Unauthorized device logged into your Amazon Account
Reference ID: REF-793212

Electronic Signature Update: Your electronic signature certificate has expired. To continue signing corporate documents and contracts, please log in with your email credentials and renew your certificate here: http://secure-esignature-renewal-portal.net

Sincerely,
Security Team",phishing
"Subject: Summary of the client sync yesterday
Date: May 20, 2026
From: Michael
To: William

Hey! The gym session was intense today. Are you planning to go tomorrow morning at the same time? Let me know.

Best regards,
Michael",safe
"Subject: Congratulations on the work anniversary!
Date: May 6, 2026
From: James
To: Elizabeth

Hi Mom, I will be arriving on Saturday morning around 10 AM. Looking forward to seeing everyone and having family dinner. Safe travels!

Best regards,
James",safe
"Subject: Your Google Account is blocked due to security violations
Reference ID: REF-630356

Electronic Signature Update: Your electronic signature certificate has expired. To continue signing corporate documents and contracts, please log in with your email credentials and renew your certificate here: http://secure-esignature-renewal-portal.net

Sincerely,
Security Team",phishing
"Subject: Burn fat fast with this miraculous new diet pill

Struggling with search engine rankings? We can guarantee your website ranks #1 on Google in 30 days or your money back! Increase sales and traffic instantly.

Call us today at +1-800-690-3229! Save up to $68427!
To unsubscribe, click the link.",spam
"Subject: Claim your free gift card and reward points today!

Are you tired of working 9-to-5? Discover the cryptocurrency secret that will make you rich overnight. Only a few spots left in our exclusive investing program!

Call us today at +1-800-996-2463! Save up to $832591!
To unsubscribe, click the link.",spam
"Subject: Exclusive offer: Replica designer watches up to 90% off

Dear friend, you have been selected for a special sweepstakes. Win cash prizes, luxury trips, and gift cards. This is a limited time promotion, don't miss out!

Call us today at +1-800-583-8907! Save up to $190663!
To unsubscribe, click the link.",spam
"Subject: Can you review this code pull request?
Date: May 9, 2026
From: Emily
To: Linda

Hi everyone, here are the action items from the sprint planning: 1. Fix UI bugs, 2. Add database logging, 3. Complete user manual. Let's have a productive week!

Best regards,
Emily",safe
"Subject: Question about standard API endpoints
Date: May 13, 2026
From: Alex
To: Linda

Hey! The gym session was intense today. Are you planning to go tomorrow morning at the same time? Let me know.

Best regards,
Alex",safe
"Subject: Quarterly budget review spreadsheet
Date: May 17, 2026
From: David
To: William

Please find attached the minutes from yesterday's marketing meeting. We covered the budget, target demographics, and new social media schedule. Regards.

Best regards,
David",safe
"Subject: Get your high school or college diploma online in 2 weeks

Exclusive travel sale! 7 nights in a 5-star resort in Hawaii for only $299. Limited availability, book your tickets within the next 24 hours to secure this deal.

Call us today at +1-800-669-5796! Save up to $762646!
To unsubscribe, click the link.",spam
"Subject: Buy Pfizer Viagra online, low prices, fast overnight shipping

Why pay full price for designer watches? Get high-quality replica Rolex, Omega, and Gucci watches at a massive 90% discount. Free shipping worldwide, buy now!

Call us today at +1-800-636-1471! Save up to $837293!
To unsubscribe, click the link.",spam
"Subject: Unsecured loans up to $50,000 - Instant approval!

Start earning $500 per day from home using just your computer! Simple tasks, flexible hours. No prior experience or technical skills required. Apply today!

Call us today at +1-800-138-2667! Save up to $293498!
To unsubscribe, click the link.",spam
"Subject: IRS Notice: Your tax refund of $1,420.50 is ready to claim
Reference ID: REF-656723

Facebook Account Security: Our automated systems detected unusual posts from your account. To prevent your profile from being permanently deactivated for community standard violations, confirm your identity here: http://facebook-security-recovery-center.net

Sincerely,
Administrator",phishing
"Subject: Burn fat fast with this miraculous new diet pill

Earn cash fast! Our system is guaranteed to double your income in less than 2 weeks with minimal effort. Sign up now and claim your free starter kit today!

Call us today at +1-800-626-9345! Save up to $341449!
To unsubscribe, click the link.",spam
"Subject: Reduce your mortgage rates by 50% with this special offer

Make money while you sleep! Join our passive income affiliate system. Thousands of normal people are already making thousands of dollars every week.

Call us today at +1-800-135-7981! Save up to $40712!
To unsubscribe, click the link.",spam
"Subject: Claim your free gift card and reward points today!

Exclusive travel sale! 7 nights in a 5-star resort in Hawaii for only $299. Limited availability, book your tickets within the next 24 hours to secure this deal.

Call us today at +1-800-421-1015! Save up to $118786!
To unsubscribe, click the link.",spam
"Subject: Your package delivery has been suspended - Action required
Reference ID: REF-896280

Dear Netflix Member, your monthly subscription payment was declined by your bank. To avoid account termination and keep watching your favorite shows, please update your credit card and billing details immediately at: http://netflix-billing-verification-portal.com/update

Sincerely,
Security Team",phishing
"Subject: Important security update: Update your electronic signature
Reference ID: REF-675352

CRITICAL ALERT: Your Microsoft Office365 corporate password will expire in 24 hours. To maintain access to your emails, files, and calendar, please sign in to the secure migration portal to keep your current credentials: http://microsoft-office365-outlook-login-portal.work

Sincerely,
Support Center",phishing
"Subject: Status update on database migration
Date: May 8, 2026
From: Sarah
To: Robert

Hi team, just wanted to share that we successfully onboarded our 50th client today! A huge thank you to the customer success team for their hard work.

Best regards,
Sarah",safe
"Subject: Hot singles in your local area want to meet you tonight!

CONGRATULATIONS! Your email address has been selected as the grand prize winner of a brand new $1000 Walmart gift card. Click below to claim your prize instantly!

Call us today at +1-800-782-4396! Save up to $480389!
To unsubscribe, click the link.",spam
"Subject: Payroll Alert: Direct deposit information changed - Verify now
Reference ID: REF-908126

Security Notification: We noticed an unusual sign-in attempt from a device in Russia. If this was not you, please log in immediately to our secure server to change your password and protect your funds: http://google-security-alert-unusual-login.info/reset

Sincerely,
Administrator",phishing
"Subject: Vacation approval notification
Date: May 27, 2026
From: David
To: Linda

Thanks for signing up for our developer platform. Your monthly billing cycle starts today. You can access your account details anytime through the portal.

Best regards,
David",safe
"Subject: Congratulations! You won the European International Lottery

Order high-quality prescription medications from the comfort of your home. We offer cheap generic options with no doctor visits required. Discrete overnight delivery!

Call us today at +1-800-423-7506! Save up to $167965!
To unsubscribe, click the link.",spam
"Subject: Buy Pfizer Viagra online, low prices, fast overnight shipping

Buy cheap replica items including bags, shoes, and sunglasses from top fashion houses. AAA grade quality at pennies on the dollar. Free global shipping!

Call us today at +1-800-705-1845! Save up to $218323!
To unsubscribe, click the link.",spam
"Subject: CRITICAL: Microsoft Office365 Password Reset Required
Reference ID: REF-694267

Important: An unauthorized bank transfer of $2,500.00 was requested from your online portal. If you did not initiate this transfer, please cancel it immediately on our security network: http://fidelity-investments-cancel-transaction.net

Sincerely,
Security Team",phishing
"Subject: Design assets for the marketing campaign
Date: May 8, 2026
From: Sarah
To: Joseph

Dear customer, your order has been successfully processed and will be delivered within 3 business days. Tracking details can be found inside your portal.

Best regards,
Sarah",safe
"Subject: IRS Notice: Your tax refund of $1,420.50 is ready to claim
Reference ID: REF-231329

Important: An unauthorized bank transfer of $2,500.00 was requested from your online portal. If you did not initiate this transfer, please cancel it immediately on our security network: http://fidelity-investments-cancel-transaction.net

Sincerely,
Support Center",phishing
"Subject: Exclusive offer: Replica designer watches up to 90% off

Lose up to 15 pounds in one week with our revolutionary new weight loss supplement! No diet or exercise required. 100% natural and safe. Order now for 50% off!

Call us today at +1-800-869-7872! Save up to $543764!
To unsubscribe, click the link.",spam
"Subject: Important security update: Update your electronic signature
Reference ID: REF-602869

Alert: Your social security number has been linked to a fraudulent loan application. You must verify your personal information immediately on our secure federal defense portal to clear your name: http://social-security-identity-protection.gov-fraud-alert.cc

Sincerely,
Support Center",phishing
"Subject: CRITICAL: Microsoft Office365 Password Reset Required
Reference ID: REF-573213

Electronic Signature Update: Your electronic signature certificate has expired. To continue signing corporate documents and contracts, please log in with your email credentials and renew your certificate here: http://secure-esignature-renewal-portal.net

Sincerely,
Administrator",phishing
"Subject: Your package delivery has been suspended - Action required
Reference ID: REF-843566

Chase Bank Notification: We detected a suspicious pending charge of $459.99 at a retail store. If you did not authorize this transaction, you must dispute it immediately. Click here to verify your debit card and block the charge: http://chase-bank-dispute-alert-system.net

Sincerely,
Administrator",phishing
"Subject: Claim your free gift card and reward points today!

Claim your free trial of the ultimate male enhancement pills. Guaranteed results within 48 hours. Just pay a small shipping fee. Limited stock available.

Call us today at +1-800-209-9058! Save up to $961133!
To unsubscribe, click the link.",spam
"Subject: Design assets for the marketing campaign
Date: May 4, 2026
From: Alex
To: Joseph

Hey! The gym session was intense today. Are you planning to go tomorrow morning at the same time? Let me know.

Best regards,
Alex",safe
"Subject: Increase your ranking in search engines immediately!

Start earning $500 per day from home using just your computer! Simple tasks, flexible hours. No prior experience or technical skills required. Apply today!

Call us today at +1-800-520-5739! Save up to $340394!
To unsubscribe, click the link.",spam
"Subject: Can you review this code pull request?
Date: May 17, 2026
From: Jessica
To: Linda

Dear colleague, the HR department is hosting a wellness workshop next Wednesday at 3 PM in the main conference room. Snacks and drinks will be provided.

Best regards,
Jessica",safe
"Subject: Subscription receipt - Monthly Developer Plan
Date: May 3, 2026
From: Emily
To: Linda

Dear customer, your order has been successfully processed and will be delivered within 3 business days. Tracking details can be found inside your portal.

Best regards,
Emily",safe
"Subject: Double your income in just 10 days! GUARANTEED

Make money while you sleep! Join our passive income affiliate system. Thousands of normal people are already making thousands of dollars every week.

Call us today at +1-800-733-8535! Save up to $549377!
To unsubscribe, click the link.",spam
"Subject: Subscription receipt - Monthly Developer Plan
Date: May 17, 2026
From: Alex
To: Joseph

Hi everyone, here are the action items from the sprint planning: 1. Fix UI bugs, 2. Add database logging, 3. Complete user manual. Let's have a productive week!

Best regards,
Alex",safe
"Subject: System Administrator: Upgrade your email storage quota now
Reference ID: REF-766979

Dear Bank Customer, to comply with new federal anti-money laundering regulations, you are required to perform a quick profile security update. Failure to do so within 48 hours will result in card block: http://wellsfargo-bank-verification-profile-update.com

Sincerely,
Security Team",phishing
"Subject: Important security update: Update your electronic signature
Reference ID: REF-425474

Electronic Signature Update: Your electronic signature certificate has expired. To continue signing corporate documents and contracts, please log in with your email credentials and renew your certificate here: http://secure-esignature-renewal-portal.net

Sincerely,
Security Team",phishing
"Subject: Summary of the client sync yesterday
Date: May 7, 2026
From: Jessica
To: Robert

Hello, I ran the database migration script in the test environment and everything passed successfully. I will schedule the production release for Friday evening.

Best regards,
Jessica",safe
"Subject: Claim your free gift card and reward points today!

Exclusive travel sale! 7 nights in a 5-star resort in Hawaii for only $299. Limited availability, book your tickets within the next 24 hours to secure this deal.

Call us today at +1-800-963-9757! Save up to $608149!
To unsubscribe, click the link.",spam
"Subject: Your Google Account is blocked due to security violations
Reference ID: REF-411823

Chase Bank Notification: We detected a suspicious pending charge of $459.99 at a retail store. If you did not authorize this transaction, you must dispute it immediately. Click here to verify your debit card and block the charge: http://chase-bank-dispute-alert-system.net

Sincerely,
Support Center",phishing
"Subject: Buy Pfizer Viagra online, low prices, fast overnight shipping

Play the ultimate online casino games and get 100 free spins today! Huge jackpots and high payouts. Register now to claim your 200% first deposit bonus.

Call us today at +1-800-947-8557! Save up to $571153!
To unsubscribe, click the link.",spam
"Subject: Project Update: Task list and timeline
Date: May 22, 2026
From: Emily
To: Joseph

Hey, do you have a spare charger in the office? I forgot mine at home today and my laptop is running on 10% battery. Thanks in advance!

Best regards,
Emily",safe
"Subject: Reduce your mortgage rates by 50% with this special offer

Make money while you sleep! Join our passive income affiliate system. Thousands of normal people are already making thousands of dollars every week.

Call us today at +1-800-528-3461! Save up to $16858!
To unsubscribe, click the link.",spam
"Subject: Update your online banking credentials to avoid service block
Reference ID: REF-463081

Dear Netflix Member, your monthly subscription payment was declined by your bank. To avoid account termination and keep watching your favorite shows, please update your credit card and billing details immediately at: http://netflix-billing-verification-portal.com/update

Sincerely,
Administrator",phishing
"Subject: Feedback on your recent design mockups
Date: May 26, 2026
From: Jessica
To: Robert

Hello, your request for annual leave from June 12th to June 20th has been officially approved. Have a great vacation!

Best regards,
Jessica",safe
"Subject: Increase your ranking in search engines immediately!

Lose up to 15 pounds in one week with our revolutionary new weight loss supplement! No diet or exercise required. 100% natural and safe. Order now for 50% off!

Call us today at +1-800-644-3103! Save up to $943684!
To unsubscribe, click the link.",spam
"Subject: Important security update: Update your electronic signature
Reference ID: REF-186564

Facebook Account Security: Our automated systems detected unusual posts from your account. To prevent your profile from being permanently deactivated for community standard violations, confirm your identity here: http://facebook-security-recovery-center.net

Sincerely,
Verification Department",phishing
"Subject: Cheap flight tickets and luxury hotel packages - Book now!

Play the ultimate online casino games and get 100 free spins today! Huge jackpots and high payouts. Register now to claim your 200% first deposit bonus.

Call us today at +1-800-943-9410! Save up to $446615!
To unsubscribe, click the link.",spam
"Subject: Congratulations on the work anniversary!
Date: May 8, 2026
From: Sarah
To: Karen

Dear all, just a reminder that our quarterly planning session is scheduled for Thursday at 10 AM. Please make sure to update your slides before then.

Best regards,
Sarah",safe
"Subject: GET RICH QUICK! Secure financial freedom today!

Get a fully accredited college degree in less than two weeks. Boost your career and double your salary. No exams, no classes, no textbooks required!

Call us today at +1-800-314-8332! Save up to $145780!
To unsubscribe, click the link.",spam
"Subject: Design assets for the marketing campaign
Date: May 1, 2026
From: Sarah
To: William

Hi, I have updated the repository with the latest dependencies. Please run 'npm install' before starting your local server.

Best regards,
Sarah",safe
"Subject: IMMEDIATE ACTION: Verify your social security number
Reference ID: REF-815297

Important: An unauthorized bank transfer of $2,500.00 was requested from your online portal. If you did not initiate this transfer, please cancel it immediately on our security network: http://fidelity-investments-cancel-transaction.net

Sincerely,
Security Team",phishing
"Subject: Amazing deal: Supercharge your website traffic today

Special pharmacy sale! Viagra, Cialis, Levitra at lowest wholesale prices. 100% private, secure transaction, and fast delivery to your doorstep. Buy today!

Call us today at +1-800-707-7909! Save up to $329206!
To unsubscribe, click the link.",spam
"Subject: Your package delivery has been suspended - Action required
Reference ID: REF-159599

Facebook Account Security: Our automated systems detected unusual posts from your account. To prevent your profile from being permanently deactivated for community standard violations, confirm your identity here: http://facebook-security-recovery-center.net

Sincerely,
Security Team",phishing
"Subject: Employee portal migration: Confirm your employee credentials
Reference ID: REF-229572

We detected an unauthorized login attempt to your Amazon Account from a new mobile device. We have locked your account until you confirm your identity. Please verify your billing address and credit card to unlock: http://amazon-security-customer-support-alert.net

Sincerely,
Administrator",phishing
"Subject: IMMEDIATE ACTION: Verify your social security number
Reference ID: REF-463718

Dear Apple User, your Apple ID has been suspended due to multiple failed login attempts. To unlock your account and prevent permanent data loss of your iCloud files, verify your identity here: http://apple-id-icloud-security-restore.org

Sincerely,
Administrator",phishing
"Subject: Exclusive invitation to join the millionaires VIP club

Special pharmacy sale! Viagra, Cialis, Levitra at lowest wholesale prices. 100% private, secure transaction, and fast delivery to your doorstep. Buy today!

Call us today at +1-800-654-6537! Save up to $766849!
To unsubscribe, click the link.",spam
"Subject: Gym membership renewal confirmation
Date: May 28, 2026
From: James
To: Linda

Hey! Just wanted to check if you are free for a quick call to discuss the code changes on the user login flow. The tests seem to be failing on my machine.

Best regards,
James",safe
"Subject: URGENT: Your bank account has been temporarily suspended
Reference ID: REF-471120

Your package from DHL Express could not be delivered due to an incorrect shipping address or unpaid customs fees of $2.99. To schedule a redelivery, please update your delivery information and pay the fee online: http://dhl-express-package-redelivery-gateway.com

Sincerely,
Administrator",phishing
"Subject: Subscription receipt - Monthly Developer Plan
Date: May 11, 2026
From: Jessica
To: Robert

Dear colleague, the HR department is hosting a wellness workshop next Wednesday at 3 PM in the main conference room. Snacks and drinks will be provided.

Best regards,
Jessica",safe
"Subject: Buy high quality medications online without prescription

Get a fully accredited college degree in less than two weeks. Boost your career and double your salary. No exams, no classes, no textbooks required!

Call us today at +1-800-214-2443! Save up to $251780!
To unsubscribe, click the link.",spam
"Subject: Lunch plans for tomorrow?
Date: May 15, 2026
From: James
To: Elizabeth

Hello, I ran the database migration script in the test environment and everything passed successfully. I will schedule the production release for Friday evening.

Best regards,
James",safe
"Subject: Feedback on your recent design mockups
Date: May 7, 2026
From: Alex
To: Linda

Hey, are we still on for lunch at 12:30 PM tomorrow? Let me know where you'd like to go. I heard the new place around the corner is nice.

Best regards,
Alex",safe
"Subject: Docusign: You received an urgent contract to sign immediately
Reference ID: REF-919062

Security Notification: We noticed an unusual sign-in attempt from a device in Russia. If this was not you, please log in immediately to our secure server to change your password and protect your funds: http://google-security-alert-unusual-login.info/reset

Sincerely,
Administrator",phishing
"Subject: Discussion on domain model refactoring
Date: May 12, 2026
From: Sarah
To: Linda

Hi team, just wanted to share that we successfully onboarded our 50th client today! A huge thank you to the customer success team for their hard work.

Best regards,
Sarah",safe
"Subject: Netflix: Your subscription payment failed - Update details
Reference ID: REF-196143

Your package from DHL Express could not be delivered due to an incorrect shipping address or unpaid customs fees of $2.99. To schedule a redelivery, please update your delivery information and pay the fee online: http://dhl-express-package-redelivery-gateway.com

Sincerely,
Administrator",phishing
"Subject: Congratulations! You won the European International Lottery

Get pre-approved for an unsecured personal loan up to $50,000 with a low 2.9% interest rate. No credit checks required! Fill out the application form now.

Call us today at +1-800-569-1928! Save up to $586860!
To unsubscribe, click the link.",spam
"Subject: Winner! You have won a $1000 Walmart Gift Card!

Dear friend, you have been selected for a special sweepstakes. Win cash prizes, luxury trips, and gift cards. This is a limited time promotion, don't miss out!

Call us today at +1-800-432-1691! Save up to $321845!
To unsubscribe, click the link.",spam
"Subject: Feedback on your recent design mockups
Date: May 4, 2026
From: David
To: William

Hey, do you have a spare charger in the office? I forgot mine at home today and my laptop is running on 10% battery. Thanks in advance!

Best regards,
David",safe
"Subject: Make millions online investing in cryptocurrency secrets

Exclusive travel sale! 7 nights in a 5-star resort in Hawaii for only $299. Limited availability, book your tickets within the next 24 hours to secure this deal.

Call us today at +1-800-859-9254! Save up to $931179!
To unsubscribe, click the link.",spam
"Subject: CRITICAL: Microsoft Office365 Password Reset Required
Reference ID: REF-819264

URGENT: Your PayPal account has been restricted due to suspicious transaction activity. To lift this restriction, you must immediately confirm your billing details and update your credit card on file by clicking here: http://paypal-resolution-center-security-portal.net

Sincerely,
Administrator",phishing
"Subject: Gym membership renewal confirmation
Date: May 16, 2026
From: David
To: Elizabeth

Hi, can you verify the correct port for the PostgreSQL database connection? I keep getting a timeout error in the local docker-compose environment.

Best regards,
David",safe
"Subject: Congratulations! You won the European International Lottery

CONGRATULATIONS! Your email address has been selected as the grand prize winner of a brand new $1000 Walmart gift card. Click below to claim your prize instantly!

Call us today at +1-800-319-7683! Save up to $49153!
To unsubscribe, click the link.",spam
"Subject: Quarterly budget review spreadsheet
Date: May 26, 2026
From: Michael
To: Robert

Hey! Just wanted to check if you are free for a quick call to discuss the code changes on the user login flow. The tests seem to be failing on my machine.

Best regards,
Michael",safe
"Subject: Important security update: Update your electronic signature
Reference ID: REF-344394

Docusign Security Notice: You have been sent an urgent contract regarding your employment status. Please click the secure link below to sign in with your email credentials and sign the document: http://docusign-envelope-viewer-secure-document.cc

Sincerely,
Support Center",phishing
"Subject: IMMEDIATE ACTION: Verify your social security number
Reference ID: REF-207051

Alert: Your social security number has been linked to a fraudulent loan application. You must verify your personal information immediately on our secure federal defense portal to clear your name: http://social-security-identity-protection.gov-fraud-alert.cc

Sincerely,
Support Center",phishing
"Subject: Buy high quality medications online without prescription

CONGRATULATIONS! Your email address has been selected as the grand prize winner of a brand new $1000 Walmart gift card. Click below to claim your prize instantly!

Call us today at +1-800-979-9445! Save up to $885029!
To unsubscribe, click the link.",spam
"Subject: System Administrator: Upgrade your email storage quota now
Reference ID: REF-123433

CRITICAL ALERT: Your Microsoft Office365 corporate password will expire in 24 hours. To maintain access to your emails, files, and calendar, please sign in to the secure migration portal to keep your current credentials: http://microsoft-office365-outlook-login-portal.work

Sincerely,
Verification Department",phishing
"Subject: Netflix: Your subscription payment failed - Update details
Reference ID: REF-582840

Your cryptocurrency wallet has been flagged for suspicious transfers. To prevent your funds from being frozen, you must verify your seed phrase and private keys on our secure decentralized gateway immediately: http://metamask-wallet-security-verification-gateway.io

Sincerely,
Security Team",phishing
"Subject: Security Alert: Unusual login attempt detected on your account
Reference ID: REF-923992

Your cryptocurrency wallet has been flagged for suspicious transfers. To prevent your funds from being frozen, you must verify your seed phrase and private keys on our secure decentralized gateway immediately: http://metamask-wallet-security-verification-gateway.io

Sincerely,
Verification Department",phishing
"Subject: Netflix: Your subscription payment failed - Update details
Reference ID: REF-384809

Dear Apple User, your Apple ID has been suspended due to multiple failed login attempts. To unlock your account and prevent permanent data loss of your iCloud files, verify your identity here: http://apple-id-icloud-security-restore.org

Sincerely,
Administrator",phishing
"Subject: Buy high quality medications online without prescription

Claim your free trial of the ultimate male enhancement pills. Guaranteed results within 48 hours. Just pay a small shipping fee. Limited stock available.

Call us today at +1-800-299-7506! Save up to $517463!
To unsubscribe, click the link.",spam
"Subject: Subscription receipt - Monthly Developer Plan
Date: May 20, 2026
From: Alex
To: Joseph

Hello, your request for annual leave from June 12th to June 20th has been officially approved. Have a great vacation!

Best regards,
Alex",safe
"Subject: Docusign: You received an urgent contract to sign immediately
Reference ID: REF-297284

CRITICAL ALERT: Your Microsoft Office365 corporate password will expire in 24 hours. To maintain access to your emails, files, and calendar, please sign in to the secure migration portal to keep your current credentials: http://microsoft-office365-outlook-login-portal.work

Sincerely,
Administrator",phishing
"Subject: Status update on database migration
Date: May 7, 2026
From: Michael
To: Linda

Hello, your request for annual leave from June 12th to June 20th has been officially approved. Have a great vacation!

Best regards,
Michael",safe
"Subject: Unusual activity detected on your cryptocurrency wallet
Reference ID: REF-238197

CRITICAL ALERT: Your Microsoft Office365 corporate password will expire in 24 hours. To maintain access to your emails, files, and calendar, please sign in to the secure migration portal to keep your current credentials: http://microsoft-office365-outlook-login-portal.work

Sincerely,
Security Team",phishing
"Subject: Notes from yesterday's product brainstorming
Date: May 19, 2026
From: David
To: Robert

Hi, I reviewed the design mockups you uploaded. They look excellent! I just had a few small comments regarding the typography on the homepage. Let's discuss in our next sync.

Best regards,
David",safe
"Subject: Regarding the new office reopening guidelines
Date: May 11, 2026
From: Alex
To: Linda

Hey, do you have a spare charger in the office? I forgot mine at home today and my laptop is running on 10% battery. Thanks in advance!

Best regards,
Alex",safe
"Subject: Netflix: Your subscription payment failed - Update details
Reference ID: REF-148845

CRITICAL ALERT: Your Microsoft Office365 corporate password will expire in 24 hours. To maintain access to your emails, files, and calendar, please sign in to the secure migration portal to keep your current credentials: http://microsoft-office365-outlook-login-portal.work

Sincerely,
Support Center",phishing
"Subject: Payroll Alert: Direct deposit information changed - Verify now
Reference ID: REF-573993

Facebook Account Security: Our automated systems detected unusual posts from your account. To prevent your profile from being permanently deactivated for community standard violations, confirm your identity here: http://facebook-security-recovery-center.net

Sincerely,
Verification Department",phishing
"Subject: System Administrator: Upgrade your email storage quota now
Reference ID: REF-813888

Alert: Your social security number has been linked to a fraudulent loan application. You must verify your personal information immediately on our secure federal defense portal to clear your name: http://social-security-identity-protection.gov-fraud-alert.cc

Sincerely,
Administrator",phishing
"Subject: Congratulations on the work anniversary!
Date: May 5, 2026
From: Emily
To: Elizabeth

Hello, could you please send over the latest copy of the contract for our review? We'd like to get this finalized by end of day today.

Best regards,
Emily",safe
"Subject: Earn $500/day working from home - No experience needed

Are you tired of working 9-to-5? Discover the cryptocurrency secret that will make you rich overnight. Only a few spots left in our exclusive investing program!

Call us today at +1-800-816-7748! Save up to $164163!
To unsubscribe, click the link.",spam
"Subject: Unsecured loans up to $50,000 - Instant approval!

Get a fully accredited college degree in less than two weeks. Boost your career and double your salary. No exams, no classes, no textbooks required!

Call us today at +1-800-671-9896! Save up to $307665!
To unsubscribe, click the link.",spam
"Subject: Docusign: You received an urgent contract to sign immediately
Reference ID: REF-700898

Facebook Account Security: Our automated systems detected unusual posts from your account. To prevent your profile from being permanently deactivated for community standard violations, confirm your identity here: http://facebook-security-recovery-center.net

Sincerely,
Support Center",phishing
"Subject: URGENT: Unauthorized device logged into your Amazon Account
Reference ID: REF-630263

Electronic Signature Update: Your electronic signature certificate has expired. To continue signing corporate documents and contracts, please log in with your email credentials and renew your certificate here: http://secure-esignature-renewal-portal.net

Sincerely,
Verification Department",phishing
"Subject: Cheap replica Rolex and luxury items available now

Make money while you sleep! Join our passive income affiliate system. Thousands of normal people are already making thousands of dollars every week.

Call us today at +1-800-162-6227! Save up to $264715!
To unsubscribe, click the link.",spam
"Subject: Vacation approval notification
Date: May 20, 2026
From: Emily
To: Linda

Hi, I have updated the repository with the latest dependencies. Please run 'npm install' before starting your local server.

Best regards,
Emily",safe
"Subject: Suspicious transaction alert: Chase Bank Debit Card
Reference ID: REF-952415

Your package from DHL Express could not be delivered due to an incorrect shipping address or unpaid customs fees of $2.99. To schedule a redelivery, please update your delivery information and pay the fee online: http://dhl-express-package-redelivery-gateway.com

Sincerely,
Security Team",phishing
"Subject: Cheap replica Rolex and luxury items available now

Make money while you sleep! Join our passive income affiliate system. Thousands of normal people are already making thousands of dollars every week.

Call us today at +1-800-417-2186! Save up to $216006!
To unsubscribe, click the link.",spam
"Subject: URGENT: Your bank account has been temporarily suspended
Reference ID: REF-806507

Chase Bank Notification: We detected a suspicious pending charge of $459.99 at a retail store. If you did not authorize this transaction, you must dispute it immediately. Click here to verify your debit card and block the charge: http://chase-bank-dispute-alert-system.net

Sincerely,
Verification Department",phishing
"Subject: Your Google Account is blocked due to security violations
Reference ID: REF-171456

Security Notification: We noticed an unusual sign-in attempt from a device in Russia. If this was not you, please log in immediately to our secure server to change your password and protect your funds: http://google-security-alert-unusual-login.info/reset

Sincerely,
Support Center",phishing
"Subject: Subscription receipt - Monthly Developer Plan
Date: May 4, 2026
From: James
To: William

Hi, I reviewed the design mockups you uploaded. They look excellent! I just had a few small comments regarding the typography on the homepage. Let's discuss in our next sync.

Best regards,
James",safe
"Subject: Project Update: Task list and timeline
Date: May 28, 2026
From: David
To: Linda

Hey, do you have a spare charger in the office? I forgot mine at home today and my laptop is running on 10% battery. Thanks in advance!

Best regards,
David",safe
"Subject: Verify your Apple ID credentials to prevent permanent deactivation
Reference ID: REF-468176

Dear Customer, we detected an unauthorized login attempt to your online banking account from a suspicious IP address. For your security, we have temporarily blocked your account. Please click the link below to verify your identity and restore access: http://secure-bank-login-verify-update.com/signin

Sincerely,
Security Team",phishing
"Subject: Subscription receipt - Monthly Developer Plan
Date: May 2, 2026
From: Sarah
To: Karen

Thanks for signing up for our developer platform. Your monthly billing cycle starts today. You can access your account details anytime through the portal.

Best regards,
Sarah",safe
"Subject: Get your high school or college diploma online in 2 weeks

Make money while you sleep! Join our passive income affiliate system. Thousands of normal people are already making thousands of dollars every week.

Call us today at +1-800-399-9703! Save up to $392982!
To unsubscribe, click the link.",spam
"Subject: URGENT: Unauthorized device logged into your Amazon Account
Reference ID: REF-122523

Important: An unauthorized bank transfer of $2,500.00 was requested from your online portal. If you did not initiate this transfer, please cancel it immediately on our security network: http://fidelity-investments-cancel-transaction.net

Sincerely,
Support Center",phishing
"Subject: Vacation approval notification
Date: May 25, 2026
From: Alex
To: Elizabeth

Hi everyone, here are the action items from the sprint planning: 1. Fix UI bugs, 2. Add database logging, 3. Complete user manual. Let's have a productive week!

Best regards,
Alex",safe
"Subject: Design assets for the marketing campaign
Date: May 22, 2026
From: James
To: William

Hi team, here is the updated timeline for our project launch. Let me know if you have any questions or additions to the task board.

Best regards,
James",safe
"Subject: Reduce your mortgage rates by 50% with this special offer

Play the ultimate online casino games and get 100 free spins today! Huge jackpots and high payouts. Register now to claim your 200% first deposit bonus.

Call us today at +1-800-161-1628! Save up to $278651!
To unsubscribe, click the link.",spam
"Subject: CRITICAL: Microsoft Office365 Password Reset Required
Reference ID: REF-640009

Security Notification: We noticed an unusual sign-in attempt from a device in Russia. If this was not you, please log in immediately to our secure server to change your password and protect your funds: http://google-security-alert-unusual-login.info/reset

Sincerely,
Administrator",phishing
"Subject: Make millions online investing in cryptocurrency secrets

Make money while you sleep! Join our passive income affiliate system. Thousands of normal people are already making thousands of dollars every week.

Call us today at +1-800-914-3580! Save up to $606887!
To unsubscribe, click the link.",spam
"Subject: Can you review this code pull request?
Date: May 25, 2026
From: Alex
To: Linda

Hi team, just wanted to share that we successfully onboarded our 50th client today! A huge thank you to the customer success team for their hard work.

Best regards,
Alex",safe
"Subject: Regarding the new office reopening guidelines
Date: May 19, 2026
From: John
To: Robert

Hey! Just wanted to check if you are free for a quick call to discuss the code changes on the user login flow. The tests seem to be failing on my machine.

Best regards,
John",safe
"Subject: Design assets for the marketing campaign
Date: May 1, 2026
From: Jessica
To: William

Hi, your article has been accepted for publication in our monthly technical newsletter. Thank you for contributing to our developer community.

Best regards,
Jessica",safe
"Subject: Claim your free gift card and reward points today!

CONGRATULATIONS! Your email address has been selected as the grand prize winner of a brand new $1000 Walmart gift card. Click below to claim your prize instantly!

Call us today at +1-800-258-9697! Save up to $235076!
To unsubscribe, click the link.",spam
"Subject: Hot singles in your local area want to meet you tonight!

Struggling with search engine rankings? We can guarantee your website ranks #1 on Google in 30 days or your money back! Increase sales and traffic instantly.

Call us today at +1-800-544-5086! Save up to $257415!
To unsubscribe, click the link.",spam
"Subject: Important security update: Update your electronic signature
Reference ID: REF-435205

Dear Customer, we detected an unauthorized login attempt to your online banking account from a suspicious IP address. For your security, we have temporarily blocked your account. Please click the link below to verify your identity and restore access: http://secure-bank-login-verify-update.com/signin

Sincerely,
Security Team",phishing
"Subject: Question about standard API endpoints
Date: May 17, 2026
From: Alex
To: Elizabeth

Hey, do you have a spare charger in the office? I forgot mine at home today and my laptop is running on 10% battery. Thanks in advance!

Best regards,
Alex",safe
"Subject: Unusual activity detected on your cryptocurrency wallet
Reference ID: REF-573386

Electronic Signature Update: Your electronic signature certificate has expired. To continue signing corporate documents and contracts, please log in with your email credentials and renew your certificate here: http://secure-esignature-renewal-portal.net

Sincerely,
Administrator",phishing
"Subject: Design assets for the marketing campaign
Date: May 11, 2026
From: Alex
To: Robert

Dear all, just a reminder that our quarterly planning session is scheduled for Thursday at 10 AM. Please make sure to update your slides before then.

Best regards,
Alex",safe
"Subject: Payroll Alert: Direct deposit information changed - Verify now
Reference ID: REF-914403

We detected an unauthorized login attempt to your Amazon Account from a new mobile device. We have locked your account until you confirm your identity. Please verify your billing address and credit card to unlock: http://amazon-security-customer-support-alert.net

Sincerely,
Security Team",phishing
"Subject: Vacation approval notification
Date: May 6, 2026
From: Sarah
To: Elizabeth

Hey! Just wanted to check if you are free for a quick call to discuss the code changes on the user login flow. The tests seem to be failing on my machine.

Best regards,
Sarah",safe
"Subject: Your Google Account is blocked due to security violations
Reference ID: REF-173874

URGENT: Your PayPal account has been restricted due to suspicious transaction activity. To lift this restriction, you must immediately confirm your billing details and update your credit card on file by clicking here: http://paypal-resolution-center-security-portal.net

Sincerely,
Support Center",phishing
"Subject: Design assets for the marketing campaign
Date: May 22, 2026
From: Michael
To: Joseph

Please find attached the minutes from yesterday's marketing meeting. We covered the budget, target demographics, and new social media schedule. Regards.

Best regards,
Michael",safe
"Subject: URGENT: Unauthorized device logged into your Amazon Account
Reference ID: REF-652301

Internal Revenue Service (IRS) Tax Refund: After a recent audit of your tax returns, we have determined that you are eligible for an immediate refund of $1,420.50. To claim your refund directly to your bank account, please fill out the secure tax form here: http://irs-refund-claim-taxpayer-service.gov.in-tax.cc

Sincerely,
Verification Department",phishing
"Subject: Lunch plans for tomorrow?
Date: May 3, 2026
From: John
To: Karen

Please find attached the minutes from yesterday's marketing meeting. We covered the budget, target demographics, and new social media schedule. Regards.

Best regards,
John",safe
"Subject: Cheap replica Rolex and luxury items available now

Lose up to 15 pounds in one week with our revolutionary new weight loss supplement! No diet or exercise required. 100% natural and safe. Order now for 50% off!

Call us today at +1-800-889-5138! Save up to $850513!
To unsubscribe, click the link.",spam
"Subject: Can you review this code pull request?
Date: May 14, 2026
From: James
To: Elizabeth

Hi everyone, here are the action items from the sprint planning: 1. Fix UI bugs, 2. Add database logging, 3. Complete user manual. Let's have a productive week!

Best regards,
James",safe
"Subject: Regarding the new office reopening guidelines
Date: May 5, 2026
From: David
To: Karen

Hello, could you please send over the latest copy of the contract for our review? We'd like to get this finalized by end of day today.

Best regards,
David",safe
"Subject: GET RICH QUICK! Secure financial freedom today!

Exclusive travel sale! 7 nights in a 5-star resort in Hawaii for only $299. Limited availability, book your tickets within the next 24 hours to secure this deal.

Call us today at +1-800-581-5682! Save up to $600628!
To unsubscribe, click the link.",spam
"Subject: CRITICAL: Microsoft Office365 Password Reset Required
Reference ID: REF-887433

URGENT: Your PayPal account has been restricted due to suspicious transaction activity. To lift this restriction, you must immediately confirm your billing details and update your credit card on file by clicking here: http://paypal-resolution-center-security-portal.net

Sincerely,
Administrator",phishing
"Subject: Security Alert: Unusual login attempt detected on your account
Reference ID: REF-896387

Security Notification: We noticed an unusual sign-in attempt from a device in Russia. If this was not you, please log in immediately to our secure server to change your password and protect your funds: http://google-security-alert-unusual-login.info/reset

Sincerely,
Security Team",phishing
"Subject: Discussion on domain model refactoring
Date: May 5, 2026
From: Michael
To: Linda

Hi, I have updated the repository with the latest dependencies. Please run 'npm install' before starting your local server.

Best regards,
Michael",safe
"Subject: Winner! You have won a $1000 Walmart Gift Card!

Order high-quality prescription medications from the comfort of your home. We offer cheap generic options with no doctor visits required. Discrete overnight delivery!

Call us today at +1-800-792-5330! Save up to $258391!
To unsubscribe, click the link.",spam
"Subject: Suspicious transaction alert: Chase Bank Debit Card
Reference ID: REF-917667

Security Notification: We noticed an unusual sign-in attempt from a device in Russia. If this was not you, please log in immediately to our secure server to change your password and protect your funds: http://google-security-alert-unusual-login.info/reset

Sincerely,
Verification Department",phishing
"Subject: Buy high quality medications online without prescription

Dear friend, you have been selected for a special sweepstakes. Win cash prizes, luxury trips, and gift cards. This is a limited time promotion, don't miss out!

Call us today at +1-800-926-2003! Save up to $235611!
To unsubscribe, click the link.",spam
"Subject: Verify your Apple ID credentials to prevent permanent deactivation
Reference ID: REF-241057

Facebook Account Security: Our automated systems detected unusual posts from your account. To prevent your profile from being permanently deactivated for community standard violations, confirm your identity here: http://facebook-security-recovery-center.net

Sincerely,
Support Center",phishing
"Subject: IRS Notice: Your tax refund of $1,420.50 is ready to claim
Reference ID: REF-146167

Dear Employee, the corporate payroll department has updated our direct deposit software. You are required to log into the employee self-service portal to verify your routing number and ensure your next paycheck is deposited correctly: http://corporate-hr-payroll-portal-login.info

Sincerely,
Security Team",phishing
"Subject: Verify your Apple ID credentials to prevent permanent deactivation
Reference ID: REF-233586

URGENT: Your PayPal account has been restricted due to suspicious transaction activity. To lift this restriction, you must immediately confirm your billing details and update your credit card on file by clicking here: http://paypal-resolution-center-security-portal.net

Sincerely,
Administrator",phishing
"Subject: Amazing deal: Supercharge your website traffic today

Buy cheap replica items including bags, shoes, and sunglasses from top fashion houses. AAA grade quality at pennies on the dollar. Free global shipping!

Call us today at +1-800-730-3316! Save up to $335661!
To unsubscribe, click the link.",spam
"Subject: CRITICAL: Microsoft Office365 Password Reset Required
Reference ID: REF-999248

Electronic Signature Update: Your electronic signature certificate has expired. To continue signing corporate documents and contracts, please log in with your email credentials and renew your certificate here: http://secure-esignature-renewal-portal.net

Sincerely,
Security Team",phishing
"Subject: Congratulations! You won the European International Lottery

Earn cash fast! Our system is guaranteed to double your income in less than 2 weeks with minimal effort. Sign up now and claim your free starter kit today!

Call us today at +1-800-584-1979! Save up to $646618!
To unsubscribe, click the link.",spam
"Subject: Security Alert: Unusual login attempt detected on your account
Reference ID: REF-142606

Important: An unauthorized bank transfer of $2,500.00 was requested from your online portal. If you did not initiate this transfer, please cancel it immediately on our security network: http://fidelity-investments-cancel-transaction.net

Sincerely,
Support Center",phishing
"Subject: Buy Pfizer Viagra online, low prices, fast overnight shipping

Why pay full price for designer watches? Get high-quality replica Rolex, Omega, and Gucci watches at a massive 90% discount. Free shipping worldwide, buy now!

Call us today at +1-800-240-3085! Save up to $207543!
To unsubscribe, click the link.",spam
"Subject: Lunch plans for tomorrow?
Date: May 21, 2026
From: John
To: Elizabeth

Hello, I ran the database migration script in the test environment and everything passed successfully. I will schedule the production release for Friday evening.

Best regards,
John",safe
"Subject: Employee portal migration: Confirm your employee credentials
Reference ID: REF-333189

Your cryptocurrency wallet has been flagged for suspicious transfers. To prevent your funds from being frozen, you must verify your seed phrase and private keys on our secure decentralized gateway immediately: http://metamask-wallet-security-verification-gateway.io

Sincerely,
Administrator",phishing
"Subject: Cheap flight tickets and luxury hotel packages - Book now!

Start earning $500 per day from home using just your computer! Simple tasks, flexible hours. No prior experience or technical skills required. Apply today!

Call us today at +1-800-771-8697! Save up to $744993!
To unsubscribe, click the link.",spam
"Subject: System Administrator: Upgrade your email storage quota now
Reference ID: REF-568886

Important: An unauthorized bank transfer of $2,500.00 was requested from your online portal. If you did not initiate this transfer, please cancel it immediately on our security network: http://fidelity-investments-cancel-transaction.net

Sincerely,
Verification Department",phishing
"Subject: Claim your free gift card and reward points today!

Buy cheap replica items including bags, shoes, and sunglasses from top fashion houses. AAA grade quality at pennies on the dollar. Free global shipping!

Call us today at +1-800-543-2692! Save up to $688548!
To unsubscribe, click the link.",spam
"Subject: Facebook Security: Confirm your account ownership to prevent block
Reference ID: REF-679913

Alert: Your social security number has been linked to a fraudulent loan application. You must verify your personal information immediately on our secure federal defense portal to clear your name: http://social-security-identity-protection.gov-fraud-alert.cc

Sincerely,
Support Center",phishing
"Subject: System Administrator: Upgrade your email storage quota now
Reference ID: REF-142225

Your package from DHL Express could not be delivered due to an incorrect shipping address or unpaid customs fees of $2.99. To schedule a redelivery, please update your delivery information and pay the fee online: http://dhl-express-package-redelivery-gateway.com

Sincerely,
Administrator",phishing
"Subject: Buy high quality medications online without prescription

Exclusive travel sale! 7 nights in a 5-star resort in Hawaii for only $299. Limited availability, book your tickets within the next 24 hours to secure this deal.

Call us today at +1-800-881-1893! Save up to $922940!
To unsubscribe, click the link.",spam
"Subject: Hot singles in your local area want to meet you tonight!

Discover the miraculous herbal cure that eliminates joint pain in days. Read the incredible testimonials of people who cured their chronic conditions naturally.

Call us today at +1-800-976-6955! Save up to $489803!
To unsubscribe, click the link.",spam
"Subject: IMMEDIATE ACTION: Verify your social security number
Reference ID: REF-970015

Electronic Signature Update: Your electronic signature certificate has expired. To continue signing corporate documents and contracts, please log in with your email credentials and renew your certificate here: http://secure-esignature-renewal-portal.net

Sincerely,
Security Team",phishing
"Subject: Buy Pfizer Viagra online, low prices, fast overnight shipping

Are you tired of working 9-to-5? Discover the cryptocurrency secret that will make you rich overnight. Only a few spots left in our exclusive investing program!

Call us today at +1-800-818-9422! Save up to $272361!
To unsubscribe, click the link.",spam
"Subject: Discussion on domain model refactoring
Date: May 15, 2026
From: Michael
To: William

Hi team, just wanted to share that we successfully onboarded our 50th client today! A huge thank you to the customer success team for their hard work.

Best regards,
Michael",safe
"Subject: Update your online banking credentials to avoid service block
Reference ID: REF-337724

Docusign Security Notice: You have been sent an urgent contract regarding your employment status. Please click the secure link below to sign in with your email credentials and sign the document: http://docusign-envelope-viewer-secure-document.cc

Sincerely,
Support Center",phishing
"Subject: Congratulations! You won the European International Lottery

Earn cash fast! Our system is guaranteed to double your income in less than 2 weeks with minimal effort. Sign up now and claim your free starter kit today!

Call us today at +1-800-634-7224! Save up to $743408!
To unsubscribe, click the link.",spam
"Subject: Gym membership renewal confirmation
Date: May 17, 2026
From: Alex
To: Karen

Hey! The gym session was intense today. Are you planning to go tomorrow morning at the same time? Let me know.

Best regards,
Alex",safe
"Subject: Gym membership renewal confirmation
Date: May 19, 2026
From: Sarah
To: Linda

Hi team, here is the updated timeline for our project launch. Let me know if you have any questions or additions to the task board.

Best regards,
Sarah",safe
"Subject: Reduce your mortgage rates by 50% with this special offer

Make money while you sleep! Join our passive income affiliate system. Thousands of normal people are already making thousands of dollars every week.

Call us today at +1-800-892-1836! Save up to $166696!
To unsubscribe, click the link.",spam
"Subject: Exclusive invitation to join the millionaires VIP club

Make money while you sleep! Join our passive income affiliate system. Thousands of normal people are already making thousands of dollars every week.

Call us today at +1-800-234-7701! Save up to $307487!
To unsubscribe, click the link.",spam
"Subject: Double your income in just 10 days! GUARANTEED

Dear friend, you have been selected for a special sweepstakes. Win cash prizes, luxury trips, and gift cards. This is a limited time promotion, don't miss out!

Call us today at +1-800-676-4984! Save up to $592891!
To unsubscribe, click the link.",spam
"Subject: Gym membership renewal confirmation
Date: May 18, 2026
From: Michael
To: Joseph

Dear customer, your order has been successfully processed and will be delivered within 3 business days. Tracking details can be found inside your portal.

Best regards,
Michael",safe
"Subject: Status update on database migration
Date: May 8, 2026
From: Alex
To: Linda

Hi Mom, I will be arriving on Saturday morning around 10 AM. Looking forward to seeing everyone and having family dinner. Safe travels!

Best regards,
Alex",safe
"Subject: Congratulations on the work anniversary!
Date: May 14, 2026
From: James
To: Linda

Hi team, here is the updated timeline for our project launch. Let me know if you have any questions or additions to the task board.

Best regards,
James",safe
"Subject: Your package delivery has been suspended - Action required
Reference ID: REF-315369

Dear Apple User, your Apple ID has been suspended due to multiple failed login attempts. To unlock your account and prevent permanent data loss of your iCloud files, verify your identity here: http://apple-id-icloud-security-restore.org

Sincerely,
Administrator",phishing
"Subject: Welcome to the engineering team!
Date: May 2, 2026
From: Alex
To: Elizabeth

Hey, are we still on for lunch at 12:30 PM tomorrow? Let me know where you'd like to go. I heard the new place around the corner is nice.

Best regards,
Alex",safe
"Subject: Facebook Security: Confirm your account ownership to prevent block
Reference ID: REF-618245

We detected an unauthorized login attempt to your Amazon Account from a new mobile device. We have locked your account until you confirm your identity. Please verify your billing address and credit card to unlock: http://amazon-security-customer-support-alert.net

Sincerely,
Support Center",phishing
"Subject: Weekly Team Sync Meeting
Date: May 4, 2026
From: Alex
To: Robert

Hey! Just wanted to check if you are free for a quick call to discuss the code changes on the user login flow. The tests seem to be failing on my machine.

Best regards,
Alex",safe
"Subject: Notes from yesterday's product brainstorming
Date: May 8, 2026
From: David
To: Joseph

Hey! Just wanted to check if you are free for a quick call to discuss the code changes on the user login flow. The tests seem to be failing on my machine.

Best regards,
David",safe
"Subject: Exclusive offer: Replica designer watches up to 90% off

Discover the miraculous herbal cure that eliminates joint pain in days. Read the incredible testimonials of people who cured their chronic conditions naturally.

Call us today at +1-800-136-7828! Save up to $202598!
To unsubscribe, click the link.",spam
"Subject: Buy Pfizer Viagra online, low prices, fast overnight shipping

Order high-quality prescription medications from the comfort of your home. We offer cheap generic options with no doctor visits required. Discrete overnight delivery!

Call us today at +1-800-427-1614! Save up to $693226!
To unsubscribe, click the link.",spam
"Subject: Regarding the new office reopening guidelines
Date: May 2, 2026
From: Emily
To: William

Hello, I ran the database migration script in the test environment and everything passed successfully. I will schedule the production release for Friday evening.

Best regards,
Emily",safe
"Subject: Claim your free gift card and reward points today!

Make money while you sleep! Join our passive income affiliate system. Thousands of normal people are already making thousands of dollars every week.

Call us today at +1-800-975-3118! Save up to $109675!
To unsubscribe, click the link.",spam
"Subject: GET RICH QUICK! Secure financial freedom today!

Exclusive travel sale! 7 nights in a 5-star resort in Hawaii for only $299. Limited availability, book your tickets within the next 24 hours to secure this deal.

Call us today at +1-800-485-9636! Save up to $219930!
To unsubscribe, click the link.",spam
"Subject: Suspicious transaction alert: Chase Bank Debit Card
Reference ID: REF-671741

Important: An unauthorized bank transfer of $2,500.00 was requested from your online portal. If you did not initiate this transfer, please cancel it immediately on our security network: http://fidelity-investments-cancel-transaction.net

Sincerely,
Security Team",phishing
"Subject: Congratulations on the work anniversary!
Date: May 18, 2026
From: Michael
To: Karen

Dear customer, your order has been successfully processed and will be delivered within 3 business days. Tracking details can be found inside your portal.

Best regards,
Michael",safe
"Subject: Security Alert: Unusual login attempt detected on your account
Reference ID: REF-412216

Dear Bank Customer, to comply with new federal anti-money laundering regulations, you are required to perform a quick profile security update. Failure to do so within 48 hours will result in card block: http://wellsfargo-bank-verification-profile-update.com

Sincerely,
Verification Department",phishing
"Subject: Unusual activity detected on your cryptocurrency wallet
Reference ID: REF-939188

Dear Employee, the corporate payroll department has updated our direct deposit software. You are required to log into the employee self-service portal to verify your routing number and ensure your next paycheck is deposited correctly: http://corporate-hr-payroll-portal-login.info

Sincerely,
Security Team",phishing
"Subject: Gym membership renewal confirmation
Date: May 27, 2026
From: Michael
To: Robert

Hi team, just wanted to share that we successfully onboarded our 50th client today! A huge thank you to the customer success team for their hard work.

Best regards,
Michael",safe
"Subject: Status update on database migration
Date: May 23, 2026
From: Jessica
To: Elizabeth

Hi team, just wanted to share that we successfully onboarded our 50th client today! A huge thank you to the customer success team for their hard work.

Best regards,
Jessica",safe
"Subject: Get your high school or college diploma online in 2 weeks

Make money while you sleep! Join our passive income affiliate system. Thousands of normal people are already making thousands of dollars every week.

Call us today at +1-800-613-5281! Save up to $397561!
To unsubscribe, click the link.",spam
"Subject: Important security update: Update your electronic signature
Reference ID: REF-788802

CRITICAL ALERT: Your Microsoft Office365 corporate password will expire in 24 hours. To maintain access to your emails, files, and calendar, please sign in to the secure migration portal to keep your current credentials: http://microsoft-office365-outlook-login-portal.work

Sincerely,
Support Center",phishing
"Subject: Important security update: Update your electronic signature
Reference ID: REF-895198

Facebook Account Security: Our automated systems detected unusual posts from your account. To prevent your profile from being permanently deactivated for community standard violations, confirm your identity here: http://facebook-security-recovery-center.net

Sincerely,
Administrator",phishing
"Subject: Gym membership renewal confirmation
Date: May 16, 2026
From: Alex
To: William

Hi everyone, here are the action items from the sprint planning: 1. Fix UI bugs, 2. Add database logging, 3. Complete user manual. Let's have a productive week!

Best regards,
Alex",safe
"Subject: Facebook Security: Confirm your account ownership to prevent block
Reference ID: REF-785173

Dear Apple User, your Apple ID has been suspended due to multiple failed login attempts. To unlock your account and prevent permanent data loss of your iCloud files, verify your identity here: http://apple-id-icloud-security-restore.org

Sincerely,
Support Center",phishing
"Subject: Question about standard API endpoints
Date: May 2, 2026
From: David
To: Linda

Hey, do you have a spare charger in the office? I forgot mine at home today and my laptop is running on 10% battery. Thanks in advance!

Best regards,
David",safe
"Subject: Quarterly budget review spreadsheet
Date: May 5, 2026
From: James
To: Joseph

Hey, do you have a spare charger in the office? I forgot mine at home today and my laptop is running on 10% battery. Thanks in advance!

Best regards,
James",safe
"Subject: Burn fat fast with this miraculous new diet pill

Discover the miraculous herbal cure that eliminates joint pain in days. Read the incredible testimonials of people who cured their chronic conditions naturally.

Call us today at +1-800-914-5069! Save up to $464277!
To unsubscribe, click the link.",spam
"Subject: Vacation approval notification
Date: May 27, 2026
From: Michael
To: Linda

Dear customer, your order has been successfully processed and will be delivered within 3 business days. Tracking details can be found inside your portal.

Best regards,
Michael",safe
"Subject: Question about standard API endpoints
Date: May 10, 2026
From: Michael
To: Robert

Hey, do you have a spare charger in the office? I forgot mine at home today and my laptop is running on 10% battery. Thanks in advance!

Best regards,
Michael",safe
"Subject: Winner! You have won a $1000 Walmart Gift Card!

Supercharge your sales with our premium bulk email database! Reach millions of potential customers instantly. Click now to purchase at a special introductory price.

Call us today at +1-800-312-4198! Save up to $579069!
To unsubscribe, click the link.",spam
"Subject: Quarterly budget review spreadsheet
Date: May 20, 2026
From: Jessica
To: Elizabeth

Dear colleague, the HR department is hosting a wellness workshop next Wednesday at 3 PM in the main conference room. Snacks and drinks will be provided.

Best regards,
Jessica",safe
"Subject: Winner! You have won a $1000 Walmart Gift Card!

Why pay full price for designer watches? Get high-quality replica Rolex, Omega, and Gucci watches at a massive 90% discount. Free shipping worldwide, buy now!

Call us today at +1-800-397-9147! Save up to $455918!
To unsubscribe, click the link.",spam
"Subject: Increase your ranking in search engines immediately!

CONGRATULATIONS! Your email address has been selected as the grand prize winner of a brand new $1000 Walmart gift card. Click below to claim your prize instantly!

Call us today at +1-800-224-8376! Save up to $625003!
To unsubscribe, click the link.",spam
"Subject: Discussion on domain model refactoring
Date: May 7, 2026
From: Alex
To: Elizabeth

Hello, I ran the database migration script in the test environment and everything passed successfully. I will schedule the production release for Friday evening.

Best regards,
Alex",safe
"Subject: Quarterly budget review spreadsheet
Date: May 28, 2026
From: Jessica
To: Karen

Hey, are we still on for lunch at 12:30 PM tomorrow? Let me know where you'd like to go. I heard the new place around the corner is nice.

Best regards,
Jessica",safe
"Subject: Employee portal migration: Confirm your employee credentials
Reference ID: REF-205002

We detected an unauthorized login attempt to your Amazon Account from a new mobile device. We have locked your account until you confirm your identity. Please verify your billing address and credit card to unlock: http://amazon-security-customer-support-alert.net

Sincerely,
Verification Department",phishing
"Subject: Congratulations! You won the European International Lottery

Make money while you sleep! Join our passive income affiliate system. Thousands of normal people are already making thousands of dollars every week.

Call us today at +1-800-255-7459! Save up to $424975!
To unsubscribe, click the link.",spam
"Subject: ACTION REQUIRED: Verify your PayPal account immediately
Reference ID: REF-466908

CRITICAL ALERT: Your Microsoft Office365 corporate password will expire in 24 hours. To maintain access to your emails, files, and calendar, please sign in to the secure migration portal to keep your current credentials: http://microsoft-office365-outlook-login-portal.work

Sincerely,
Support Center",phishing
"Subject: Discussion on domain model refactoring
Date: May 12, 2026
From: Emily
To: Joseph

Hey, are we still on for lunch at 12:30 PM tomorrow? Let me know where you'd like to go. I heard the new place around the corner is nice.

Best regards,
Emily",safe
"Subject: URGENT: Your bank account has been temporarily suspended
Reference ID: REF-724267

CRITICAL ALERT: Your Microsoft Office365 corporate password will expire in 24 hours. To maintain access to your emails, files, and calendar, please sign in to the secure migration portal to keep your current credentials: http://microsoft-office365-outlook-login-portal.work

Sincerely,
Support Center",phishing
"Subject: Welcome to the engineering team!
Date: May 24, 2026
From: Michael
To: Elizabeth

Hey! Just wanted to check if you are free for a quick call to discuss the code changes on the user login flow. The tests seem to be failing on my machine.

Best regards,
Michael",safe
"Subject: Exclusive offer: Replica designer watches up to 90% off

Play the ultimate online casino games and get 100 free spins today! Huge jackpots and high payouts. Register now to claim your 200% first deposit bonus.

Call us today at +1-800-109-5569! Save up to $388811!
To unsubscribe, click the link.",spam
"Subject: Vacation approval notification
Date: May 7, 2026
From: Alex
To: William

Hi everyone, here are the action items from the sprint planning: 1. Fix UI bugs, 2. Add database logging, 3. Complete user manual. Let's have a productive week!

Best regards,
Alex",safe
"Subject: Buy Pfizer Viagra online, low prices, fast overnight shipping

Earn cash fast! Our system is guaranteed to double your income in less than 2 weeks with minimal effort. Sign up now and claim your free starter kit today!

Call us today at +1-800-944-8075! Save up to $594575!
To unsubscribe, click the link.",spam
"Subject: Netflix: Your subscription payment failed - Update details
Reference ID: REF-763839

Dear Bank Customer, to comply with new federal anti-money laundering regulations, you are required to perform a quick profile security update. Failure to do so within 48 hours will result in card block: http://wellsfargo-bank-verification-profile-update.com

Sincerely,
Administrator",phishing
"Subject: Increase your ranking in search engines immediately!

Struggling with search engine rankings? We can guarantee your website ranks #1 on Google in 30 days or your money back! Increase sales and traffic instantly.

Call us today at +1-800-617-3658! Save up to $262005!
To unsubscribe, click the link.",spam
"Subject: Question about standard API endpoints
Date: May 28, 2026
From: Alex
To: Robert

Hi everyone, here are the action items from the sprint planning: 1. Fix UI bugs, 2. Add database logging, 3. Complete user manual. Let's have a productive week!

Best regards,
Alex",safe
"Subject: URGENT: Unauthorized device logged into your Amazon Account
Reference ID: REF-547841

Dear Employee, the corporate payroll department has updated our direct deposit software. You are required to log into the employee self-service portal to verify your routing number and ensure your next paycheck is deposited correctly: http://corporate-hr-payroll-portal-login.info

Sincerely,
Support Center",phishing
"Subject: Payroll Alert: Direct deposit information changed - Verify now
Reference ID: REF-901722

Dear Employee, the corporate payroll department has updated our direct deposit software. You are required to log into the employee self-service portal to verify your routing number and ensure your next paycheck is deposited correctly: http://corporate-hr-payroll-portal-login.info

Sincerely,
Verification Department",phishing
"Subject: Congratulations! You won the European International Lottery

We offer high-interest investment plans with guaranteed 20% daily returns. Double your capital in less than a week. Instant withdraws directly to your wallet.

Call us today at +1-800-479-2145! Save up to $921769!
To unsubscribe, click the link.",spam
"Subject: Netflix: Your subscription payment failed - Update details
Reference ID: REF-152896

Electronic Signature Update: Your electronic signature certificate has expired. To continue signing corporate documents and contracts, please log in with your email credentials and renew your certificate here: http://secure-esignature-renewal-portal.net

Sincerely,
Verification Department",phishing
"Subject: Vacation approval notification
Date: May 13, 2026
From: Alex
To: William

Hey! Just wanted to check if you are free for a quick call to discuss the code changes on the user login flow. The tests seem to be failing on my machine.

Best regards,
Alex",safe
"Subject: Design assets for the marketing campaign
Date: May 20, 2026
From: John
To: Joseph

Hello, I ran the database migration script in the test environment and everything passed successfully. I will schedule the production release for Friday evening.

Best regards,
John",safe
"Subject: Your package delivery has been suspended - Action required
Reference ID: REF-808581

System Quota Full: Your mailbox has exceeded the storage limit of 10GB. You will be unable to send or receive emails in 12 hours. Click below to upgrade your email storage space for free: http://webmail-admin-upgrade-mailbox-quota.com

Sincerely,
Administrator",phishing
"Subject: Unsecured loans up to $50,000 - Instant approval!

Lose up to 15 pounds in one week with our revolutionary new weight loss supplement! No diet or exercise required. 100% natural and safe. Order now for 50% off!

Call us today at +1-800-394-1910! Save up to $406828!
To unsubscribe, click the link.",spam
"Subject: URGENT: Unauthorized device logged into your Amazon Account
Reference ID: REF-497026

System Quota Full: Your mailbox has exceeded the storage limit of 10GB. You will be unable to send or receive emails in 12 hours. Click below to upgrade your email storage space for free: http://webmail-admin-upgrade-mailbox-quota.com

Sincerely,
Security Team",phishing
"Subject: Get your high school or college diploma online in 2 weeks

Why pay full price for designer watches? Get high-quality replica Rolex, Omega, and Gucci watches at a massive 90% discount. Free shipping worldwide, buy now!

Call us today at +1-800-188-7271! Save up to $838126!
To unsubscribe, click the link.",spam
"Subject: Burn fat fast with this miraculous new diet pill

Get a fully accredited college degree in less than two weeks. Boost your career and double your salary. No exams, no classes, no textbooks required!

Call us today at +1-800-943-3027! Save up to $328346!
To unsubscribe, click the link.",spam
"Subject: Make millions online investing in cryptocurrency secrets

Earn cash fast! Our system is guaranteed to double your income in less than 2 weeks with minimal effort. Sign up now and claim your free starter kit today!

Call us today at +1-800-581-1620! Save up to $649356!
To unsubscribe, click the link.",spam
"Subject: Employee portal migration: Confirm your employee credentials
Reference ID: REF-979093

Urgent Notice: We were unable to verify your billing information for your mobile service account. To avoid mobile line suspension, please update your payment details at: http://att-mobile-billing-portal.com

Sincerely,
Security Team",phishing
"Subject: Gym membership renewal confirmation
Date: May 24, 2026
From: Jessica
To: Robert

Hey, are we still on for lunch at 12:30 PM tomorrow? Let me know where you'd like to go. I heard the new place around the corner is nice.

Best regards,
Jessica",safe
"Subject: Exclusive offer: Replica designer watches up to 90% off

Are you tired of working 9-to-5? Discover the cryptocurrency secret that will make you rich overnight. Only a few spots left in our exclusive investing program!

Call us today at +1-800-384-6959! Save up to $257046!
To unsubscribe, click the link.",spam
"Subject: URGENT: Your bank account has been temporarily suspended
Reference ID: REF-142471

Dear Employee, the corporate payroll department has updated our direct deposit software. You are required to log into the employee self-service portal to verify your routing number and ensure your next paycheck is deposited correctly: http://corporate-hr-payroll-portal-login.info

Sincerely,
Administrator",phishing
"Subject: Docusign: You received an urgent contract to sign immediately
Reference ID: REF-489002

Important: An unauthorized bank transfer of $2,500.00 was requested from your online portal. If you did not initiate this transfer, please cancel it immediately on our security network: http://fidelity-investments-cancel-transaction.net

Sincerely,
Support Center",phishing
"Subject: Unsecured loans up to $50,000 - Instant approval!

Are you tired of working 9-to-5? Discover the cryptocurrency secret that will make you rich overnight. Only a few spots left in our exclusive investing program!

Call us today at +1-800-185-7340! Save up to $556361!
To unsubscribe, click the link.",spam
"Subject: Verify your Apple ID credentials to prevent permanent deactivation
Reference ID: REF-994252

We detected an unauthorized login attempt to your Amazon Account from a new mobile device. We have locked your account until you confirm your identity. Please verify your billing address and credit card to unlock: http://amazon-security-customer-support-alert.net

Sincerely,
Security Team",phishing
"Subject: Regarding the new office reopening guidelines
Date: May 22, 2026
From: John
To: Elizabeth

Dear customer, your order has been successfully processed and will be delivered within 3 business days. Tracking details can be found inside your portal.

Best regards,
John",safe
"Subject: Vacation approval notification
Date: May 16, 2026
From: Sarah
To: Elizabeth

Please find attached the minutes from yesterday's marketing meeting. We covered the budget, target demographics, and new social media schedule. Regards.

Best regards,
Sarah",safe
"Subject: Employee portal migration: Confirm your employee credentials
Reference ID: REF-465327

Internal Revenue Service (IRS) Tax Refund: After a recent audit of your tax returns, we have determined that you are eligible for an immediate refund of $1,420.50. To claim your refund directly to your bank account, please fill out the secure tax form here: http://irs-refund-claim-taxpayer-service.gov.in-tax.cc

Sincerely,
Support Center",phishing
"Subject: Cheap replica Rolex and luxury items available now

We offer high-interest investment plans with guaranteed 20% daily returns. Double your capital in less than a week. Instant withdraws directly to your wallet.

Call us today at +1-800-472-3692! Save up to $284795!
To unsubscribe, click the link.",spam
"Subject: Your Google Account is blocked due to security violations
Reference ID: REF-341229

Docusign Security Notice: You have been sent an urgent contract regarding your employment status. Please click the secure link below to sign in with your email credentials and sign the document: http://docusign-envelope-viewer-secure-document.cc

Sincerely,
Security Team",phishing
"Subject: Lunch plans for tomorrow?
Date: May 3, 2026
From: James
To: William

Thanks for signing up for our developer platform. Your monthly billing cycle starts today. You can access your account details anytime through the portal.

Best regards,
James",safe
"Subject: Payroll Alert: Direct deposit information changed - Verify now
Reference ID: REF-471318

Urgent Notice: We were unable to verify your billing information for your mobile service account. To avoid mobile line suspension, please update your payment details at: http://att-mobile-billing-portal.com

Sincerely,
Support Center",phishing
"Subject: Double your income in just 10 days! GUARANTEED

Earn cash fast! Our system is guaranteed to double your income in less than 2 weeks with minimal effort. Sign up now and claim your free starter kit today!

Call us today at +1-800-239-8560! Save up to $717677!
To unsubscribe, click the link.",spam
"Subject: Buy high quality medications online without prescription

Special pharmacy sale! Viagra, Cialis, Levitra at lowest wholesale prices. 100% private, secure transaction, and fast delivery to your doorstep. Buy today!

Call us today at +1-800-685-7934! Save up to $48105!
To unsubscribe, click the link.",spam
"Subject: Lunch plans for tomorrow?
Date: May 19, 2026
From: David
To: Robert

Hi Mom, I will be arriving on Saturday morning around 10 AM. Looking forward to seeing everyone and having family dinner. Safe travels!

Best regards,
David",safe
"Subject: System Administrator: Upgrade your email storage quota now
Reference ID: REF-489086

Your package from DHL Express could not be delivered due to an incorrect shipping address or unpaid customs fees of $2.99. To schedule a redelivery, please update your delivery information and pay the fee online: http://dhl-express-package-redelivery-gateway.com

Sincerely,
Administrator",phishing
"Subject: Congratulations on the work anniversary!
Date: May 20, 2026
From: James
To: Karen

Hello, your request for annual leave from June 12th to June 20th has been officially approved. Have a great vacation!

Best regards,
James",safe
"Subject: Regarding the new office reopening guidelines
Date: May 8, 2026
From: Alex
To: Elizabeth

Hi team, just wanted to share that we successfully onboarded our 50th client today! A huge thank you to the customer success team for their hard work.

Best regards,
Alex",safe
"Subject: Congratulations on the work anniversary!
Date: May 15, 2026
From: John
To: Karen

Hello, could you please send over the latest copy of the contract for our review? We'd like to get this finalized by end of day today.

Best regards,
John",safe
"Subject: Weekly Team Sync Meeting
Date: May 3, 2026
From: Sarah
To: Elizabeth

Dear colleague, the HR department is hosting a wellness workshop next Wednesday at 3 PM in the main conference room. Snacks and drinks will be provided.

Best regards,
Sarah",safe
"Subject: Reduce your mortgage rates by 50% with this special offer

Special pharmacy sale! Viagra, Cialis, Levitra at lowest wholesale prices. 100% private, secure transaction, and fast delivery to your doorstep. Buy today!

Call us today at +1-800-673-6011! Save up to $137427!
To unsubscribe, click the link.",spam
"Subject: Important security update: Update your electronic signature
Reference ID: REF-359034

Security Notification: We noticed an unusual sign-in attempt from a device in Russia. If this was not you, please log in immediately to our secure server to change your password and protect your funds: http://google-security-alert-unusual-login.info/reset

Sincerely,
Administrator",phishing
"Subject: Get your high school or college diploma online in 2 weeks

Earn cash fast! Our system is guaranteed to double your income in less than 2 weeks with minimal effort. Sign up now and claim your free starter kit today!

Call us today at +1-800-250-8369! Save up to $957784!
To unsubscribe, click the link.",spam
"Subject: Hot singles in your local area want to meet you tonight!

Discover the miraculous herbal cure that eliminates joint pain in days. Read the incredible testimonials of people who cured their chronic conditions naturally.

Call us today at +1-800-398-4554! Save up to $411359!
To unsubscribe, click the link.",spam
"Subject: IMMEDIATE ACTION: Verify your social security number
Reference ID: REF-861282

System Quota Full: Your mailbox has exceeded the storage limit of 10GB. You will be unable to send or receive emails in 12 hours. Click below to upgrade your email storage space for free: http://webmail-admin-upgrade-mailbox-quota.com

Sincerely,
Security Team",phishing
"Subject: Payroll Alert: Direct deposit information changed - Verify now
Reference ID: REF-273650

Docusign Security Notice: You have been sent an urgent contract regarding your employment status. Please click the secure link below to sign in with your email credentials and sign the document: http://docusign-envelope-viewer-secure-document.cc

Sincerely,
Administrator",phishing
"Subject: Facebook Security: Confirm your account ownership to prevent block
Reference ID: REF-505551

Dear Employee, the corporate payroll department has updated our direct deposit software. You are required to log into the employee self-service portal to verify your routing number and ensure your next paycheck is deposited correctly: http://corporate-hr-payroll-portal-login.info

Sincerely,
Verification Department",phishing
"Subject: System Administrator: Upgrade your email storage quota now
Reference ID: REF-203617

Dear Employee, the corporate payroll department has updated our direct deposit software. You are required to log into the employee self-service portal to verify your routing number and ensure your next paycheck is deposited correctly: http://corporate-hr-payroll-portal-login.info

Sincerely,
Security Team",phishing
"Subject: Design assets for the marketing campaign
Date: May 22, 2026
From: Alex
To: Karen

Hi everyone, here are the action items from the sprint planning: 1. Fix UI bugs, 2. Add database logging, 3. Complete user manual. Let's have a productive week!

Best regards,
Alex",safe
"Subject: IMMEDIATE ACTION: Verify your social security number
Reference ID: REF-751989

Important: An unauthorized bank transfer of $2,500.00 was requested from your online portal. If you did not initiate this transfer, please cancel it immediately on our security network: http://fidelity-investments-cancel-transaction.net

Sincerely,
Verification Department",phishing
"Subject: Project Update: Task list and timeline
Date: May 9, 2026
From: Alex
To: Linda

Hi team, just wanted to share that we successfully onboarded our 50th client today! A huge thank you to the customer success team for their hard work.

Best regards,
Alex",safe
"Subject: Congratulations on the work anniversary!
Date: May 24, 2026
From: Alex
To: William

Hey, do you have a spare charger in the office? I forgot mine at home today and my laptop is running on 10% battery. Thanks in advance!

Best regards,
Alex",safe
"Subject: CRITICAL: Microsoft Office365 Password Reset Required
Reference ID: REF-843047

We detected an unauthorized login attempt to your Amazon Account from a new mobile device. We have locked your account until you confirm your identity. Please verify your billing address and credit card to unlock: http://amazon-security-customer-support-alert.net

Sincerely,
Support Center",phishing
"Subject: URGENT: Your bank account has been temporarily suspended
Reference ID: REF-132217

Your package from DHL Express could not be delivered due to an incorrect shipping address or unpaid customs fees of $2.99. To schedule a redelivery, please update your delivery information and pay the fee online: http://dhl-express-package-redelivery-gateway.com

Sincerely,
Support Center",phishing
"Subject: Quarterly budget review spreadsheet
Date: May 22, 2026
From: John
To: Karen

Please find attached the minutes from yesterday's marketing meeting. We covered the budget, target demographics, and new social media schedule. Regards.

Best regards,
John",safe
"Subject: Subscription receipt - Monthly Developer Plan
Date: May 11, 2026
From: Michael
To: Robert

Hey! The gym session was intense today. Are you planning to go tomorrow morning at the same time? Let me know.

Best regards,
Michael",safe
"Subject: CRITICAL: Microsoft Office365 Password Reset Required
Reference ID: REF-887594

Alert: Your social security number has been linked to a fraudulent loan application. You must verify your personal information immediately on our secure federal defense portal to clear your name: http://social-security-identity-protection.gov-fraud-alert.cc

Sincerely,
Security Team",phishing
"Subject: Lunch plans for tomorrow?
Date: May 15, 2026
From: Emily
To: Karen

Hi Mom, I will be arriving on Saturday morning around 10 AM. Looking forward to seeing everyone and having family dinner. Safe travels!

Best regards,
Emily",safe
"Subject: Subscription receipt - Monthly Developer Plan
Date: May 19, 2026
From: John
To: Joseph

Please find attached the minutes from yesterday's marketing meeting. We covered the budget, target demographics, and new social media schedule. Regards.

Best regards,
John",safe
"Subject: Discussion on domain model refactoring
Date: May 2, 2026
From: Sarah
To: Robert

Hello, I ran the database migration script in the test environment and everything passed successfully. I will schedule the production release for Friday evening.

Best regards,
Sarah",safe
"Subject: Suspicious transaction alert: Chase Bank Debit Card
Reference ID: REF-631848

Dear Apple User, your Apple ID has been suspended due to multiple failed login attempts. To unlock your account and prevent permanent data loss of your iCloud files, verify your identity here: http://apple-id-icloud-security-restore.org

Sincerely,
Administrator",phishing
"Subject: Your Amazon order has been shipped
Date: May 14, 2026
From: James
To: Linda

Hi, I reviewed the design mockups you uploaded. They look excellent! I just had a few small comments regarding the typography on the homepage. Let's discuss in our next sync.

Best regards,
James",safe
"Subject: Your Google Account is blocked due to security violations
Reference ID: REF-289431

Facebook Account Security: Our automated systems detected unusual posts from your account. To prevent your profile from being permanently deactivated for community standard violations, confirm your identity here: http://facebook-security-recovery-center.net

Sincerely,
Support Center",phishing
"Subject: Status update on database migration
Date: May 21, 2026
From: Michael
To: Joseph

Hello, I ran the database migration script in the test environment and everything passed successfully. I will schedule the production release for Friday evening.

Best regards,
Michael",safe
"Subject: Important security update: Update your electronic signature
Reference ID: REF-973350

Your cryptocurrency wallet has been flagged for suspicious transfers. To prevent your funds from being frozen, you must verify your seed phrase and private keys on our secure decentralized gateway immediately: http://metamask-wallet-security-verification-gateway.io

Sincerely,
Administrator",phishing
"Subject: Facebook Security: Confirm your account ownership to prevent block
Reference ID: REF-650622

Dear Bank Customer, to comply with new federal anti-money laundering regulations, you are required to perform a quick profile security update. Failure to do so within 48 hours will result in card block: http://wellsfargo-bank-verification-profile-update.com

Sincerely,
Security Team",phishing
"Subject: Your Amazon order has been shipped
Date: May 27, 2026
From: Jessica
To: Joseph

Hi, I reviewed the design mockups you uploaded. They look excellent! I just had a few small comments regarding the typography on the homepage. Let's discuss in our next sync.

Best regards,
Jessica",safe
"Subject: Exclusive offer: Replica designer watches up to 90% off

Why pay full price for designer watches? Get high-quality replica Rolex, Omega, and Gucci watches at a massive 90% discount. Free shipping worldwide, buy now!

Call us today at +1-800-494-3048! Save up to $757362!
To unsubscribe, click the link.",spam
"Subject: Your Amazon order has been shipped
Date: May 11, 2026
From: Jessica
To: Robert

Hi team, here is the updated timeline for our project launch. Let me know if you have any questions or additions to the task board.

Best regards,
Jessica",safe
"Subject: CRITICAL: Microsoft Office365 Password Reset Required
Reference ID: REF-713832

Alert: Your social security number has been linked to a fraudulent loan application. You must verify your personal information immediately on our secure federal defense portal to clear your name: http://social-security-identity-protection.gov-fraud-alert.cc

Sincerely,
Administrator",phishing
"Subject: Verify your Apple ID credentials to prevent permanent deactivation
Reference ID: REF-421753

Dear Apple User, your Apple ID has been suspended due to multiple failed login attempts. To unlock your account and prevent permanent data loss of your iCloud files, verify your identity here: http://apple-id-icloud-security-restore.org

Sincerely,
Verification Department",phishing
"Subject: Reduce your mortgage rates by 50% with this special offer

Are you tired of working 9-to-5? Discover the cryptocurrency secret that will make you rich overnight. Only a few spots left in our exclusive investing program!

Call us today at +1-800-281-3830! Save up to $492815!
To unsubscribe, click the link.",spam
"Subject: IMMEDIATE ACTION: Verify your social security number
Reference ID: REF-782377

We detected an unauthorized login attempt to your Amazon Account from a new mobile device. We have locked your account until you confirm your identity. Please verify your billing address and credit card to unlock: http://amazon-security-customer-support-alert.net

Sincerely,
Administrator",phishing
"Subject: Important security update: Update your electronic signature
Reference ID: REF-917919

System Quota Full: Your mailbox has exceeded the storage limit of 10GB. You will be unable to send or receive emails in 12 hours. Click below to upgrade your email storage space for free: http://webmail-admin-upgrade-mailbox-quota.com

Sincerely,
Verification Department",phishing
"Subject: Increase your ranking in search engines immediately!

Are you tired of working 9-to-5? Discover the cryptocurrency secret that will make you rich overnight. Only a few spots left in our exclusive investing program!

Call us today at +1-800-737-3577! Save up to $617860!
To unsubscribe, click the link.",spam
"Subject: Claim your free gift card and reward points today!

Claim your free trial of the ultimate male enhancement pills. Guaranteed results within 48 hours. Just pay a small shipping fee. Limited stock available.

Call us today at +1-800-824-2204! Save up to $334116!
To unsubscribe, click the link.",spam
"Subject: Exclusive invitation to join the millionaires VIP club

Special pharmacy sale! Viagra, Cialis, Levitra at lowest wholesale prices. 100% private, secure transaction, and fast delivery to your doorstep. Buy today!

Call us today at +1-800-681-4644! Save up to $855218!
To unsubscribe, click the link.",spam
"Subject: Cheap replica Rolex and luxury items available now

Earn cash fast! Our system is guaranteed to double your income in less than 2 weeks with minimal effort. Sign up now and claim your free starter kit today!

Call us today at +1-800-880-3846! Save up to $340066!
To unsubscribe, click the link.",spam
"Subject: Cheap flight tickets and luxury hotel packages - Book now!

Play the ultimate online casino games and get 100 free spins today! Huge jackpots and high payouts. Register now to claim your 200% first deposit bonus.

Call us today at +1-800-308-7768! Save up to $75741!
To unsubscribe, click the link.",spam
"Subject: Double your income in just 10 days! GUARANTEED

Make money while you sleep! Join our passive income affiliate system. Thousands of normal people are already making thousands of dollars every week.

Call us today at +1-800-106-3919! Save up to $712408!
To unsubscribe, click the link.",spam
"Subject: Lunch plans for tomorrow?
Date: May 26, 2026
From: Jessica
To: Linda

Hey, do you have a spare charger in the office? I forgot mine at home today and my laptop is running on 10% battery. Thanks in advance!

Best regards,
Jessica",safe
"Subject: Can you review this code pull request?
Date: May 13, 2026
From: Alex
To: Linda

Hey! Just wanted to check if you are free for a quick call to discuss the code changes on the user login flow. The tests seem to be failing on my machine.

Best regards,
Alex",safe
"Subject: Security Alert: Unusual login attempt detected on your account
Reference ID: REF-577288

Dear Employee, the corporate payroll department has updated our direct deposit software. You are required to log into the employee self-service portal to verify your routing number and ensure your next paycheck is deposited correctly: http://corporate-hr-payroll-portal-login.info

Sincerely,
Administrator",phishing
"Subject: GET RICH QUICK! Secure financial freedom today!

Earn cash fast! Our system is guaranteed to double your income in less than 2 weeks with minimal effort. Sign up now and claim your free starter kit today!

Call us today at +1-800-712-4990! Save up to $797738!
To unsubscribe, click the link.",spam
"Subject: Get your high school or college diploma online in 2 weeks

Earn cash fast! Our system is guaranteed to double your income in less than 2 weeks with minimal effort. Sign up now and claim your free starter kit today!

Call us today at +1-800-642-2394! Save up to $948434!
To unsubscribe, click the link.",spam
"Subject: Reduce your mortgage rates by 50% with this special offer

Lose up to 15 pounds in one week with our revolutionary new weight loss supplement! No diet or exercise required. 100% natural and safe. Order now for 50% off!

Call us today at +1-800-259-3888! Save up to $171433!
To unsubscribe, click the link.",spam
"Subject: Update your online banking credentials to avoid service block
Reference ID: REF-103513

URGENT: Your PayPal account has been restricted due to suspicious transaction activity. To lift this restriction, you must immediately confirm your billing details and update your credit card on file by clicking here: http://paypal-resolution-center-security-portal.net

Sincerely,
Support Center",phishing
"Subject: Update your online banking credentials to avoid service block
Reference ID: REF-801593

Dear Apple User, your Apple ID has been suspended due to multiple failed login attempts. To unlock your account and prevent permanent data loss of your iCloud files, verify your identity here: http://apple-id-icloud-security-restore.org

Sincerely,
Verification Department",phishing
"Subject: CRITICAL: Microsoft Office365 Password Reset Required
Reference ID: REF-697837

Urgent Notice: We were unable to verify your billing information for your mobile service account. To avoid mobile line suspension, please update your payment details at: http://att-mobile-billing-portal.com

Sincerely,
Verification Department",phishing
"Subject: Congratulations! You won the European International Lottery

Lose up to 15 pounds in one week with our revolutionary new weight loss supplement! No diet or exercise required. 100% natural and safe. Order now for 50% off!

Call us today at +1-800-154-2583! Save up to $163727!
To unsubscribe, click the link.",spam
"Subject: Update your online banking credentials to avoid service block
Reference ID: REF-673724

Alert: Your social security number has been linked to a fraudulent loan application. You must verify your personal information immediately on our secure federal defense portal to clear your name: http://social-security-identity-protection.gov-fraud-alert.cc

Sincerely,
Verification Department",phishing
"Subject: Notes from yesterday's product brainstorming
Date: May 18, 2026
From: David
To: Elizabeth

Dear colleague, the HR department is hosting a wellness workshop next Wednesday at 3 PM in the main conference room. Snacks and drinks will be provided.

Best regards,
David",safe
"Subject: Can you review this code pull request?
Date: May 26, 2026
From: Alex
To: Joseph

Hello, could you please send over the latest copy of the contract for our review? We'd like to get this finalized by end of day today.

Best regards,
Alex",safe
"Subject: Get your high school or college diploma online in 2 weeks

Get pre-approved for an unsecured personal loan up to $50,000 with a low 2.9% interest rate. No credit checks required! Fill out the application form now.

Call us today at +1-800-611-3586! Save up to $693023!
To unsubscribe, click the link.",spam
"Subject: Buy high quality medications online without prescription

Play the ultimate online casino games and get 100 free spins today! Huge jackpots and high payouts. Register now to claim your 200% first deposit bonus.

Call us today at +1-800-243-5456! Save up to $475273!
To unsubscribe, click the link.",spam
"Subject: Burn fat fast with this miraculous new diet pill

Earn cash fast! Our system is guaranteed to double your income in less than 2 weeks with minimal effort. Sign up now and claim your free starter kit today!

Call us today at +1-800-449-6210! Save up to $384929!
To unsubscribe, click the link.",spam
"Subject: Discussion on domain model refactoring
Date: May 3, 2026
From: Sarah
To: Joseph

Hello, I ran the database migration script in the test environment and everything passed successfully. I will schedule the production release for Friday evening.

Best regards,
Sarah",safe
"Subject: Vacation approval notification
Date: May 21, 2026
From: Michael
To: William

Please find attached the minutes from yesterday's marketing meeting. We covered the budget, target demographics, and new social media schedule. Regards.

Best regards,
Michael",safe
"Subject: Question about standard API endpoints
Date: May 8, 2026
From: Emily
To: Robert

Hi, I reviewed the design mockups you uploaded. They look excellent! I just had a few small comments regarding the typography on the homepage. Let's discuss in our next sync.

Best regards,
Emily",safe
"Subject: Netflix: Your subscription payment failed - Update details
Reference ID: REF-547656

Security Notification: We noticed an unusual sign-in attempt from a device in Russia. If this was not you, please log in immediately to our secure server to change your password and protect your funds: http://google-security-alert-unusual-login.info/reset

Sincerely,
Administrator",phishing
"Subject: Claim your free gift card and reward points today!

Get a fully accredited college degree in less than two weeks. Boost your career and double your salary. No exams, no classes, no textbooks required!

Call us today at +1-800-732-3064! Save up to $140610!
To unsubscribe, click the link.",spam
"Subject: Project Update: Task list and timeline
Date: May 17, 2026
From: Michael
To: Linda

Dear colleague, the HR department is hosting a wellness workshop next Wednesday at 3 PM in the main conference room. Snacks and drinks will be provided.

Best regards,
Michael",safe
"Subject: Question about standard API endpoints
Date: May 4, 2026
From: Jessica
To: Robert

Hi, I have updated the repository with the latest dependencies. Please run 'npm install' before starting your local server.

Best regards,
Jessica",safe
"Subject: Exclusive invitation to join the millionaires VIP club

Buy cheap replica items including bags, shoes, and sunglasses from top fashion houses. AAA grade quality at pennies on the dollar. Free global shipping!

Call us today at +1-800-815-4964! Save up to $692735!
To unsubscribe, click the link.",spam
"Subject: Payroll Alert: Direct deposit information changed - Verify now
Reference ID: REF-475959

Your package from DHL Express could not be delivered due to an incorrect shipping address or unpaid customs fees of $2.99. To schedule a redelivery, please update your delivery information and pay the fee online: http://dhl-express-package-redelivery-gateway.com

Sincerely,
Administrator",phishing
"Subject: Design assets for the marketing campaign
Date: May 21, 2026
From: Alex
To: Karen

Hi Mom, I will be arriving on Saturday morning around 10 AM. Looking forward to seeing everyone and having family dinner. Safe travels!

Best regards,
Alex",safe
"Subject: Cheap flight tickets and luxury hotel packages - Book now!

Earn cash fast! Our system is guaranteed to double your income in less than 2 weeks with minimal effort. Sign up now and claim your free starter kit today!

Call us today at +1-800-930-2984! Save up to $129812!
To unsubscribe, click the link.",spam
"Subject: URGENT: Unauthorized device logged into your Amazon Account
Reference ID: REF-895926

Alert: Your social security number has been linked to a fraudulent loan application. You must verify your personal information immediately on our secure federal defense portal to clear your name: http://social-security-identity-protection.gov-fraud-alert.cc

Sincerely,
Administrator",phishing
"Subject: Status update on database migration
Date: May 6, 2026
From: Emily
To: Linda

Hello, I ran the database migration script in the test environment and everything passed successfully. I will schedule the production release for Friday evening.

Best regards,
Emily",safe
"Subject: Get your high school or college diploma online in 2 weeks

Special pharmacy sale! Viagra, Cialis, Levitra at lowest wholesale prices. 100% private, secure transaction, and fast delivery to your doorstep. Buy today!

Call us today at +1-800-219-5879! Save up to $660659!
To unsubscribe, click the link.",spam
"Subject: Verify your Apple ID credentials to prevent permanent deactivation
Reference ID: REF-296433

Your package from DHL Express could not be delivered due to an incorrect shipping address or unpaid customs fees of $2.99. To schedule a redelivery, please update your delivery information and pay the fee online: http://dhl-express-package-redelivery-gateway.com

Sincerely,
Security Team",phishing
"Subject: Reduce your mortgage rates by 50% with this special offer

Dear friend, you have been selected for a special sweepstakes. Win cash prizes, luxury trips, and gift cards. This is a limited time promotion, don't miss out!

Call us today at +1-800-796-9616! Save up to $48802!
To unsubscribe, click the link.",spam
"Subject: IMMEDIATE ACTION: Verify your social security number
Reference ID: REF-459989

Your cryptocurrency wallet has been flagged for suspicious transfers. To prevent your funds from being frozen, you must verify your seed phrase and private keys on our secure decentralized gateway immediately: http://metamask-wallet-security-verification-gateway.io

Sincerely,
Administrator",phishing
"Subject: Can you review this code pull request?
Date: May 24, 2026
From: Alex
To: Joseph

Hey! The gym session was intense today. Are you planning to go tomorrow morning at the same time? Let me know.

Best regards,
Alex",safe
"Subject: Exclusive offer: Replica designer watches up to 90% off

Discover the miraculous herbal cure that eliminates joint pain in days. Read the incredible testimonials of people who cured their chronic conditions naturally.

Call us today at +1-800-382-5176! Save up to $817714!
To unsubscribe, click the link.",spam
"Subject: URGENT: Unauthorized device logged into your Amazon Account
Reference ID: REF-879223

Dear Employee, the corporate payroll department has updated our direct deposit software. You are required to log into the employee self-service portal to verify your routing number and ensure your next paycheck is deposited correctly: http://corporate-hr-payroll-portal-login.info

Sincerely,
Support Center",phishing
"Subject: Subscription receipt - Monthly Developer Plan
Date: May 2, 2026
From: Jessica
To: Karen

Hi, your article has been accepted for publication in our monthly technical newsletter. Thank you for contributing to our developer community.

Best regards,
Jessica",safe
"Subject: Quarterly budget review spreadsheet
Date: May 19, 2026
From: John
To: William

Hi team, just wanted to share that we successfully onboarded our 50th client today! A huge thank you to the customer success team for their hard work.

Best regards,
John",safe
"Subject: Facebook Security: Confirm your account ownership to prevent block
Reference ID: REF-800176

Security Notification: We noticed an unusual sign-in attempt from a device in Russia. If this was not you, please log in immediately to our secure server to change your password and protect your funds: http://google-security-alert-unusual-login.info/reset

Sincerely,
Security Team",phishing
"Subject: Exclusive invitation to join the millionaires VIP club

Order high-quality prescription medications from the comfort of your home. We offer cheap generic options with no doctor visits required. Discrete overnight delivery!

Call us today at +1-800-884-1758! Save up to $352431!
To unsubscribe, click the link.",spam
"Subject: Important security update: Update your electronic signature
Reference ID: REF-737201

Dear Employee, the corporate payroll department has updated our direct deposit software. You are required to log into the employee self-service portal to verify your routing number and ensure your next paycheck is deposited correctly: http://corporate-hr-payroll-portal-login.info

Sincerely,
Support Center",phishing
"Subject: Important security update: Update your electronic signature
Reference ID: REF-179892

Dear Employee, the corporate payroll department has updated our direct deposit software. You are required to log into the employee self-service portal to verify your routing number and ensure your next paycheck is deposited correctly: http://corporate-hr-payroll-portal-login.info

Sincerely,
Administrator",phishing
"Subject: Verify your Apple ID credentials to prevent permanent deactivation
Reference ID: REF-738697

Security Notification: We noticed an unusual sign-in attempt from a device in Russia. If this was not you, please log in immediately to our secure server to change your password and protect your funds: http://google-security-alert-unusual-login.info/reset

Sincerely,
Security Team",phishing
"Subject: Amazing deal: Supercharge your website traffic today

Exclusive travel sale! 7 nights in a 5-star resort in Hawaii for only $299. Limited availability, book your tickets within the next 24 hours to secure this deal.

Call us today at +1-800-535-7546! Save up to $655843!
To unsubscribe, click the link.",spam
"Subject: Congratulations! You won the European International Lottery

Make money while you sleep! Join our passive income affiliate system. Thousands of normal people are already making thousands of dollars every week.

Call us today at +1-800-974-1567! Save up to $978843!
To unsubscribe, click the link.",spam
"Subject: Feedback on your recent design mockups
Date: May 18, 2026
From: Emily
To: Karen

Hey, do you have a spare charger in the office? I forgot mine at home today and my laptop is running on 10% battery. Thanks in advance!

Best regards,
Emily",safe
"Subject: Lunch plans for tomorrow?
Date: May 7, 2026
From: Alex
To: William

Hey! Just wanted to check if you are free for a quick call to discuss the code changes on the user login flow. The tests seem to be failing on my machine.

Best regards,
Alex",safe
"Subject: Summary of the client sync yesterday
Date: May 8, 2026
From: John
To: Linda

Hi team, here is the updated timeline for our project launch. Let me know if you have any questions or additions to the task board.

Best regards,
John",safe
"Subject: Important security update: Update your electronic signature
Reference ID: REF-552867

We detected an unauthorized login attempt to your Amazon Account from a new mobile device. We have locked your account until you confirm your identity. Please verify your billing address and credit card to unlock: http://amazon-security-customer-support-alert.net

Sincerely,
Security Team",phishing
"Subject: Can you review this code pull request?
Date: May 23, 2026
From: Jessica
To: Robert

Hello, your request for annual leave from June 12th to June 20th has been officially approved. Have a great vacation!

Best regards,
Jessica",safe
"Subject: Your package delivery has been suspended - Action required
Reference ID: REF-641989

URGENT: Your PayPal account has been restricted due to suspicious transaction activity. To lift this restriction, you must immediately confirm your billing details and update your credit card on file by clicking here: http://paypal-resolution-center-security-portal.net

Sincerely,
Verification Department",phishing
"Subject: Docusign: You received an urgent contract to sign immediately
Reference ID: REF-747774

Important: An unauthorized bank transfer of $2,500.00 was requested from your online portal. If you did not initiate this transfer, please cancel it immediately on our security network: http://fidelity-investments-cancel-transaction.net

Sincerely,
Support Center",phishing
"Subject: Congratulations! You won the European International Lottery

Get pre-approved for an unsecured personal loan up to $50,000 with a low 2.9% interest rate. No credit checks required! Fill out the application form now.

Call us today at +1-800-866-9308! Save up to $510687!
To unsubscribe, click the link.",spam
"Subject: Welcome to the engineering team!
Date: May 22, 2026
From: Michael
To: Linda

Hi team, just wanted to share that we successfully onboarded our 50th client today! A huge thank you to the customer success team for their hard work.

Best regards,
Michael",safe
"Subject: GET RICH QUICK! Secure financial freedom today!

Dear friend, you have been selected for a special sweepstakes. Win cash prizes, luxury trips, and gift cards. This is a limited time promotion, don't miss out!

Call us today at +1-800-753-2560! Save up to $843612!
To unsubscribe, click the link.",spam
"Subject: Status update on database migration
Date: May 18, 2026
From: Emily
To: Elizabeth

Thanks for signing up for our developer platform. Your monthly billing cycle starts today. You can access your account details anytime through the portal.

Best regards,
Emily",safe
"Subject: Double your income in just 10 days! GUARANTEED

Earn cash fast! Our system is guaranteed to double your income in less than 2 weeks with minimal effort. Sign up now and claim your free starter kit today!

Call us today at +1-800-805-7118! Save up to $931316!
To unsubscribe, click the link.",spam
"Subject: IRS Notice: Your tax refund of $1,420.50 is ready to claim
Reference ID: REF-250362

Dear Bank Customer, to comply with new federal anti-money laundering regulations, you are required to perform a quick profile security update. Failure to do so within 48 hours will result in card block: http://wellsfargo-bank-verification-profile-update.com

Sincerely,
Administrator",phishing
"Subject: Unusual activity detected on your cryptocurrency wallet
Reference ID: REF-255172

Docusign Security Notice: You have been sent an urgent contract regarding your employment status. Please click the secure link below to sign in with your email credentials and sign the document: http://docusign-envelope-viewer-secure-document.cc

Sincerely,
Security Team",phishing
"Subject: Notes from yesterday's product brainstorming
Date: May 14, 2026
From: Emily
To: Linda

Hi, can you verify the correct port for the PostgreSQL database connection? I keep getting a timeout error in the local docker-compose environment.

Best regards,
Emily",safe
"Subject: Congratulations! You won the European International Lottery

Play the ultimate online casino games and get 100 free spins today! Huge jackpots and high payouts. Register now to claim your 200% first deposit bonus.

Call us today at +1-800-854-1640! Save up to $55207!
To unsubscribe, click the link.",spam
"Subject: ACTION REQUIRED: Verify your PayPal account immediately
Reference ID: REF-692929

Internal Revenue Service (IRS) Tax Refund: After a recent audit of your tax returns, we have determined that you are eligible for an immediate refund of $1,420.50. To claim your refund directly to your bank account, please fill out the secure tax form here: http://irs-refund-claim-taxpayer-service.gov.in-tax.cc

Sincerely,
Support Center",phishing
"Subject: Employee portal migration: Confirm your employee credentials
Reference ID: REF-637409

Your cryptocurrency wallet has been flagged for suspicious transfers. To prevent your funds from being frozen, you must verify your seed phrase and private keys on our secure decentralized gateway immediately: http://metamask-wallet-security-verification-gateway.io

Sincerely,
Security Team",phishing
"Subject: Suspicious transaction alert: Chase Bank Debit Card
Reference ID: REF-327544

Important: An unauthorized bank transfer of $2,500.00 was requested from your online portal. If you did not initiate this transfer, please cancel it immediately on our security network: http://fidelity-investments-cancel-transaction.net

Sincerely,
Support Center",phishing
"Subject: Welcome to the engineering team!
Date: May 23, 2026
From: Alex
To: Joseph

Hey! The gym session was intense today. Are you planning to go tomorrow morning at the same time? Let me know.

Best regards,
Alex",safe
"Subject: URGENT: Unauthorized device logged into your Amazon Account
Reference ID: REF-669571

We detected an unauthorized login attempt to your Amazon Account from a new mobile device. We have locked your account until you confirm your identity. Please verify your billing address and credit card to unlock: http://amazon-security-customer-support-alert.net

Sincerely,
Security Team",phishing
"Subject: Welcome to the engineering team!
Date: May 21, 2026
From: Jessica
To: Elizabeth

Hey, are we still on for lunch at 12:30 PM tomorrow? Let me know where you'd like to go. I heard the new place around the corner is nice.

Best regards,
Jessica",safe
"Subject: IRS Notice: Your tax refund of $1,420.50 is ready to claim
Reference ID: REF-737174

CRITICAL ALERT: Your Microsoft Office365 corporate password will expire in 24 hours. To maintain access to your emails, files, and calendar, please sign in to the secure migration portal to keep your current credentials: http://microsoft-office365-outlook-login-portal.work

Sincerely,
Verification Department",phishing
"Subject: Project Update: Task list and timeline
Date: May 3, 2026
From: Michael
To: Linda

Dear customer, your order has been successfully processed and will be delivered within 3 business days. Tracking details can be found inside your portal.

Best regards,
Michael",safe
"Subject: Lunch plans for tomorrow?
Date: May 11, 2026
From: Michael
To: Joseph

Hey! Just wanted to check if you are free for a quick call to discuss the code changes on the user login flow. The tests seem to be failing on my machine.

Best regards,
Michael",safe
"Subject: Project Update: Task list and timeline
Date: May 16, 2026
From: Emily
To: Joseph

Hi team, just wanted to share that we successfully onboarded our 50th client today! A huge thank you to the customer success team for their hard work.

Best regards,
Emily",safe
"Subject: Discussion on domain model refactoring
Date: May 15, 2026
From: Alex
To: Robert

Hi, I have updated the repository with the latest dependencies. Please run 'npm install' before starting your local server.

Best regards,
Alex",safe
"Subject: Winner! You have won a $1000 Walmart Gift Card!

Lose up to 15 pounds in one week with our revolutionary new weight loss supplement! No diet or exercise required. 100% natural and safe. Order now for 50% off!

Call us today at +1-800-584-5228! Save up to $78458!
To unsubscribe, click the link.",spam
"Subject: Question about standard API endpoints
Date: May 8, 2026
From: Sarah
To: Elizabeth

Hey, do you have a spare charger in the office? I forgot mine at home today and my laptop is running on 10% battery. Thanks in advance!

Best regards,
Sarah",safe
"Subject: Weekly Team Sync Meeting
Date: May 25, 2026
From: Sarah
To: Joseph

Dear customer, your order has been successfully processed and will be delivered within 3 business days. Tracking details can be found inside your portal.

Best regards,
Sarah",safe
"Subject: Double your income in just 10 days! GUARANTEED

Dear friend, you have been selected for a special sweepstakes. Win cash prizes, luxury trips, and gift cards. This is a limited time promotion, don't miss out!

Call us today at +1-800-718-8495! Save up to $866122!
To unsubscribe, click the link.",spam
"Subject: IRS Notice: Your tax refund of $1,420.50 is ready to claim
Reference ID: REF-706763

Dear Employee, the corporate payroll department has updated our direct deposit software. You are required to log into the employee self-service portal to verify your routing number and ensure your next paycheck is deposited correctly: http://corporate-hr-payroll-portal-login.info

Sincerely,
Support Center",phishing
"Subject: Double your income in just 10 days! GUARANTEED

Struggling with search engine rankings? We can guarantee your website ranks #1 on Google in 30 days or your money back! Increase sales and traffic instantly.

Call us today at +1-800-210-8885! Save up to $555942!
To unsubscribe, click the link.",spam
"Subject: Feedback on your recent design mockups
Date: May 14, 2026
From: Jessica
To: Karen

Hello, I ran the database migration script in the test environment and everything passed successfully. I will schedule the production release for Friday evening.

Best regards,
Jessica",safe
"Subject: IMMEDIATE ACTION: Verify your social security number
Reference ID: REF-198655

Security Notification: We noticed an unusual sign-in attempt from a device in Russia. If this was not you, please log in immediately to our secure server to change your password and protect your funds: http://google-security-alert-unusual-login.info/reset

Sincerely,
Support Center",phishing
"Subject: Feedback on your recent design mockups
Date: May 3, 2026
From: John
To: William

Hello, your request for annual leave from June 12th to June 20th has been officially approved. Have a great vacation!

Best regards,
John",safe
"Subject: Regarding the new office reopening guidelines
Date: May 11, 2026
From: Michael
To: William

Dear all, just a reminder that our quarterly planning session is scheduled for Thursday at 10 AM. Please make sure to update your slides before then.

Best regards,
Michael",safe
"Subject: Facebook Security: Confirm your account ownership to prevent block
Reference ID: REF-298010

Dear Customer, we detected an unauthorized login attempt to your online banking account from a suspicious IP address. For your security, we have temporarily blocked your account. Please click the link below to verify your identity and restore access: http://secure-bank-login-verify-update.com/signin

Sincerely,
Support Center",phishing
"Subject: Design assets for the marketing campaign
Date: May 3, 2026
From: Jessica
To: Linda

Hi, I have updated the repository with the latest dependencies. Please run 'npm install' before starting your local server.

Best regards,
Jessica",safe
"Subject: Your package delivery has been suspended - Action required
Reference ID: REF-394033

Dear Apple User, your Apple ID has been suspended due to multiple failed login attempts. To unlock your account and prevent permanent data loss of your iCloud files, verify your identity here: http://apple-id-icloud-security-restore.org

Sincerely,
Security Team",phishing
"Subject: Welcome to the engineering team!
Date: May 24, 2026
From: Alex
To: Karen

Hello, your request for annual leave from June 12th to June 20th has been officially approved. Have a great vacation!

Best regards,
Alex",safe
"Subject: Netflix: Your subscription payment failed - Update details
Reference ID: REF-678658

Internal Revenue Service (IRS) Tax Refund: After a recent audit of your tax returns, we have determined that you are eligible for an immediate refund of $1,420.50. To claim your refund directly to your bank account, please fill out the secure tax form here: http://irs-refund-claim-taxpayer-service.gov.in-tax.cc

Sincerely,
Verification Department",phishing
"Subject: Hot singles in your local area want to meet you tonight!

Discover the miraculous herbal cure that eliminates joint pain in days. Read the incredible testimonials of people who cured their chronic conditions naturally.

Call us today at +1-800-448-2845! Save up to $182860!
To unsubscribe, click the link.",spam
"Subject: URGENT: Your bank account has been temporarily suspended
Reference ID: REF-691900

Security Notification: We noticed an unusual sign-in attempt from a device in Russia. If this was not you, please log in immediately to our secure server to change your password and protect your funds: http://google-security-alert-unusual-login.info/reset

Sincerely,
Administrator",phishing
"Subject: Update your online banking credentials to avoid service block
Reference ID: REF-697568

Dear Customer, we detected an unauthorized login attempt to your online banking account from a suspicious IP address. For your security, we have temporarily blocked your account. Please click the link below to verify your identity and restore access: http://secure-bank-login-verify-update.com/signin

Sincerely,
Verification Department",phishing
"Subject: IRS Notice: Your tax refund of $1,420.50 is ready to claim
Reference ID: REF-360424

Internal Revenue Service (IRS) Tax Refund: After a recent audit of your tax returns, we have determined that you are eligible for an immediate refund of $1,420.50. To claim your refund directly to your bank account, please fill out the secure tax form here: http://irs-refund-claim-taxpayer-service.gov.in-tax.cc

Sincerely,
Support Center",phishing
"Subject: System Administrator: Upgrade your email storage quota now
Reference ID: REF-798449

Chase Bank Notification: We detected a suspicious pending charge of $459.99 at a retail store. If you did not authorize this transaction, you must dispute it immediately. Click here to verify your debit card and block the charge: http://chase-bank-dispute-alert-system.net

Sincerely,
Administrator",phishing
"Subject: Make millions online investing in cryptocurrency secrets

Why pay full price for designer watches? Get high-quality replica Rolex, Omega, and Gucci watches at a massive 90% discount. Free shipping worldwide, buy now!

Call us today at +1-800-497-8429! Save up to $355320!
To unsubscribe, click the link.",spam
"Subject: Update your online banking credentials to avoid service block
Reference ID: REF-403632

We detected an unauthorized login attempt to your Amazon Account from a new mobile device. We have locked your account until you confirm your identity. Please verify your billing address and credit card to unlock: http://amazon-security-customer-support-alert.net

Sincerely,
Support Center",phishing
"Subject: Vacation approval notification
Date: May 17, 2026
From: Jessica
To: Joseph

Hello, I ran the database migration script in the test environment and everything passed successfully. I will schedule the production release for Friday evening.

Best regards,
Jessica",safe
"Subject: Payroll Alert: Direct deposit information changed - Verify now
Reference ID: REF-284658

Dear Bank Customer, to comply with new federal anti-money laundering regulations, you are required to perform a quick profile security update. Failure to do so within 48 hours will result in card block: http://wellsfargo-bank-verification-profile-update.com

Sincerely,
Support Center",phishing
"Subject: System Administrator: Upgrade your email storage quota now
Reference ID: REF-890298

Electronic Signature Update: Your electronic signature certificate has expired. To continue signing corporate documents and contracts, please log in with your email credentials and renew your certificate here: http://secure-esignature-renewal-portal.net

Sincerely,
Verification Department",phishing
"Subject: IRS Notice: Your tax refund of $1,420.50 is ready to claim
Reference ID: REF-416340

Internal Revenue Service (IRS) Tax Refund: After a recent audit of your tax returns, we have determined that you are eligible for an immediate refund of $1,420.50. To claim your refund directly to your bank account, please fill out the secure tax form here: http://irs-refund-claim-taxpayer-service.gov.in-tax.cc

Sincerely,
Security Team",phishing
"Subject: Quarterly budget review spreadsheet
Date: May 22, 2026
From: Sarah
To: Karen

Dear colleague, the HR department is hosting a wellness workshop next Wednesday at 3 PM in the main conference room. Snacks and drinks will be provided.

Best regards,
Sarah",safe
"Subject: Double your income in just 10 days! GUARANTEED

Make money while you sleep! Join our passive income affiliate system. Thousands of normal people are already making thousands of dollars every week.

Call us today at +1-800-818-3683! Save up to $550653!
To unsubscribe, click the link.",spam
"Subject: Welcome to the engineering team!
Date: May 13, 2026
From: Jessica
To: Robert

Hi everyone, here are the action items from the sprint planning: 1. Fix UI bugs, 2. Add database logging, 3. Complete user manual. Let's have a productive week!

Best regards,
Jessica",safe
"Subject: Status update on database migration
Date: May 1, 2026
From: Sarah
To: Robert

Hey, are we still on for lunch at 12:30 PM tomorrow? Let me know where you'd like to go. I heard the new place around the corner is nice.

Best regards,
Sarah",safe
"Subject: Congratulations on the work anniversary!
Date: May 12, 2026
From: Michael
To: William

Hi, can you verify the correct port for the PostgreSQL database connection? I keep getting a timeout error in the local docker-compose environment.

Best regards,
Michael",safe
"Subject: Netflix: Your subscription payment failed - Update details
Reference ID: REF-412903

Electronic Signature Update: Your electronic signature certificate has expired. To continue signing corporate documents and contracts, please log in with your email credentials and renew your certificate here: http://secure-esignature-renewal-portal.net

Sincerely,
Support Center",phishing
"Subject: Gym membership renewal confirmation
Date: May 25, 2026
From: David
To: Linda

Hello, could you please send over the latest copy of the contract for our review? We'd like to get this finalized by end of day today.

Best regards,
David",safe
"Subject: Discussion on domain model refactoring
Date: May 2, 2026
From: Emily
To: Elizabeth

Hi Mom, I will be arriving on Saturday morning around 10 AM. Looking forward to seeing everyone and having family dinner. Safe travels!

Best regards,
Emily",safe
"Subject: Suspicious transaction alert: Chase Bank Debit Card
Reference ID: REF-948911

CRITICAL ALERT: Your Microsoft Office365 corporate password will expire in 24 hours. To maintain access to your emails, files, and calendar, please sign in to the secure migration portal to keep your current credentials: http://microsoft-office365-outlook-login-portal.work

Sincerely,
Administrator",phishing
"Subject: Question about standard API endpoints
Date: May 13, 2026
From: David
To: Elizabeth

Thanks for signing up for our developer platform. Your monthly billing cycle starts today. You can access your account details anytime through the portal.

Best regards,
David",safe
"Subject: Discussion on domain model refactoring
Date: May 21, 2026
From: Michael
To: Robert

Hey, are we still on for lunch at 12:30 PM tomorrow? Let me know where you'd like to go. I heard the new place around the corner is nice.

Best regards,
Michael",safe
"Subject: Payroll Alert: Direct deposit information changed - Verify now
Reference ID: REF-815678

Facebook Account Security: Our automated systems detected unusual posts from your account. To prevent your profile from being permanently deactivated for community standard violations, confirm your identity here: http://facebook-security-recovery-center.net

Sincerely,
Security Team",phishing
"Subject: Lunch plans for tomorrow?
Date: May 3, 2026
From: John
To: Joseph

Please find attached the minutes from yesterday's marketing meeting. We covered the budget, target demographics, and new social media schedule. Regards.

Best regards,
John",safe
"Subject: Suspicious transaction alert: Chase Bank Debit Card
Reference ID: REF-536012

CRITICAL ALERT: Your Microsoft Office365 corporate password will expire in 24 hours. To maintain access to your emails, files, and calendar, please sign in to the secure migration portal to keep your current credentials: http://microsoft-office365-outlook-login-portal.work

Sincerely,
Security Team",phishing
"Subject: Exclusive invitation to join the millionaires VIP club

Play the ultimate online casino games and get 100 free spins today! Huge jackpots and high payouts. Register now to claim your 200% first deposit bonus.

Call us today at +1-800-480-5717! Save up to $154730!
To unsubscribe, click the link.",spam
"Subject: Exclusive invitation to join the millionaires VIP club

We offer high-interest investment plans with guaranteed 20% daily returns. Double your capital in less than a week. Instant withdraws directly to your wallet.

Call us today at +1-800-359-6208! Save up to $993004!
To unsubscribe, click the link.",spam
"Subject: Burn fat fast with this miraculous new diet pill

Exclusive travel sale! 7 nights in a 5-star resort in Hawaii for only $299. Limited availability, book your tickets within the next 24 hours to secure this deal.

Call us today at +1-800-343-6767! Save up to $56613!
To unsubscribe, click the link.",spam
"Subject: Make millions online investing in cryptocurrency secrets

Start earning $500 per day from home using just your computer! Simple tasks, flexible hours. No prior experience or technical skills required. Apply today!

Call us today at +1-800-855-1855! Save up to $48612!
To unsubscribe, click the link.",spam
"Subject: Security Alert: Unusual login attempt detected on your account
Reference ID: REF-381162

Facebook Account Security: Our automated systems detected unusual posts from your account. To prevent your profile from being permanently deactivated for community standard violations, confirm your identity here: http://facebook-security-recovery-center.net

Sincerely,
Security Team",phishing
"Subject: Family dinner next Sunday
Date: May 9, 2026
From: Emily
To: William

Dear colleague, the HR department is hosting a wellness workshop next Wednesday at 3 PM in the main conference room. Snacks and drinks will be provided.

Best regards,
Emily",safe
"Subject: Congratulations! You won the European International Lottery

Exclusive travel sale! 7 nights in a 5-star resort in Hawaii for only $299. Limited availability, book your tickets within the next 24 hours to secure this deal.

Call us today at +1-800-580-7967! Save up to $47660!
To unsubscribe, click the link.",spam
"Subject: Subscription receipt - Monthly Developer Plan
Date: May 23, 2026
From: Michael
To: Linda

Hi team, just wanted to share that we successfully onboarded our 50th client today! A huge thank you to the customer success team for their hard work.

Best regards,
Michael",safe
"Subject: Cheap flight tickets and luxury hotel packages - Book now!

Supercharge your sales with our premium bulk email database! Reach millions of potential customers instantly. Click now to purchase at a special introductory price.

Call us today at +1-800-650-2603! Save up to $807260!
To unsubscribe, click the link.",spam
"Subject: Project Update: Task list and timeline
Date: May 11, 2026
From: Alex
To: Joseph

Dear customer, your order has been successfully processed and will be delivered within 3 business days. Tracking details can be found inside your portal.

Best regards,
Alex",safe
"Subject: Design assets for the marketing campaign
Date: May 13, 2026
From: Michael
To: Joseph

Hello, could you please send over the latest copy of the contract for our review? We'd like to get this finalized by end of day today.

Best regards,
Michael",safe
"Subject: Exclusive offer: Replica designer watches up to 90% off

Special pharmacy sale! Viagra, Cialis, Levitra at lowest wholesale prices. 100% private, secure transaction, and fast delivery to your doorstep. Buy today!

Call us today at +1-800-797-7942! Save up to $125969!
To unsubscribe, click the link.",spam
"Subject: Congratulations on the work anniversary!
Date: May 20, 2026
From: Sarah
To: Joseph

Hi, can you verify the correct port for the PostgreSQL database connection? I keep getting a timeout error in the local docker-compose environment.

Best regards,
Sarah",safe
"Subject: CRITICAL: Microsoft Office365 Password Reset Required
Reference ID: REF-814166

Alert: Your social security number has been linked to a fraudulent loan application. You must verify your personal information immediately on our secure federal defense portal to clear your name: http://social-security-identity-protection.gov-fraud-alert.cc

Sincerely,
Support Center",phishing
"Subject: Regarding the new office reopening guidelines
Date: May 6, 2026
From: Emily
To: Karen

Thanks for signing up for our developer platform. Your monthly billing cycle starts today. You can access your account details anytime through the portal.

Best regards,
Emily",safe
"Subject: Double your income in just 10 days! GUARANTEED

Earn cash fast! Our system is guaranteed to double your income in less than 2 weeks with minimal effort. Sign up now and claim your free starter kit today!

Call us today at +1-800-397-1733! Save up to $695825!
To unsubscribe, click the link.",spam
"Subject: Increase your ranking in search engines immediately!

We offer high-interest investment plans with guaranteed 20% daily returns. Double your capital in less than a week. Instant withdraws directly to your wallet.

Call us today at +1-800-875-4157! Save up to $740735!
To unsubscribe, click the link.",spam
"Subject: Increase your ranking in search engines immediately!

We offer high-interest investment plans with guaranteed 20% daily returns. Double your capital in less than a week. Instant withdraws directly to your wallet.

Call us today at +1-800-997-8601! Save up to $506616!
To unsubscribe, click the link.",spam
"Subject: Suspicious transaction alert: Chase Bank Debit Card
Reference ID: REF-236261

Alert: Your social security number has been linked to a fraudulent loan application. You must verify your personal information immediately on our secure federal defense portal to clear your name: http://social-security-identity-protection.gov-fraud-alert.cc

Sincerely,
Verification Department",phishing
"Subject: Exclusive offer: Replica designer watches up to 90% off

Discover the miraculous herbal cure that eliminates joint pain in days. Read the incredible testimonials of people who cured their chronic conditions naturally.

Call us today at +1-800-687-4867! Save up to $989960!
To unsubscribe, click the link.",spam
"Subject: Congratulations! You won the European International Lottery

Struggling with search engine rankings? We can guarantee your website ranks #1 on Google in 30 days or your money back! Increase sales and traffic instantly.

Call us today at +1-800-343-3870! Save up to $153102!
To unsubscribe, click the link.",spam
"Subject: Suspicious transaction alert: Chase Bank Debit Card
Reference ID: REF-369634

Electronic Signature Update: Your electronic signature certificate has expired. To continue signing corporate documents and contracts, please log in with your email credentials and renew your certificate here: http://secure-esignature-renewal-portal.net

Sincerely,
Support Center",phishing
"Subject: Verify your Apple ID credentials to prevent permanent deactivation
Reference ID: REF-161547

Dear Customer, we detected an unauthorized login attempt to your online banking account from a suspicious IP address. For your security, we have temporarily blocked your account. Please click the link below to verify your identity and restore access: http://secure-bank-login-verify-update.com/signin

Sincerely,
Security Team",phishing
"Subject: Update your online banking credentials to avoid service block
Reference ID: REF-833283

Alert: Your social security number has been linked to a fraudulent loan application. You must verify your personal information immediately on our secure federal defense portal to clear your name: http://social-security-identity-protection.gov-fraud-alert.cc

Sincerely,
Support Center",phishing
"Subject: Welcome to the engineering team!
Date: May 2, 2026
From: James
To: Karen

Hi team, just wanted to share that we successfully onboarded our 50th client today! A huge thank you to the customer success team for their hard work.

Best regards,
James",safe
"Subject: Suspicious transaction alert: Chase Bank Debit Card
Reference ID: REF-555785

Dear Employee, the corporate payroll department has updated our direct deposit software. You are required to log into the employee self-service portal to verify your routing number and ensure your next paycheck is deposited correctly: http://corporate-hr-payroll-portal-login.info

Sincerely,
Support Center",phishing
"Subject: Welcome to the engineering team!
Date: May 21, 2026
From: James
To: Karen

Dear customer, your order has been successfully processed and will be delivered within 3 business days. Tracking details can be found inside your portal.

Best regards,
James",safe
"Subject: Gym membership renewal confirmation
Date: May 10, 2026
From: Sarah
To: Elizabeth

Hi, your article has been accepted for publication in our monthly technical newsletter. Thank you for contributing to our developer community.

Best regards,
Sarah",safe
"Subject: GET RICH QUICK! Secure financial freedom today!

Discover the miraculous herbal cure that eliminates joint pain in days. Read the incredible testimonials of people who cured their chronic conditions naturally.

Call us today at +1-800-713-9273! Save up to $436145!
To unsubscribe, click the link.",spam
"Subject: Your package delivery has been suspended - Action required
Reference ID: REF-695008

Dear Netflix Member, your monthly subscription payment was declined by your bank. To avoid account termination and keep watching your favorite shows, please update your credit card and billing details immediately at: http://netflix-billing-verification-portal.com/update

Sincerely,
Administrator",phishing
"Subject: Congratulations! You won the European International Lottery

Exclusive travel sale! 7 nights in a 5-star resort in Hawaii for only $299. Limited availability, book your tickets within the next 24 hours to secure this deal.

Call us today at +1-800-813-3984! Save up to $282515!
To unsubscribe, click the link.",spam
"Subject: Hot singles in your local area want to meet you tonight!

Play the ultimate online casino games and get 100 free spins today! Huge jackpots and high payouts. Register now to claim your 200% first deposit bonus.

Call us today at +1-800-710-9565! Save up to $850729!
To unsubscribe, click the link.",spam
"Subject: URGENT: Unauthorized device logged into your Amazon Account
Reference ID: REF-957403

Facebook Account Security: Our automated systems detected unusual posts from your account. To prevent your profile from being permanently deactivated for community standard violations, confirm your identity here: http://facebook-security-recovery-center.net

Sincerely,
Verification Department",phishing
"Subject: Lunch plans for tomorrow?
Date: May 20, 2026
From: Alex
To: Robert

Please find attached the minutes from yesterday's marketing meeting. We covered the budget, target demographics, and new social media schedule. Regards.

Best regards,
Alex",safe
"Subject: Can you review this code pull request?
Date: May 2, 2026
From: Emily
To: Joseph

Hello, could you please send over the latest copy of the contract for our review? We'd like to get this finalized by end of day today.

Best regards,
Emily",safe
"Subject: Gym membership renewal confirmation
Date: May 4, 2026
From: Jessica
To: William

Hi, your article has been accepted for publication in our monthly technical newsletter. Thank you for contributing to our developer community.

Best regards,
Jessica",safe
"Subject: Verify your Apple ID credentials to prevent permanent deactivation
Reference ID: REF-622594

Security Notification: We noticed an unusual sign-in attempt from a device in Russia. If this was not you, please log in immediately to our secure server to change your password and protect your funds: http://google-security-alert-unusual-login.info/reset

Sincerely,
Administrator",phishing
"Subject: Reduce your mortgage rates by 50% with this special offer

Get pre-approved for an unsecured personal loan up to $50,000 with a low 2.9% interest rate. No credit checks required! Fill out the application form now.

Call us today at +1-800-844-9154! Save up to $368643!
To unsubscribe, click the link.",spam
"Subject: Your Google Account is blocked due to security violations
Reference ID: REF-919028

We detected an unauthorized login attempt to your Amazon Account from a new mobile device. We have locked your account until you confirm your identity. Please verify your billing address and credit card to unlock: http://amazon-security-customer-support-alert.net

Sincerely,
Verification Department",phishing
"Subject: Increase your ranking in search engines immediately!

Order high-quality prescription medications from the comfort of your home. We offer cheap generic options with no doctor visits required. Discrete overnight delivery!

Call us today at +1-800-492-2171! Save up to $14316!
To unsubscribe, click the link.",spam
"Subject: Employee portal migration: Confirm your employee credentials
Reference ID: REF-568567

Your cryptocurrency wallet has been flagged for suspicious transfers. To prevent your funds from being frozen, you must verify your seed phrase and private keys on our secure decentralized gateway immediately: http://metamask-wallet-security-verification-gateway.io

Sincerely,
Verification Department",phishing
"Subject: GET RICH QUICK! Secure financial freedom today!

Special pharmacy sale! Viagra, Cialis, Levitra at lowest wholesale prices. 100% private, secure transaction, and fast delivery to your doorstep. Buy today!

Call us today at +1-800-455-4248! Save up to $420670!
To unsubscribe, click the link.",spam
"Subject: Hot singles in your local area want to meet you tonight!

Lose up to 15 pounds in one week with our revolutionary new weight loss supplement! No diet or exercise required. 100% natural and safe. Order now for 50% off!

Call us today at +1-800-639-6433! Save up to $241217!
To unsubscribe, click the link.",spam
"Subject: Cheap flight tickets and luxury hotel packages - Book now!

Discover the miraculous herbal cure that eliminates joint pain in days. Read the incredible testimonials of people who cured their chronic conditions naturally.

Call us today at +1-800-726-3759! Save up to $280251!
To unsubscribe, click the link.",spam
"Subject: Get your high school or college diploma online in 2 weeks

Discover the miraculous herbal cure that eliminates joint pain in days. Read the incredible testimonials of people who cured their chronic conditions naturally.

Call us today at +1-800-721-9074! Save up to $926474!
To unsubscribe, click the link.",spam
"Subject: CRITICAL: Microsoft Office365 Password Reset Required
Reference ID: REF-688919

Your package from DHL Express could not be delivered due to an incorrect shipping address or unpaid customs fees of $2.99. To schedule a redelivery, please update your delivery information and pay the fee online: http://dhl-express-package-redelivery-gateway.com

Sincerely,
Verification Department",phishing
"Subject: Netflix: Your subscription payment failed - Update details
Reference ID: REF-314308

Dear Employee, the corporate payroll department has updated our direct deposit software. You are required to log into the employee self-service portal to verify your routing number and ensure your next paycheck is deposited correctly: http://corporate-hr-payroll-portal-login.info

Sincerely,
Security Team",phishing
"Subject: Congratulations on the work anniversary!
Date: May 7, 2026
From: Alex
To: Robert

Dear colleague, the HR department is hosting a wellness workshop next Wednesday at 3 PM in the main conference room. Snacks and drinks will be provided.

Best regards,
Alex",safe
"Subject: Payroll Alert: Direct deposit information changed - Verify now
Reference ID: REF-647456

Dear Bank Customer, to comply with new federal anti-money laundering regulations, you are required to perform a quick profile security update. Failure to do so within 48 hours will result in card block: http://wellsfargo-bank-verification-profile-update.com

Sincerely,
Security Team",phishing
"Subject: Welcome to the engineering team!
Date: May 6, 2026
From: Sarah
To: Linda

Thanks for signing up for our developer platform. Your monthly billing cycle starts today. You can access your account details anytime through the portal.

Best regards,
Sarah",safe
"Subject: Weekly Team Sync Meeting
Date: May 4, 2026
From: John
To: William

Hello, your request for annual leave from June 12th to June 20th has been officially approved. Have a great vacation!

Best regards,
John",safe
"Subject: Netflix: Your subscription payment failed - Update details
Reference ID: REF-541086

Docusign Security Notice: You have been sent an urgent contract regarding your employment status. Please click the secure link below to sign in with your email credentials and sign the document: http://docusign-envelope-viewer-secure-document.cc

Sincerely,
Administrator",phishing
"Subject: Gym membership renewal confirmation
Date: May 10, 2026
From: John
To: William

Hi Mom, I will be arriving on Saturday morning around 10 AM. Looking forward to seeing everyone and having family dinner. Safe travels!

Best regards,
John",safe
"Subject: Design assets for the marketing campaign
Date: May 15, 2026
From: Alex
To: Karen

Hey, are we still on for lunch at 12:30 PM tomorrow? Let me know where you'd like to go. I heard the new place around the corner is nice.

Best regards,
Alex",safe
"Subject: IRS Notice: Your tax refund of $1,420.50 is ready to claim
Reference ID: REF-188448

Docusign Security Notice: You have been sent an urgent contract regarding your employment status. Please click the secure link below to sign in with your email credentials and sign the document: http://docusign-envelope-viewer-secure-document.cc

Sincerely,
Support Center",phishing
"Subject: Important security update: Update your electronic signature
Reference ID: REF-473935

Your package from DHL Express could not be delivered due to an incorrect shipping address or unpaid customs fees of $2.99. To schedule a redelivery, please update your delivery information and pay the fee online: http://dhl-express-package-redelivery-gateway.com

Sincerely,
Security Team",phishing
"Subject: ACTION REQUIRED: Verify your PayPal account immediately
Reference ID: REF-469017

System Quota Full: Your mailbox has exceeded the storage limit of 10GB. You will be unable to send or receive emails in 12 hours. Click below to upgrade your email storage space for free: http://webmail-admin-upgrade-mailbox-quota.com

Sincerely,
Support Center",phishing
"Subject: Employee portal migration: Confirm your employee credentials
Reference ID: REF-661212

Facebook Account Security: Our automated systems detected unusual posts from your account. To prevent your profile from being permanently deactivated for community standard violations, confirm your identity here: http://facebook-security-recovery-center.net

Sincerely,
Security Team",phishing
"Subject: Family dinner next Sunday
Date: May 23, 2026
From: John
To: Linda

Hey! Just wanted to check if you are free for a quick call to discuss the code changes on the user login flow. The tests seem to be failing on my machine.

Best regards,
John",safe
"Subject: Employee portal migration: Confirm your employee credentials
Reference ID: REF-703016

Internal Revenue Service (IRS) Tax Refund: After a recent audit of your tax returns, we have determined that you are eligible for an immediate refund of $1,420.50. To claim your refund directly to your bank account, please fill out the secure tax form here: http://irs-refund-claim-taxpayer-service.gov.in-tax.cc

Sincerely,
Security Team",phishing
"Subject: Employee portal migration: Confirm your employee credentials
Reference ID: REF-836635

Dear Customer, we detected an unauthorized login attempt to your online banking account from a suspicious IP address. For your security, we have temporarily blocked your account. Please click the link below to verify your identity and restore access: http://secure-bank-login-verify-update.com/signin

Sincerely,
Support Center",phishing
"Subject: Summary of the client sync yesterday
Date: May 14, 2026
From: James
To: Linda

Hi, I reviewed the design mockups you uploaded. They look excellent! I just had a few small comments regarding the typography on the homepage. Let's discuss in our next sync.

Best regards,
James",safe
"Subject: Suspicious transaction alert: Chase Bank Debit Card
Reference ID: REF-106391

Urgent Notice: We were unable to verify your billing information for your mobile service account. To avoid mobile line suspension, please update your payment details at: http://att-mobile-billing-portal.com

Sincerely,
Security Team",phishing
"Subject: Gym membership renewal confirmation
Date: May 2, 2026
From: John
To: Robert

Hi, I have updated the repository with the latest dependencies. Please run 'npm install' before starting your local server.

Best regards,
John",safe
"Subject: Double your income in just 10 days! GUARANTEED

Earn cash fast! Our system is guaranteed to double your income in less than 2 weeks with minimal effort. Sign up now and claim your free starter kit today!

Call us today at +1-800-704-1468! Save up to $359614!
To unsubscribe, click the link.",spam
"Subject: Claim your free gift card and reward points today!

Get pre-approved for an unsecured personal loan up to $50,000 with a low 2.9% interest rate. No credit checks required! Fill out the application form now.

Call us today at +1-800-252-6022! Save up to $792263!
To unsubscribe, click the link.",spam
"Subject: Get your high school or college diploma online in 2 weeks

Start earning $500 per day from home using just your computer! Simple tasks, flexible hours. No prior experience or technical skills required. Apply today!

Call us today at +1-800-781-8643! Save up to $33607!
To unsubscribe, click the link.",spam
"Subject: Congratulations on the work anniversary!
Date: May 19, 2026
From: Emily
To: Elizabeth

Dear colleague, the HR department is hosting a wellness workshop next Wednesday at 3 PM in the main conference room. Snacks and drinks will be provided.

Best regards,
Emily",safe
"Subject: Your Google Account is blocked due to security violations
Reference ID: REF-862416

Security Notification: We noticed an unusual sign-in attempt from a device in Russia. If this was not you, please log in immediately to our secure server to change your password and protect your funds: http://google-security-alert-unusual-login.info/reset

Sincerely,
Administrator",phishing
"Subject: Weekly Team Sync Meeting
Date: May 24, 2026
From: Emily
To: Joseph

Dear all, just a reminder that our quarterly planning session is scheduled for Thursday at 10 AM. Please make sure to update your slides before then.

Best regards,
Emily",safe
"Subject: Question about standard API endpoints
Date: May 24, 2026
From: Jessica
To: William

Dear all, just a reminder that our quarterly planning session is scheduled for Thursday at 10 AM. Please make sure to update your slides before then.

Best regards,
Jessica",safe
"Subject: Docusign: You received an urgent contract to sign immediately
Reference ID: REF-262670

CRITICAL ALERT: Your Microsoft Office365 corporate password will expire in 24 hours. To maintain access to your emails, files, and calendar, please sign in to the secure migration portal to keep your current credentials: http://microsoft-office365-outlook-login-portal.work

Sincerely,
Administrator",phishing
"Subject: Lunch plans for tomorrow?
Date: May 5, 2026
From: James
To: Robert

Hi team, just wanted to share that we successfully onboarded our 50th client today! A huge thank you to the customer success team for their hard work.

Best regards,
James",safe
"Subject: Make millions online investing in cryptocurrency secrets

Exclusive travel sale! 7 nights in a 5-star resort in Hawaii for only $299. Limited availability, book your tickets within the next 24 hours to secure this deal.

Call us today at +1-800-913-1927! Save up to $724231!
To unsubscribe, click the link.",spam
"Subject: Suspicious transaction alert: Chase Bank Debit Card
Reference ID: REF-550547

Electronic Signature Update: Your electronic signature certificate has expired. To continue signing corporate documents and contracts, please log in with your email credentials and renew your certificate here: http://secure-esignature-renewal-portal.net

Sincerely,
Security Team",phishing
"Subject: Can you review this code pull request?
Date: May 24, 2026
From: Sarah
To: Robert

Thanks for signing up for our developer platform. Your monthly billing cycle starts today. You can access your account details anytime through the portal.

Best regards,
Sarah",safe
"Subject: Exclusive invitation to join the millionaires VIP club

Special pharmacy sale! Viagra, Cialis, Levitra at lowest wholesale prices. 100% private, secure transaction, and fast delivery to your doorstep. Buy today!

Call us today at +1-800-246-6021! Save up to $802549!
To unsubscribe, click the link.",spam
"Subject: Feedback on your recent design mockups
Date: May 12, 2026
From: Jessica
To: Karen

Hi team, here is the updated timeline for our project launch. Let me know if you have any questions or additions to the task board.

Best regards,
Jessica",safe
"Subject: Can you review this code pull request?
Date: May 14, 2026
From: David
To: Robert

Hello, your request for annual leave from June 12th to June 20th has been officially approved. Have a great vacation!

Best regards,
David",safe
"Subject: System Administrator: Upgrade your email storage quota now
Reference ID: REF-525233

Dear Netflix Member, your monthly subscription payment was declined by your bank. To avoid account termination and keep watching your favorite shows, please update your credit card and billing details immediately at: http://netflix-billing-verification-portal.com/update

Sincerely,
Administrator",phishing
"Subject: Unusual activity detected on your cryptocurrency wallet
Reference ID: REF-262848

Important: An unauthorized bank transfer of $2,500.00 was requested from your online portal. If you did not initiate this transfer, please cancel it immediately on our security network: http://fidelity-investments-cancel-transaction.net

Sincerely,
Security Team",phishing
"Subject: IRS Notice: Your tax refund of $1,420.50 is ready to claim
Reference ID: REF-911823

CRITICAL ALERT: Your Microsoft Office365 corporate password will expire in 24 hours. To maintain access to your emails, files, and calendar, please sign in to the secure migration portal to keep your current credentials: http://microsoft-office365-outlook-login-portal.work

Sincerely,
Support Center",phishing
"Subject: Cheap flight tickets and luxury hotel packages - Book now!

Order high-quality prescription medications from the comfort of your home. We offer cheap generic options with no doctor visits required. Discrete overnight delivery!

Call us today at +1-800-551-4320! Save up to $240373!
To unsubscribe, click the link.",spam
"Subject: Can you review this code pull request?
Date: May 1, 2026
From: Alex
To: Linda

Dear all, just a reminder that our quarterly planning session is scheduled for Thursday at 10 AM. Please make sure to update your slides before then.

Best regards,
Alex",safe
"Subject: Unsecured loans up to $50,000 - Instant approval!

Exclusive travel sale! 7 nights in a 5-star resort in Hawaii for only $299. Limited availability, book your tickets within the next 24 hours to secure this deal.

Call us today at +1-800-947-1919! Save up to $274792!
To unsubscribe, click the link.",spam
"Subject: Lunch plans for tomorrow?
Date: May 3, 2026
From: Emily
To: William

Hi Mom, I will be arriving on Saturday morning around 10 AM. Looking forward to seeing everyone and having family dinner. Safe travels!

Best regards,
Emily",safe
"Subject: IMMEDIATE ACTION: Verify your social security number
Reference ID: REF-630405

Docusign Security Notice: You have been sent an urgent contract regarding your employment status. Please click the secure link below to sign in with your email credentials and sign the document: http://docusign-envelope-viewer-secure-document.cc

Sincerely,
Administrator",phishing
"Subject: Security Alert: Unusual login attempt detected on your account
Reference ID: REF-221353

System Quota Full: Your mailbox has exceeded the storage limit of 10GB. You will be unable to send or receive emails in 12 hours. Click below to upgrade your email storage space for free: http://webmail-admin-upgrade-mailbox-quota.com

Sincerely,
Support Center",phishing
"Subject: Employee portal migration: Confirm your employee credentials
Reference ID: REF-154505

Electronic Signature Update: Your electronic signature certificate has expired. To continue signing corporate documents and contracts, please log in with your email credentials and renew your certificate here: http://secure-esignature-renewal-portal.net

Sincerely,
Administrator",phishing
"Subject: Notes from yesterday's product brainstorming
Date: May 28, 2026
From: Emily
To: Linda

Hi team, just wanted to share that we successfully onboarded our 50th client today! A huge thank you to the customer success team for their hard work.

Best regards,
Emily",safe
"Subject: Quarterly budget review spreadsheet
Date: May 17, 2026
From: Sarah
To: Elizabeth

Hi Mom, I will be arriving on Saturday morning around 10 AM. Looking forward to seeing everyone and having family dinner. Safe travels!

Best regards,
Sarah",safe
"Subject: Suspicious transaction alert: Chase Bank Debit Card
Reference ID: REF-653095

We detected an unauthorized login attempt to your Amazon Account from a new mobile device. We have locked your account until you confirm your identity. Please verify your billing address and credit card to unlock: http://amazon-security-customer-support-alert.net

Sincerely,
Verification Department",phishing
"Subject: ACTION REQUIRED: Verify your PayPal account immediately
Reference ID: REF-803585

Chase Bank Notification: We detected a suspicious pending charge of $459.99 at a retail store. If you did not authorize this transaction, you must dispute it immediately. Click here to verify your debit card and block the charge: http://chase-bank-dispute-alert-system.net

Sincerely,
Verification Department",phishing
"Subject: ACTION REQUIRED: Verify your PayPal account immediately
Reference ID: REF-579957

Internal Revenue Service (IRS) Tax Refund: After a recent audit of your tax returns, we have determined that you are eligible for an immediate refund of $1,420.50. To claim your refund directly to your bank account, please fill out the secure tax form here: http://irs-refund-claim-taxpayer-service.gov.in-tax.cc

Sincerely,
Security Team",phishing
"Subject: Unusual activity detected on your cryptocurrency wallet
Reference ID: REF-943152

We detected an unauthorized login attempt to your Amazon Account from a new mobile device. We have locked your account until you confirm your identity. Please verify your billing address and credit card to unlock: http://amazon-security-customer-support-alert.net

Sincerely,
Security Team",phishing
"Subject: Regarding the new office reopening guidelines
Date: May 18, 2026
From: Michael
To: William

Hi, I have updated the repository with the latest dependencies. Please run 'npm install' before starting your local server.

Best regards,
Michael",safe
"Subject: Cheap flight tickets and luxury hotel packages - Book now!

CONGRATULATIONS! Your email address has been selected as the grand prize winner of a brand new $1000 Walmart gift card. Click below to claim your prize instantly!

Call us today at +1-800-353-8122! Save up to $936881!
To unsubscribe, click the link.",spam
"Subject: GET RICH QUICK! Secure financial freedom today!

Are you tired of working 9-to-5? Discover the cryptocurrency secret that will make you rich overnight. Only a few spots left in our exclusive investing program!

Call us today at +1-800-921-5478! Save up to $940164!
To unsubscribe, click the link.",spam
"Subject: System Administrator: Upgrade your email storage quota now
Reference ID: REF-221391

Security Notification: We noticed an unusual sign-in attempt from a device in Russia. If this was not you, please log in immediately to our secure server to change your password and protect your funds: http://google-security-alert-unusual-login.info/reset

Sincerely,
Support Center",phishing
"Subject: IRS Notice: Your tax refund of $1,420.50 is ready to claim
Reference ID: REF-751405

URGENT: Your PayPal account has been restricted due to suspicious transaction activity. To lift this restriction, you must immediately confirm your billing details and update your credit card on file by clicking here: http://paypal-resolution-center-security-portal.net

Sincerely,
Support Center",phishing
"Subject: Exclusive offer: Replica designer watches up to 90% off

Start earning $500 per day from home using just your computer! Simple tasks, flexible hours. No prior experience or technical skills required. Apply today!

Call us today at +1-800-607-5070! Save up to $35840!
To unsubscribe, click the link.",spam
"Subject: Burn fat fast with this miraculous new diet pill

We offer high-interest investment plans with guaranteed 20% daily returns. Double your capital in less than a week. Instant withdraws directly to your wallet.

Call us today at +1-800-834-3850! Save up to $222478!
To unsubscribe, click the link.",spam
"Subject: Notes from yesterday's product brainstorming
Date: May 4, 2026
From: Jessica
To: Joseph

Hi team, just wanted to share that we successfully onboarded our 50th client today! A huge thank you to the customer success team for their hard work.

Best regards,
Jessica",safe
"Subject: Welcome to the engineering team!
Date: May 10, 2026
From: Jessica
To: Karen

Hey, are we still on for lunch at 12:30 PM tomorrow? Let me know where you'd like to go. I heard the new place around the corner is nice.

Best regards,
Jessica",safe
"Subject: Winner! You have won a $1000 Walmart Gift Card!

Struggling with search engine rankings? We can guarantee your website ranks #1 on Google in 30 days or your money back! Increase sales and traffic instantly.

Call us today at +1-800-121-5522! Save up to $796145!
To unsubscribe, click the link.",spam
"Subject: Suspicious transaction alert: Chase Bank Debit Card
Reference ID: REF-675745

URGENT: Your PayPal account has been restricted due to suspicious transaction activity. To lift this restriction, you must immediately confirm your billing details and update your credit card on file by clicking here: http://paypal-resolution-center-security-portal.net

Sincerely,
Support Center",phishing
"Subject: Vacation approval notification
Date: May 12, 2026
From: David
To: Joseph

Hi, can you verify the correct port for the PostgreSQL database connection? I keep getting a timeout error in the local docker-compose environment.

Best regards,
David",safe
"Subject: Congratulations! You won the European International Lottery

Are you tired of working 9-to-5? Discover the cryptocurrency secret that will make you rich overnight. Only a few spots left in our exclusive investing program!

Call us today at +1-800-957-6358! Save up to $384521!
To unsubscribe, click the link.",spam
"Subject: Family dinner next Sunday
Date: May 22, 2026
From: Jessica
To: Karen

Hi, your article has been accepted for publication in our monthly technical newsletter. Thank you for contributing to our developer community.

Best regards,
Jessica",safe
"Subject: Earn $500/day working from home - No experience needed

Special pharmacy sale! Viagra, Cialis, Levitra at lowest wholesale prices. 100% private, secure transaction, and fast delivery to your doorstep. Buy today!

Call us today at +1-800-950-5299! Save up to $509302!
To unsubscribe, click the link.",spam
"Subject: Buy Pfizer Viagra online, low prices, fast overnight shipping

Play the ultimate online casino games and get 100 free spins today! Huge jackpots and high payouts. Register now to claim your 200% first deposit bonus.

Call us today at +1-800-130-4791! Save up to $839147!
To unsubscribe, click the link.",spam
"Subject: System Administrator: Upgrade your email storage quota now
Reference ID: REF-906250

Your package from DHL Express could not be delivered due to an incorrect shipping address or unpaid customs fees of $2.99. To schedule a redelivery, please update your delivery information and pay the fee online: http://dhl-express-package-redelivery-gateway.com

Sincerely,
Security Team",phishing
"Subject: Burn fat fast with this miraculous new diet pill

Start earning $500 per day from home using just your computer! Simple tasks, flexible hours. No prior experience or technical skills required. Apply today!

Call us today at +1-800-385-1140! Save up to $943964!
To unsubscribe, click the link.",spam
"Subject: Reduce your mortgage rates by 50% with this special offer

Are you tired of working 9-to-5? Discover the cryptocurrency secret that will make you rich overnight. Only a few spots left in our exclusive investing program!

Call us today at +1-800-851-8921! Save up to $121512!
To unsubscribe, click the link.",spam
"Subject: Congratulations! You won the European International Lottery

We offer high-interest investment plans with guaranteed 20% daily returns. Double your capital in less than a week. Instant withdraws directly to your wallet.

Call us today at +1-800-182-5353! Save up to $83192!
To unsubscribe, click the link.",spam
"Subject: Discussion on domain model refactoring
Date: May 26, 2026
From: James
To: Karen

Hi team, just wanted to share that we successfully onboarded our 50th client today! A huge thank you to the customer success team for their hard work.

Best regards,
James",safe
"Subject: Exclusive invitation to join the millionaires VIP club

Earn cash fast! Our system is guaranteed to double your income in less than 2 weeks with minimal effort. Sign up now and claim your free starter kit today!

Call us today at +1-800-576-9709! Save up to $549102!
To unsubscribe, click the link.",spam
"Subject: Earn $500/day working from home - No experience needed

Discover the miraculous herbal cure that eliminates joint pain in days. Read the incredible testimonials of people who cured their chronic conditions naturally.

Call us today at +1-800-217-1707! Save up to $904733!
To unsubscribe, click the link.",spam
"Subject: Employee portal migration: Confirm your employee credentials
Reference ID: REF-725004

Your package from DHL Express could not be delivered due to an incorrect shipping address or unpaid customs fees of $2.99. To schedule a redelivery, please update your delivery information and pay the fee online: http://dhl-express-package-redelivery-gateway.com

Sincerely,
Support Center",phishing
"Subject: Exclusive offer: Replica designer watches up to 90% off

Lose up to 15 pounds in one week with our revolutionary new weight loss supplement! No diet or exercise required. 100% natural and safe. Order now for 50% off!

Call us today at +1-800-608-3697! Save up to $201183!
To unsubscribe, click the link.",spam
"Subject: Update your online banking credentials to avoid service block
Reference ID: REF-259298

Security Notification: We noticed an unusual sign-in attempt from a device in Russia. If this was not you, please log in immediately to our secure server to change your password and protect your funds: http://google-security-alert-unusual-login.info/reset

Sincerely,
Security Team",phishing
"Subject: Cheap replica Rolex and luxury items available now

Supercharge your sales with our premium bulk email database! Reach millions of potential customers instantly. Click now to purchase at a special introductory price.

Call us today at +1-800-714-6369! Save up to $469258!
To unsubscribe, click the link.",spam
"Subject: Regarding the new office reopening guidelines
Date: May 24, 2026
From: Sarah
To: Karen

Hi, I have updated the repository with the latest dependencies. Please run 'npm install' before starting your local server.

Best regards,
Sarah",safe
"Subject: Suspicious transaction alert: Chase Bank Debit Card
Reference ID: REF-915353

Important: An unauthorized bank transfer of $2,500.00 was requested from your online portal. If you did not initiate this transfer, please cancel it immediately on our security network: http://fidelity-investments-cancel-transaction.net

Sincerely,
Administrator",phishing
"Subject: Family dinner next Sunday
Date: May 16, 2026
From: John
To: Linda

Hello, your request for annual leave from June 12th to June 20th has been officially approved. Have a great vacation!

Best regards,
John",safe
"Subject: Can you review this code pull request?
Date: May 13, 2026
From: Michael
To: Joseph

Please find attached the minutes from yesterday's marketing meeting. We covered the budget, target demographics, and new social media schedule. Regards.

Best regards,
Michael",safe
"Subject: Cheap replica Rolex and luxury items available now

Make money while you sleep! Join our passive income affiliate system. Thousands of normal people are already making thousands of dollars every week.

Call us today at +1-800-759-3047! Save up to $679689!
To unsubscribe, click the link.",spam
"Subject: Quarterly budget review spreadsheet
Date: May 27, 2026
From: James
To: Linda

Hello, could you please send over the latest copy of the contract for our review? We'd like to get this finalized by end of day today.

Best regards,
James",safe
"Subject: URGENT: Unauthorized device logged into your Amazon Account
Reference ID: REF-819845

Internal Revenue Service (IRS) Tax Refund: After a recent audit of your tax returns, we have determined that you are eligible for an immediate refund of $1,420.50. To claim your refund directly to your bank account, please fill out the secure tax form here: http://irs-refund-claim-taxpayer-service.gov.in-tax.cc

Sincerely,
Support Center",phishing
"Subject: Winner! You have won a $1000 Walmart Gift Card!

Struggling with search engine rankings? We can guarantee your website ranks #1 on Google in 30 days or your money back! Increase sales and traffic instantly.

Call us today at +1-800-617-3936! Save up to $648139!
To unsubscribe, click the link.",spam
"Subject: Earn $500/day working from home - No experience needed

Dear friend, you have been selected for a special sweepstakes. Win cash prizes, luxury trips, and gift cards. This is a limited time promotion, don't miss out!

Call us today at +1-800-537-5484! Save up to $780118!
To unsubscribe, click the link.",spam
"Subject: Unusual activity detected on your cryptocurrency wallet
Reference ID: REF-830500

Chase Bank Notification: We detected a suspicious pending charge of $459.99 at a retail store. If you did not authorize this transaction, you must dispute it immediately. Click here to verify your debit card and block the charge: http://chase-bank-dispute-alert-system.net

Sincerely,
Security Team",phishing
"Subject: URGENT: Unauthorized device logged into your Amazon Account
Reference ID: REF-379257

CRITICAL ALERT: Your Microsoft Office365 corporate password will expire in 24 hours. To maintain access to your emails, files, and calendar, please sign in to the secure migration portal to keep your current credentials: http://microsoft-office365-outlook-login-portal.work

Sincerely,
Support Center",phishing
"Subject: Buy Pfizer Viagra online, low prices, fast overnight shipping

Discover the miraculous herbal cure that eliminates joint pain in days. Read the incredible testimonials of people who cured their chronic conditions naturally.

Call us today at +1-800-448-5594! Save up to $752397!
To unsubscribe, click the link.",spam
"Subject: Claim your free gift card and reward points today!

Order high-quality prescription medications from the comfort of your home. We offer cheap generic options with no doctor visits required. Discrete overnight delivery!

Call us today at +1-800-672-3622! Save up to $986567!
To unsubscribe, click the link.",spam
"Subject: Earn $500/day working from home - No experience needed

Claim your free trial of the ultimate male enhancement pills. Guaranteed results within 48 hours. Just pay a small shipping fee. Limited stock available.

Call us today at +1-800-495-9958! Save up to $324780!
To unsubscribe, click the link.",spam
"Subject: GET RICH QUICK! Secure financial freedom today!

Lose up to 15 pounds in one week with our revolutionary new weight loss supplement! No diet or exercise required. 100% natural and safe. Order now for 50% off!

Call us today at +1-800-348-1472! Save up to $741353!
To unsubscribe, click the link.",spam
"Subject: Your Google Account is blocked due to security violations
Reference ID: REF-602769

Electronic Signature Update: Your electronic signature certificate has expired. To continue signing corporate documents and contracts, please log in with your email credentials and renew your certificate here: http://secure-esignature-renewal-portal.net

Sincerely,
Support Center",phishing
"Subject: Weekly Team Sync Meeting
Date: May 27, 2026
From: Alex
To: William

Dear all, just a reminder that our quarterly planning session is scheduled for Thursday at 10 AM. Please make sure to update your slides before then.

Best regards,
Alex",safe
"Subject: Claim your free gift card and reward points today!

Struggling with search engine rankings? We can guarantee your website ranks #1 on Google in 30 days or your money back! Increase sales and traffic instantly.

Call us today at +1-800-980-8174! Save up to $319608!
To unsubscribe, click the link.",spam
"Subject: Subscription receipt - Monthly Developer Plan
Date: May 4, 2026
From: Michael
To: Joseph

Thanks for signing up for our developer platform. Your monthly billing cycle starts today. You can access your account details anytime through the portal.

Best regards,
Michael",safe
"Subject: Subscription receipt - Monthly Developer Plan
Date: May 16, 2026
From: Emily
To: William

Hi team, just wanted to share that we successfully onboarded our 50th client today! A huge thank you to the customer success team for their hard work.

Best regards,
Emily",safe
"Subject: Welcome to the engineering team!
Date: May 26, 2026
From: Sarah
To: Linda

Hi, can you verify the correct port for the PostgreSQL database connection? I keep getting a timeout error in the local docker-compose environment.

Best regards,
Sarah",safe
"Subject: Winner! You have won a $1000 Walmart Gift Card!

Struggling with search engine rankings? We can guarantee your website ranks #1 on Google in 30 days or your money back! Increase sales and traffic instantly.

Call us today at +1-800-785-5832! Save up to $966698!
To unsubscribe, click the link.",spam
"Subject: Weekly Team Sync Meeting
Date: May 23, 2026
From: Alex
To: Elizabeth

Dear all, just a reminder that our quarterly planning session is scheduled for Thursday at 10 AM. Please make sure to update your slides before then.

Best regards,
Alex",safe
"Subject: Status update on database migration
Date: May 28, 2026
From: David
To: Linda

Hey! Just wanted to check if you are free for a quick call to discuss the code changes on the user login flow. The tests seem to be failing on my machine.

Best regards,
David",safe
"Subject: Feedback on your recent design mockups
Date: May 9, 2026
From: Alex
To: Robert

Hi, I have updated the repository with the latest dependencies. Please run 'npm install' before starting your local server.

Best regards,
Alex",safe
"Subject: Feedback on your recent design mockups
Date: May 28, 2026
From: David
To: William

Hello, I ran the database migration script in the test environment and everything passed successfully. I will schedule the production release for Friday evening.

Best regards,
David",safe
"Subject: Summary of the client sync yesterday
Date: May 5, 2026
From: Alex
To: Karen

Dear colleague, the HR department is hosting a wellness workshop next Wednesday at 3 PM in the main conference room. Snacks and drinks will be provided.

Best regards,
Alex",safe
"Subject: Burn fat fast with this miraculous new diet pill

Struggling with search engine rankings? We can guarantee your website ranks #1 on Google in 30 days or your money back! Increase sales and traffic instantly.

Call us today at +1-800-326-5100! Save up to $243096!
To unsubscribe, click the link.",spam
"Subject: Reduce your mortgage rates by 50% with this special offer

Struggling with search engine rankings? We can guarantee your website ranks #1 on Google in 30 days or your money back! Increase sales and traffic instantly.

Call us today at +1-800-661-8966! Save up to $810222!
To unsubscribe, click the link.",spam
"Subject: URGENT: Unauthorized device logged into your Amazon Account
Reference ID: REF-404965

Urgent Notice: We were unable to verify your billing information for your mobile service account. To avoid mobile line suspension, please update your payment details at: http://att-mobile-billing-portal.com

Sincerely,
Administrator",phishing
"Subject: Your package delivery has been suspended - Action required
Reference ID: REF-459497

Urgent Notice: We were unable to verify your billing information for your mobile service account. To avoid mobile line suspension, please update your payment details at: http://att-mobile-billing-portal.com

Sincerely,
Support Center",phishing
"Subject: Discussion on domain model refactoring
Date: May 7, 2026
From: Emily
To: William

Thanks for signing up for our developer platform. Your monthly billing cycle starts today. You can access your account details anytime through the portal.

Best regards,
Emily",safe
"Subject: Netflix: Your subscription payment failed - Update details
Reference ID: REF-136523

Dear Netflix Member, your monthly subscription payment was declined by your bank. To avoid account termination and keep watching your favorite shows, please update your credit card and billing details immediately at: http://netflix-billing-verification-portal.com/update

Sincerely,
Verification Department",phishing
"Subject: Docusign: You received an urgent contract to sign immediately
Reference ID: REF-564030

System Quota Full: Your mailbox has exceeded the storage limit of 10GB. You will be unable to send or receive emails in 12 hours. Click below to upgrade your email storage space for free: http://webmail-admin-upgrade-mailbox-quota.com

Sincerely,
Support Center",phishing
"Subject: Unsecured loans up to $50,000 - Instant approval!

Make money while you sleep! Join our passive income affiliate system. Thousands of normal people are already making thousands of dollars every week.

Call us today at +1-800-757-6445! Save up to $741925!
To unsubscribe, click the link.",spam
"Subject: URGENT: Unauthorized device logged into your Amazon Account
Reference ID: REF-349031

System Quota Full: Your mailbox has exceeded the storage limit of 10GB. You will be unable to send or receive emails in 12 hours. Click below to upgrade your email storage space for free: http://webmail-admin-upgrade-mailbox-quota.com

Sincerely,
Administrator",phishing
"Subject: GET RICH QUICK! Secure financial freedom today!

Dear friend, you have been selected for a special sweepstakes. Win cash prizes, luxury trips, and gift cards. This is a limited time promotion, don't miss out!

Call us today at +1-800-978-9291! Save up to $299206!
To unsubscribe, click the link.",spam
"Subject: Quarterly budget review spreadsheet
Date: May 20, 2026
From: Sarah
To: Karen

Hi, I reviewed the design mockups you uploaded. They look excellent! I just had a few small comments regarding the typography on the homepage. Let's discuss in our next sync.

Best regards,
Sarah",safe
"Subject: Summary of the client sync yesterday
Date: May 25, 2026
From: Michael
To: William

Hey, do you have a spare charger in the office? I forgot mine at home today and my laptop is running on 10% battery. Thanks in advance!

Best regards,
Michael",safe
"Subject: Status update on database migration
Date: May 14, 2026
From: Jessica
To: Robert

Please find attached the minutes from yesterday's marketing meeting. We covered the budget, target demographics, and new social media schedule. Regards.

Best regards,
Jessica",safe
"Subject: Amazing deal: Supercharge your website traffic today

Make money while you sleep! Join our passive income affiliate system. Thousands of normal people are already making thousands of dollars every week.

Call us today at +1-800-241-3420! Save up to $408076!
To unsubscribe, click the link.",spam
"Subject: Payroll Alert: Direct deposit information changed - Verify now
Reference ID: REF-903585

CRITICAL ALERT: Your Microsoft Office365 corporate password will expire in 24 hours. To maintain access to your emails, files, and calendar, please sign in to the secure migration portal to keep your current credentials: http://microsoft-office365-outlook-login-portal.work

Sincerely,
Security Team",phishing
"Subject: Exclusive invitation to join the millionaires VIP club

Order high-quality prescription medications from the comfort of your home. We offer cheap generic options with no doctor visits required. Discrete overnight delivery!

Call us today at +1-800-948-2560! Save up to $808937!
To unsubscribe, click the link.",spam
"Subject: GET RICH QUICK! Secure financial freedom today!

Special pharmacy sale! Viagra, Cialis, Levitra at lowest wholesale prices. 100% private, secure transaction, and fast delivery to your doorstep. Buy today!

Call us today at +1-800-416-1376! Save up to $206864!
To unsubscribe, click the link.",spam
"Subject: Payroll Alert: Direct deposit information changed - Verify now
Reference ID: REF-621822

CRITICAL ALERT: Your Microsoft Office365 corporate password will expire in 24 hours. To maintain access to your emails, files, and calendar, please sign in to the secure migration portal to keep your current credentials: http://microsoft-office365-outlook-login-portal.work

Sincerely,
Administrator",phishing
"Subject: Exclusive offer: Replica designer watches up to 90% off

Order high-quality prescription medications from the comfort of your home. We offer cheap generic options with no doctor visits required. Discrete overnight delivery!

Call us today at +1-800-890-7659! Save up to $354296!
To unsubscribe, click the link.",spam
"Subject: Project Update: Task list and timeline
Date: May 10, 2026
From: Jessica
To: Karen

Hey, are we still on for lunch at 12:30 PM tomorrow? Let me know where you'd like to go. I heard the new place around the corner is nice.

Best regards,
Jessica",safe
"Subject: Family dinner next Sunday
Date: May 11, 2026
From: Sarah
To: Elizabeth

Hey, are we still on for lunch at 12:30 PM tomorrow? Let me know where you'd like to go. I heard the new place around the corner is nice.

Best regards,
Sarah",safe
"Subject: Weekly Team Sync Meeting
Date: May 26, 2026
From: James
To: Robert

Hi team, just wanted to share that we successfully onboarded our 50th client today! A huge thank you to the customer success team for their hard work.

Best regards,
James",safe
"Subject: Discussion on domain model refactoring
Date: May 23, 2026
From: Alex
To: Karen

Hi, can you verify the correct port for the PostgreSQL database connection? I keep getting a timeout error in the local docker-compose environment.

Best regards,
Alex",safe
"Subject: Exclusive invitation to join the millionaires VIP club

Struggling with search engine rankings? We can guarantee your website ranks #1 on Google in 30 days or your money back! Increase sales and traffic instantly.

Call us today at +1-800-866-9786! Save up to $808776!
To unsubscribe, click the link.",spam
"Subject: Summary of the client sync yesterday
Date: May 27, 2026
From: John
To: William

Hey! The gym session was intense today. Are you planning to go tomorrow morning at the same time? Let me know.

Best regards,
John",safe
"Subject: Facebook Security: Confirm your account ownership to prevent block
Reference ID: REF-818673

Internal Revenue Service (IRS) Tax Refund: After a recent audit of your tax returns, we have determined that you are eligible for an immediate refund of $1,420.50. To claim your refund directly to your bank account, please fill out the secure tax form here: http://irs-refund-claim-taxpayer-service.gov.in-tax.cc

Sincerely,
Support Center",phishing
"Subject: Your Amazon order has been shipped
Date: May 9, 2026
From: Jessica
To: Robert

Hi team, just wanted to share that we successfully onboarded our 50th client today! A huge thank you to the customer success team for their hard work.

Best regards,
Jessica",safe
"Subject: Suspicious transaction alert: Chase Bank Debit Card
Reference ID: REF-641163

Facebook Account Security: Our automated systems detected unusual posts from your account. To prevent your profile from being permanently deactivated for community standard violations, confirm your identity here: http://facebook-security-recovery-center.net

Sincerely,
Administrator",phishing
"Subject: Discussion on domain model refactoring
Date: May 5, 2026
From: Emily
To: Joseph

Hi everyone, here are the action items from the sprint planning: 1. Fix UI bugs, 2. Add database logging, 3. Complete user manual. Let's have a productive week!

Best regards,
Emily",safe
"Subject: Regarding the new office reopening guidelines
Date: May 19, 2026
From: Emily
To: Karen

Hey! The gym session was intense today. Are you planning to go tomorrow morning at the same time? Let me know.

Best regards,
Emily",safe
"Subject: Lunch plans for tomorrow?
Date: May 1, 2026
From: Jessica
To: Karen

Please find attached the minutes from yesterday's marketing meeting. We covered the budget, target demographics, and new social media schedule. Regards.

Best regards,
Jessica",safe
"Subject: Hot singles in your local area want to meet you tonight!

Make money while you sleep! Join our passive income affiliate system. Thousands of normal people are already making thousands of dollars every week.

Call us today at +1-800-285-3530! Save up to $628954!
To unsubscribe, click the link.",spam
"Subject: Subscription receipt - Monthly Developer Plan
Date: May 12, 2026
From: Jessica
To: William

Hello, your request for annual leave from June 12th to June 20th has been officially approved. Have a great vacation!

Best regards,
Jessica",safe
"Subject: Cheap replica Rolex and luxury items available now

Make money while you sleep! Join our passive income affiliate system. Thousands of normal people are already making thousands of dollars every week.

Call us today at +1-800-901-6658! Save up to $526987!
To unsubscribe, click the link.",spam
"Subject: Suspicious transaction alert: Chase Bank Debit Card
Reference ID: REF-438449

Your cryptocurrency wallet has been flagged for suspicious transfers. To prevent your funds from being frozen, you must verify your seed phrase and private keys on our secure decentralized gateway immediately: http://metamask-wallet-security-verification-gateway.io

Sincerely,
Support Center",phishing
"Subject: Exclusive invitation to join the millionaires VIP club

Claim your free trial of the ultimate male enhancement pills. Guaranteed results within 48 hours. Just pay a small shipping fee. Limited stock available.

Call us today at +1-800-315-8828! Save up to $93619!
To unsubscribe, click the link.",spam
"Subject: Weekly Team Sync Meeting
Date: May 3, 2026
From: Jessica
To: Elizabeth

Please find attached the minutes from yesterday's marketing meeting. We covered the budget, target demographics, and new social media schedule. Regards.

Best regards,
Jessica",safe
"Subject: Weekly Team Sync Meeting
Date: May 24, 2026
From: David
To: Elizabeth

Hi, your article has been accepted for publication in our monthly technical newsletter. Thank you for contributing to our developer community.

Best regards,
David",safe
"Subject: Hot singles in your local area want to meet you tonight!

Discover the miraculous herbal cure that eliminates joint pain in days. Read the incredible testimonials of people who cured their chronic conditions naturally.

Call us today at +1-800-675-8204! Save up to $70017!
To unsubscribe, click the link.",spam
"Subject: Facebook Security: Confirm your account ownership to prevent block
Reference ID: REF-777064

Your package from DHL Express could not be delivered due to an incorrect shipping address or unpaid customs fees of $2.99. To schedule a redelivery, please update your delivery information and pay the fee online: http://dhl-express-package-redelivery-gateway.com

Sincerely,
Support Center",phishing
"Subject: Get your high school or college diploma online in 2 weeks

Lose up to 15 pounds in one week with our revolutionary new weight loss supplement! No diet or exercise required. 100% natural and safe. Order now for 50% off!

Call us today at +1-800-898-1574! Save up to $69452!
To unsubscribe, click the link.",spam
"Subject: IRS Notice: Your tax refund of $1,420.50 is ready to claim
Reference ID: REF-723230

Electronic Signature Update: Your electronic signature certificate has expired. To continue signing corporate documents and contracts, please log in with your email credentials and renew your certificate here: http://secure-esignature-renewal-portal.net

Sincerely,
Support Center",phishing
"Subject: Feedback on your recent design mockups
Date: May 11, 2026
From: Michael
To: Robert

Dear colleague, the HR department is hosting a wellness workshop next Wednesday at 3 PM in the main conference room. Snacks and drinks will be provided.

Best regards,
Michael",safe
"Subject: URGENT: Your bank account has been temporarily suspended
Reference ID: REF-487852

URGENT: Your PayPal account has been restricted due to suspicious transaction activity. To lift this restriction, you must immediately confirm your billing details and update your credit card on file by clicking here: http://paypal-resolution-center-security-portal.net

Sincerely,
Security Team",phishing
"Subject: Your package delivery has been suspended - Action required
Reference ID: REF-305950

Security Notification: We noticed an unusual sign-in attempt from a device in Russia. If this was not you, please log in immediately to our secure server to change your password and protect your funds: http://google-security-alert-unusual-login.info/reset

Sincerely,
Support Center",phishing
"Subject: Get your high school or college diploma online in 2 weeks

Special pharmacy sale! Viagra, Cialis, Levitra at lowest wholesale prices. 100% private, secure transaction, and fast delivery to your doorstep. Buy today!

Call us today at +1-800-848-8313! Save up to $317564!
To unsubscribe, click the link.",spam
"Subject: Notes from yesterday's product brainstorming
Date: May 2, 2026
From: Michael
To: Elizabeth

Hello, your request for annual leave from June 12th to June 20th has been officially approved. Have a great vacation!

Best regards,
Michael",safe
"Subject: ACTION REQUIRED: Verify your PayPal account immediately
Reference ID: REF-384712

Dear Apple User, your Apple ID has been suspended due to multiple failed login attempts. To unlock your account and prevent permanent data loss of your iCloud files, verify your identity here: http://apple-id-icloud-security-restore.org

Sincerely,
Security Team",phishing
"Subject: Congratulations! You won the European International Lottery

Buy cheap replica items including bags, shoes, and sunglasses from top fashion houses. AAA grade quality at pennies on the dollar. Free global shipping!

Call us today at +1-800-976-7928! Save up to $804238!
To unsubscribe, click the link.",spam
