user_id,date,description,amount,category,type,source,is_anomaly,anomaly_score
1,2025-05-21 22:11:12.219276,Metro Card Recharge Metro Station,82.0,Transport,expense,Cash,False,0.0
1,2025-05-24 08:48:12.219276,PG accommodation rent,56.0,Hostel,expense,Cash,False,0.0
1,2025-05-25 03:43:12.219276,Chai Tapri Tea & Samosa,161.0,Food,expense,NetBanking,False,0.0
1,2025-05-25 07:28:12.219276,Petrol Pump HP,82.0,Transport,expense,UPI,False,0.0
1,2025-05-25 22:09:12.219276,Local vegetable vendor,315.0,Food,expense,Credit Card,False,0.0
1,2025-05-26 02:19:12.219276,H&M jeans,2933.0,Shopping,expense,NetBanking,False,0.0
1,2025-05-27 00:34:12.219276,Coding gig client work,526.0,Income,income,UPI,False,0.0
1,2025-05-28 01:08:12.219276,Coursera Certificate subscription,529.0,Education,expense,UPI,False,0.0
1,2025-05-28 03:17:12.219276,Metro Card Recharge Metro Station,266.0,Transport,expense,Cash,False,0.0
1,2025-05-28 03:38:12.219276,College Tuition Fee Semester 1,165.0,Education,expense,Credit Card,False,0.0
1,2025-05-28 23:50:12.219276,Udemy Python Course,910.0,Education,expense,Credit Card,False,0.0
1,2025-05-29 09:31:12.219276,Starbucks Coffee,367.0,Food,expense,Cash,False,0.0
1,2025-05-29 10:39:12.219276,Laundry detergent detergent shop,235.0,Miscellaneous,expense,UPI,False,0.0
1,2025-05-29 09:12:12.219276,KFC Chicken meal,136.0,Food,expense,UPI,False,0.0
1,2025-05-30 05:34:12.219276,Credit card cash back reward,129.0,Income,income,System Wallet,False,0.0
1,2025-05-30 04:23:12.219276,Hostel laundry charges,52.0,Hostel,expense,UPI,False,0.0
1,2025-05-30 01:06:12.219276,University Exam Fee,423.0,Education,expense,NetBanking,False,0.0
1,2025-05-30 20:12:12.219276,PG accommodation rent,100.0,Hostel,expense,UPI,False,0.0
1,2025-05-31 02:37:12.219276,Lab manual printout charges,33788.0,Education,expense,NetBanking,False,0.0
1,2025-05-31 23:42:12.219276,Zomato Order,328.0,Food,expense,Cash,False,0.0
1,2025-06-01 08:47:12.219276,GitHub Copilot Subscription,776.0,Bills,expense,Cash,False,0.0
1,2025-06-01 07:02:12.219276,Hostel laundry charges,101.0,Hostel,expense,Credit Card,False,0.0
1,2025-06-01 05:35:12.219276,Hostel Room Heater Surcharge,80.0,Hostel,expense,UPI,False,0.0
1,2025-06-01 21:34:12.219276,Uncle birthday gift money,24075.0,Income,income,Bank Transfer,False,0.0
1,2025-06-02 21:34:12.219276,Freelance Web Design payment,476.0,Income,income,UPI,False,0.0
1,2025-06-03 02:08:12.219276,Juice Shop hostel,201.0,Food,expense,Credit Card,False,0.0
1,2025-06-03 11:25:12.219276,Local vegetable vendor,372.0,Food,expense,UPI,False,0.0
1,2025-06-04 20:59:12.219276,Photocopy shop xerox notes,210.0,Education,expense,UPI,False,0.0
1,2025-06-05 08:45:12.219276,University Exam Fee,489.0,Education,expense,UPI,False,0.0
1,2025-06-05 10:25:12.219276,Stationery shop notebook,1423.0,Shopping,expense,UPI,False,0.0
1,2025-06-05 20:34:12.219276,Uncle birthday gift money,16604.0,Income,income,Bank Transfer,False,0.0
1,2025-06-06 10:47:12.219276,Zomato Order,201.0,Food,expense,Credit Card,False,0.0
1,2025-06-06 04:33:12.219276,Netflix subscription premium,487.0,Entertainment,expense,Credit Card,False,0.0
1,2025-06-06 10:43:12.219276,Hostel Electricity surcharge,1832.0,Bills,expense,Cash,False,0.0
1,2025-06-05 21:21:12.219276,Auto Fare Cash,141.0,Transport,expense,Cash,False,0.0
1,2025-06-08 00:38:12.219276,Hostel Security Deposit Refundable,64.0,Hostel,expense,UPI,False,0.0
1,2025-06-07 23:30:12.219276,ATM Cash withdrawal Self,395.0,Miscellaneous,expense,Credit Card,False,0.0
1,2025-06-07 22:00:12.219276,Friend Splitwise repayment,346.0,Miscellaneous,expense,Cash,False,0.0
1,2025-06-08 02:16:12.219276,Temple donation offering,317.0,Miscellaneous,expense,NetBanking,False,0.0
1,2025-06-09 09:54:12.219276,Book Store college textbooks,936.0,Shopping,expense,NetBanking,False,0.0
1,2025-06-10 20:34:12.219276,Pocket money Dad transfer,22508.0,Income,income,Bank Transfer,False,0.0
1,2025-06-10 23:34:12.219276,Social media management fee,1286.0,Income,income,UPI,False,0.0
1,2025-06-11 10:27:12.219276,Burger King combo,205.0,Food,expense,UPI,False,0.0
1,2025-06-10 20:16:12.219276,Hostel warden room repair,127.0,Hostel,expense,Cash,False,0.0
1,2025-06-11 23:51:12.219276,Burger King combo,148.0,Food,expense,UPI,False,0.0
1,2025-06-12 04:06:12.219276,Nike showroom sneakers,1262.0,Shopping,expense,UPI,False,0.0
1,2025-06-14 03:44:12.219276,Amazon shopping clothes,414.0,Shopping,expense,UPI,False,0.0
1,2025-06-13 22:30:12.219276,GitHub Copilot Subscription,1851.0,Bills,expense,UPI,False,0.0
1,2025-06-14 00:01:12.219276,Juice Shop hostel,98.0,Food,expense,Cash,False,0.0
1,2025-06-15 07:23:12.219276,College Tuition Fee Semester 1,530.0,Education,expense,UPI,False,0.0
1,2025-06-15 03:29:12.219276,Hostel laundry charges,154.0,Hostel,expense,UPI,False,0.0
1,2025-06-16 09:25:12.219276,Netflix subscription premium,517.0,Entertainment,expense,NetBanking,False,0.0
1,2025-06-16 21:28:12.219276,Zara retail mall,3625.0,Shopping,expense,Credit Card,False,0.0
1,2025-06-18 02:35:12.219276,Gas cylinder booking Indane,1350.0,Bills,expense,UPI,False,0.0
1,2025-06-19 08:17:12.219276,Library overdue book fine,671.0,Education,expense,Cash,False,0.0
1,2025-06-19 01:11:12.219276,Hostel Washing Machine Token,57.0,Hostel,expense,NetBanking,False,0.0
1,2025-06-19 06:01:12.219276,Amazon shopping clothes,844.0,Shopping,expense,NetBanking,False,0.0
1,2025-06-20 08:34:12.219276,Student Mess Fees Monthly,375.0,Food,expense,UPI,False,0.0
1,2025-06-20 07:01:12.219276,Hostel laundry charges,187.0,Hostel,expense,UPI,False,0.0
1,2025-06-20 05:06:12.219276,Supermarket Groceries,249.0,Food,expense,UPI,False,0.0
1,2025-06-19 23:46:12.219276,H&M jeans,2072.0,Shopping,expense,NetBanking,False,0.0
1,2025-06-20 19:53:12.219276,Biryani House Restaurant,371.0,Food,expense,Cash,False,0.0
1,2025-06-21 06:03:12.219276,Local thrift store jacket,2160.0,Shopping,expense,Cash,False,0.0
1,2025-06-20 21:52:12.219276,Cloud storage Google One,975.0,Bills,expense,UPI,False,0.0
1,2025-06-22 01:43:12.219276,University Exam Fee,581.0,Education,expense,UPI,False,0.0
1,2025-06-21 22:03:12.219276,Swiggy Delivery Hyderabad,205.0,Food,expense,Cash,False,0.0
1,2025-06-22 10:59:12.219276,Pub weekend entry cover charge,548.0,Entertainment,expense,Credit Card,False,0.0
1,2025-06-22 08:48:12.219276,Metro Card Recharge Metro Station,32.0,Transport,expense,UPI,False,0.0
1,2025-06-23 09:42:12.219276,Electricity bill board,2383.0,Bills,expense,UPI,False,0.0
1,2025-06-23 09:27:12.219276,GitHub Copilot Subscription,2389.0,Bills,expense,Credit Card,False,0.0
1,2025-06-23 09:50:12.219276,Hostel Room Heater Surcharge,90.0,Hostel,expense,Credit Card,False,0.0
1,2025-06-23 11:14:12.219276,Parking charges mall,171.0,Transport,expense,Cash,False,0.0
1,2025-06-24 06:31:12.219276,Local vegetable vendor,226.0,Food,expense,NetBanking,False,0.0
1,2025-06-24 00:19:12.219276,Hostel Room Rent Monthly AC,85.0,Hostel,expense,Credit Card,False,0.0
1,2025-06-24 10:00:12.219276,Ola Cab Booking,242.0,Transport,expense,Cash,False,0.0
1,2025-06-25 03:34:12.219276,Cred cash back points,15.0,Income,income,System Wallet,False,0.0
1,2025-06-25 03:05:12.219276,Maggie Point Gate 2,232.0,Food,expense,Credit Card,False,0.0
1,2025-06-25 06:16:12.219276,Auto Fare Cash,253.0,Transport,expense,Credit Card,False,0.0
1,2025-06-24 20:32:12.219276,BookMyShow Movie Ticket PVR,1107.0,Entertainment,expense,Cash,False,0.0
1,2025-06-26 00:37:12.219276,Zomato Order,409.0,Food,expense,Credit Card,False,0.0
1,2025-06-26 06:22:12.219276,Book Store college textbooks,1740.0,Shopping,expense,NetBanking,False,0.0
1,2025-06-26 10:35:12.219276,Concert ticket EDM show,1013.0,Entertainment,expense,UPI,False,0.0
1,2025-06-25 21:22:12.219276,Hostel Room Rent Monthly AC,139.0,Hostel,expense,UPI,False,0.0
1,2025-06-26 23:34:12.219276,Freelance Web Design payment,283.0,Income,income,UPI,False,0.0
1,2025-06-27 10:18:12.219276,Noodles corner,422.0,Food,expense,UPI,False,0.0
1,2025-06-28 00:53:12.219276,Biryani House Restaurant,390.0,Food,expense,UPI,False,0.0
1,2025-06-28 07:59:12.219276,Biryani House Restaurant,93.0,Food,expense,Cash,False,0.0
1,2025-06-28 23:18:12.219276,Biryani House Restaurant,433.0,Food,expense,UPI,False,0.0
1,2025-06-30 09:16:12.219276,Chai Tapri Tea & Samosa,369.0,Food,expense,NetBanking,False,0.0
1,2025-06-29 15:14:12.219276,MIDNIGHT SUSPICIOUS - University Exam Fee,2394.0,Education,expense,UPI,True,80.5014685210457
1,2025-06-30 04:13:12.219276,Airtel broadband wifi,1883.0,Bills,expense,Cash,False,0.0
1,2025-06-30 03:54:12.219276,Hostel laundry charges,173.0,Hostel,expense,Cash,False,0.0
1,2025-07-01 21:34:12.219276,Parents monthly allowance,22385.0,Income,income,Bank Transfer,False,0.0
1,2025-07-02 05:45:12.219276,Gift box wrapper,244.0,Miscellaneous,expense,Credit Card,False,0.0
1,2025-07-02 04:30:12.219276,Jio Prepaid Mobile Recharge,1553.0,Bills,expense,NetBanking,False,0.0
1,2025-07-02 01:39:12.219276,Gift box wrapper,500.0,Miscellaneous,expense,UPI,False,0.0
1,2025-07-02 11:15:12.219276,Toll plaza fee,238.0,Transport,expense,UPI,False,0.0
1,2025-07-03 05:16:12.219276,Zomato Order,230.0,Food,expense,UPI,False,0.0
1,2025-07-03 09:21:12.219276,Lost cash wallet,292.0,Miscellaneous,expense,NetBanking,False,0.0
1,2025-07-03 04:50:12.219276,Hostel Washing Machine Token,5941.0,Hostel,expense,NetBanking,False,0.0
1,2025-07-04 04:20:12.219276,University Exam Fee,479.0,Education,expense,Credit Card,False,0.0
1,2025-07-05 02:57:12.219276,Lost cash wallet,101.0,Miscellaneous,expense,NetBanking,False,0.0
1,2025-07-05 03:36:12.219276,Campus Canteen Maggie,87.0,Food,expense,UPI,False,0.0
1,2025-07-05 10:40:12.219276,Juice Shop hostel,229.0,Food,expense,UPI,False,0.0
1,2025-07-05 05:45:12.219276,Biryani House Restaurant,225.0,Food,expense,Credit Card,False,0.0
1,2025-07-05 23:34:12.219276,Pocket money Dad transfer,19136.0,Income,income,Bank Transfer,False,0.0
1,2025-07-09 03:23:12.219276,Myntra t-shirt purchase,1416.0,Shopping,expense,Credit Card,False,0.0
1,2025-07-09 08:53:12.219276,Hostel Room Heater Surcharge,165.0,Hostel,expense,NetBanking,False,0.0
1,2025-07-09 02:14:12.219276,Temple donation offering,80.0,Miscellaneous,expense,UPI,False,0.0
1,2025-07-08 21:44:12.219276,Auto Fare Cash,71.0,Transport,expense,UPI,False,0.0
1,2025-07-10 01:34:12.219276,Credit card cash back reward,130.0,Income,income,System Wallet,False,0.0
1,2025-07-10 22:34:12.219276,Pocket money Dad transfer,19720.0,Income,income,Bank Transfer,False,0.0
1,2025-07-11 02:01:12.219276,Supermarket Groceries,199.0,Food,expense,Cash,False,0.0
1,2025-07-10 23:38:12.219276,Juice Shop hostel,195.0,Food,expense,NetBanking,False,0.0
1,2025-07-11 05:02:12.219276,Dominos Pizza,237.0,Food,expense,Cash,False,0.0
1,2025-07-11 22:12:12.219276,Concert ticket EDM show,1174.0,Entertainment,expense,Credit Card,False,0.0
1,2025-07-12 03:35:12.219276,Burger King combo,301.0,Food,expense,Cash,False,0.0
1,2025-07-12 21:22:12.219276,ATM Cash withdrawal Self,441.0,Miscellaneous,expense,NetBanking,False,0.0
1,2025-07-13 01:11:12.219276,Noodles corner,345.0,Food,expense,NetBanking,False,0.0
1,2025-07-13 05:54:12.219276,Amusement park ticket,336.0,Entertainment,expense,Credit Card,False,0.0
1,2025-07-13 05:16:12.219276,KFC Chicken meal,162.0,Food,expense,Credit Card,False,0.0
1,2025-07-13 23:23:12.219276,Noodles corner,125.0,Food,expense,NetBanking,False,0.0
1,2025-07-14 10:00:12.219276,Board game cafe bill,152.0,Entertainment,expense,Cash,False,0.0
1,2025-07-14 10:22:12.219276,Starbucks Coffee,345.0,Food,expense,Credit Card,False,0.0
1,2025-07-14 10:30:12.219276,Starbucks Coffee,216.0,Food,expense,NetBanking,False,0.0
1,2025-07-16 05:34:12.219276,Freelance Web Design payment,1472.0,Income,income,UPI,False,0.0
1,2025-07-20 11:04:12.219276,Hostel Electricity surcharge,2184.0,Bills,expense,Credit Card,False,0.0
1,2025-07-21 00:29:12.219276,Student Mess Fees Monthly,177.0,Food,expense,Cash,False,0.0
1,2025-07-21 04:26:12.219276,Campus Canteen Maggie,292.0,Food,expense,Cash,False,0.0
1,2025-07-21 11:29:12.219276,Campus Canteen Maggie,232.0,Food,expense,Cash,False,0.0
1,2025-07-21 08:03:12.219276,Noodles corner,355.0,Food,expense,NetBanking,False,0.0
1,2025-07-21 20:54:12.219276,Car rental service,226.0,Transport,expense,Credit Card,False,0.0
1,2025-07-23 06:29:12.219276,BookMyShow Movie Ticket PVR,1164.0,Entertainment,expense,UPI,False,0.0
1,2025-07-22 20:20:12.219276,KFC Chicken meal,305.0,Food,expense,Credit Card,False,0.0
1,2025-07-23 11:24:12.219276,Student Mess Fees Monthly,415.0,Food,expense,UPI,False,0.0
1,2025-07-24 07:54:12.219276,Gift box wrapper,253.0,Miscellaneous,expense,NetBanking,False,0.0
1,2025-07-24 04:48:12.219276,GitHub Copilot Subscription,247.0,Bills,expense,UPI,False,0.0
1,2025-07-25 09:44:12.219276,Chai Tapri Tea & Samosa,404.0,Food,expense,UPI,False,0.0
1,2025-07-25 04:56:12.219276,Amazon shopping clothes,588.0,Shopping,expense,UPI,False,0.0
1,2025-07-25 00:45:12.219276,Photocopy shop xerox notes,1187.0,Education,expense,UPI,False,0.0
1,2025-07-26 04:34:12.219276,Credit card cash back reward,71.0,Income,income,System Wallet,False,0.0
1,2025-07-26 04:16:12.219276,Starbucks Coffee,316.0,Food,expense,Credit Card,False,0.0
1,2025-07-26 00:38:12.219276,Burger King combo,318.0,Food,expense,Cash,False,0.0
1,2025-07-26 04:03:12.219276,Gas cylinder booking Indane,1325.0,Bills,expense,Credit Card,False,0.0
1,2025-07-26 02:58:12.219276,Local thrift store jacket,1975.0,Shopping,expense,UPI,False,0.0
1,2025-07-27 03:34:12.219276,Sunglasses purchase store,1609.0,Shopping,expense,Credit Card,False,0.0
1,2025-07-27 11:27:12.219276,Gift box wrapper,448.0,Miscellaneous,expense,UPI,False,0.0
1,2025-07-27 02:13:12.219276,Local thrift store jacket,2886.0,Shopping,expense,UPI,False,0.0
1,2025-07-26 23:31:12.219276,H&M jeans,3494.0,Shopping,expense,UPI,False,0.0
1,2025-07-29 04:54:12.219276,Biryani House Restaurant,266.0,Food,expense,UPI,False,0.0
1,2025-07-29 07:07:12.219276,BookMyShow Movie Ticket PVR,561.0,Entertainment,expense,Cash,False,0.0
1,2025-07-29 05:21:12.219276,Hostel Washing Machine Token,92.0,Hostel,expense,Credit Card,False,0.0
1,2025-07-31 19:50:12.219276,Board game cafe bill,899.0,Entertainment,expense,Credit Card,False,0.0
1,2025-08-01 23:34:12.219276,Uncle birthday gift money,17024.0,Income,income,Bank Transfer,False,0.0
1,2025-08-01 23:17:12.219276,Laundry detergent detergent shop,471.0,Miscellaneous,expense,NetBanking,False,0.0
1,2025-08-02 06:32:12.219276,Train Ticket IRCTC,42.0,Transport,expense,Cash,False,0.0
1,2025-08-03 20:53:12.219276,H&M jeans,2072.0,Shopping,expense,UPI,False,0.0
1,2025-08-03 23:58:12.219276,Water supply bill,498.0,Bills,expense,Cash,False,0.0
1,2025-08-04 09:15:12.219276,Gas cylinder booking Indane,2312.0,Bills,expense,UPI,False,0.0
1,2025-08-05 02:02:12.219276,Laundry detergent detergent shop,193.0,Miscellaneous,expense,NetBanking,False,0.0
1,2025-08-05 06:37:12.219276,Jio Prepaid Mobile Recharge,1585.0,Bills,expense,NetBanking,False,0.0
1,2025-08-04 22:16:12.219276,Concert ticket EDM show,538.0,Entertainment,expense,Credit Card,False,0.0
1,2025-08-05 20:34:12.219276,Pocket money Dad transfer,24783.0,Income,income,Bank Transfer,False,0.0
1,2025-08-06 00:34:12.219276,GPay cashback reward,42.0,Income,income,System Wallet,False,0.0
1,2025-08-07 06:23:12.219276,Car rental service,140.0,Transport,expense,UPI,False,0.0
1,2025-08-07 04:25:12.219276,CRITICAL SPIKE - Chai Tapri Tea & Samosa,5775.0,Food,expense,UPI,True,91.46015315950442
1,2025-08-06 19:56:12.219276,Zomato Order,418.0,Food,expense,UPI,False,0.0
1,2025-08-06 20:42:12.219276,Car rental service,195.0,Transport,expense,NetBanking,False,0.0
1,2025-08-07 23:02:12.219276,Local vegetable vendor,112.0,Food,expense,NetBanking,False,0.0
1,2025-08-08 05:03:12.219276,Hostel Security Deposit Refundable,61.0,Hostel,expense,Cash,False,0.0
1,2025-08-07 23:05:12.219276,Swiggy Delivery Hyderabad,325.0,Food,expense,Credit Card,False,0.0
1,2025-08-07 21:42:12.219276,Water supply bill,430.0,Bills,expense,UPI,False,0.0
1,2025-08-09 05:03:12.219276,Hostel warden room repair,133.0,Hostel,expense,Cash,False,0.0
1,2025-08-09 02:01:12.219276,PG accommodation rent,160.0,Hostel,expense,UPI,False,0.0
1,2025-08-09 08:00:12.219276,Jio Prepaid Mobile Recharge,1794.0,Bills,expense,Credit Card,False,0.0
1,2025-08-09 06:43:12.219276,Maggie Point Gate 2,298.0,Food,expense,NetBanking,False,0.0
1,2025-08-10 07:25:12.219276,Zomato Order,123.0,Food,expense,UPI,False,0.0
1,2025-08-10 06:16:12.219276,Juice Shop hostel,110.0,Food,expense,Cash,False,0.0
1,2025-08-09 20:52:12.219276,Student Mess Fees Monthly,261.0,Food,expense,Credit Card,False,0.0
1,2025-08-10 22:34:12.219276,Uncle birthday gift money,20119.0,Income,income,Bank Transfer,False,0.0
1,2025-08-11 07:28:12.219276,Metro Card Recharge Metro Station,276.0,Transport,expense,UPI,False,0.0
1,2025-08-11 03:25:12.219276,Hostel Washing Machine Token,79.0,Hostel,expense,Cash,False,0.0
1,2025-08-10 19:45:12.219276,Board game cafe bill,203.0,Entertainment,expense,NetBanking,False,0.0
1,2025-08-11 06:34:12.219276,Sunglasses purchase store,3522.0,Shopping,expense,NetBanking,False,0.0
1,2025-08-11 22:21:12.219276,Gift box wrapper,255.0,Miscellaneous,expense,UPI,False,0.0
1,2025-08-13 06:23:12.219276,Amusement park ticket,848.0,Entertainment,expense,NetBanking,False,0.0
1,2025-08-13 01:22:12.219276,Temple donation offering,93.0,Miscellaneous,expense,UPI,False,0.0
1,2025-08-13 09:05:12.219276,ATM Cash withdrawal Self,395.0,Miscellaneous,expense,Credit Card,False,0.0
1,2025-08-14 08:41:12.219276,Local thrift store jacket,3492.0,Shopping,expense,NetBanking,False,0.0
1,2025-08-14 04:36:12.219276,H&M jeans,3179.0,Shopping,expense,Cash,False,0.0
1,2025-08-14 04:47:12.219276,Shell Fuel Station,336.0,Transport,expense,UPI,False,0.0
1,2025-08-15 08:08:12.219276,CRITICAL SPIKE - Shoppers Stop shoes,13365.0,Shopping,expense,UPI,True,88.67535308574419
1,2025-08-14 21:59:12.219276,Bike taxi Rapido,316.0,Transport,expense,NetBanking,False,0.0
1,2025-08-17 08:19:12.219276,KFC Chicken meal,240.0,Food,expense,Cash,False,0.0
1,2025-08-17 01:25:12.219276,Concert ticket EDM show,385.0,Entertainment,expense,NetBanking,False,0.0
1,2025-08-16 22:01:12.219276,Laundry detergent detergent shop,475.0,Miscellaneous,expense,NetBanking,False,0.0
1,2025-08-18 05:21:12.219276,Pub weekend entry cover charge,970.0,Entertainment,expense,Credit Card,False,0.0
1,2025-08-19 02:31:12.219276,Zomato Order,341.0,Food,expense,Cash,False,0.0
1,2025-08-18 22:43:12.219276,Scientific Calculator Casio,1421.0,Education,expense,UPI,False,0.0
1,2025-08-20 01:23:12.219276,Friend Splitwise repayment,439.0,Miscellaneous,expense,UPI,False,0.0
1,2025-08-21 06:29:12.219276,Temple donation offering,279.0,Miscellaneous,expense,Cash,False,0.0
1,2025-08-21 04:11:12.219276,Coursera Certificate subscription,1060.0,Education,expense,NetBanking,False,0.0
1,2025-08-21 09:36:12.219276,Maggie Point Gate 2,339.0,Food,expense,Credit Card,False,0.0
1,2025-08-22 05:34:12.219276,GPay cashback reward,33.0,Income,income,System Wallet,False,0.0
1,2025-08-22 01:54:12.219276,GitHub Copilot Subscription,268.0,Bills,expense,Cash,False,0.0
1,2025-08-22 09:40:12.219276,Laundry detergent detergent shop,306.0,Miscellaneous,expense,UPI,False,0.0
1,2025-08-22 10:07:12.219276,University Exam Fee,453.0,Education,expense,Credit Card,False,0.0
1,2025-08-22 21:24:12.219276,Scientific Calculator Casio,893.0,Education,expense,NetBanking,False,0.0
1,2025-08-24 04:50:12.219276,Maggie Point Gate 2,128.0,Food,expense,Credit Card,False,0.0
1,2025-08-24 06:53:12.219276,Friend Splitwise repayment,220.0,Miscellaneous,expense,UPI,False,0.0
1,2025-08-25 08:15:12.219276,Biryani House Restaurant,442.0,Food,expense,NetBanking,False,0.0
1,2025-08-25 06:35:12.219276,Coursera Certificate subscription,1178.0,Education,expense,Credit Card,False,0.0
1,2025-08-25 01:48:12.219276,Library overdue book fine,538.0,Education,expense,Credit Card,False,0.0
1,2025-08-25 21:16:12.219276,Campus Canteen Maggie,131.0,Food,expense,Cash,False,0.0
1,2025-08-27 01:20:12.219276,Biryani House Restaurant,272.0,Food,expense,UPI,False,0.0
1,2025-08-27 10:13:12.219276,Electricity bill board,1782.0,Bills,expense,UPI,False,0.0
1,2025-08-27 02:53:12.219276,Sunglasses purchase store,3610.0,Shopping,expense,Cash,False,0.0
1,2025-08-27 10:03:12.219276,Jio Prepaid Mobile Recharge,1606.0,Bills,expense,Cash,False,0.0
1,2025-08-28 00:29:12.219276,PG accommodation rent,157.0,Hostel,expense,UPI,False,0.0
1,2025-08-27 23:19:12.219276,Amazon shopping clothes,3026.0,Shopping,expense,NetBanking,False,0.0
1,2025-08-28 04:02:12.219276,Hostel laundry charges,81.0,Hostel,expense,UPI,False,0.0
1,2025-08-28 20:00:12.219276,Spotify Premium monthly plan,604.0,Entertainment,expense,NetBanking,False,0.0
1,2025-08-29 22:34:12.219276,GPay cashback reward,108.0,Income,income,System Wallet,False,0.0
1,2025-08-29 23:42:12.219276,Uber Auto Ride,193.0,Transport,expense,NetBanking,False,0.0
1,2025-08-30 11:02:12.219276,Campus Canteen Maggie,321.0,Food,expense,UPI,False,0.0
1,2025-09-01 05:34:12.219276,Freelance Web Design payment,2447.0,Income,income,UPI,False,0.0
1,2025-08-31 20:49:12.219276,Chai Tapri Tea & Samosa,227.0,Food,expense,UPI,False,0.0
1,2025-08-31 20:14:12.219276,Pub weekend entry cover charge,1086.0,Entertainment,expense,Credit Card,False,0.0
1,2025-09-01 08:34:12.219276,PG accommodation rent,111.0,Hostel,expense,NetBanking,False,0.0
1,2025-09-01 21:34:12.219276,Uncle birthday gift money,20780.0,Income,income,Bank Transfer,False,0.0
1,2025-09-01 19:58:12.219276,Juice Shop hostel,264.0,Food,expense,Cash,False,0.0
1,2025-09-04 06:49:12.219276,Sunglasses purchase store,466.0,Shopping,expense,UPI,False,0.0
1,2025-09-03 23:36:12.219276,Chai Tapri Tea & Samosa,377.0,Food,expense,NetBanking,False,0.0
1,2025-09-05 01:25:12.219276,KFC Chicken meal,430.0,Food,expense,Credit Card,False,0.0
1,2025-09-04 20:52:12.219276,Zomato Order,446.0,Food,expense,Credit Card,False,0.0
1,2025-09-05 21:34:12.219276,Pocket money Dad transfer,15717.0,Income,income,Bank Transfer,False,0.0
1,2025-09-06 10:50:12.219276,Decathlon sports gear,2031.0,Shopping,expense,Cash,False,0.0
1,2025-09-05 21:29:12.219276,Chai Tapri Tea & Samosa,411.0,Food,expense,NetBanking,False,0.0
1,2025-09-07 10:31:12.219276,Chai Tapri Tea & Samosa,268.0,Food,expense,Credit Card,False,0.0
1,2025-09-07 07:33:12.219276,Bowling Alley Arena,532.0,Entertainment,expense,Credit Card,False,0.0
1,2025-09-08 01:08:12.219276,Local vegetable vendor,297.0,Food,expense,Cash,False,0.0
1,2025-09-08 05:02:12.219276,Shoppers Stop shoes,820.0,Shopping,expense,NetBanking,False,0.0
1,2025-09-09 07:13:12.219276,Local vegetable vendor,307.0,Food,expense,UPI,False,0.0
1,2025-09-09 07:06:12.219276,Concert ticket EDM show,267.0,Entertainment,expense,Credit Card,False,0.0
1,2025-09-08 20:42:12.219276,Swiggy Delivery Hyderabad,153.0,Food,expense,Credit Card,False,0.0
1,2025-09-09 21:34:12.219276,Cred cash back points,108.0,Income,income,System Wallet,False,0.0
1,2025-09-10 10:22:12.219276,Supermarket Groceries,310.0,Food,expense,NetBanking,False,0.0
1,2025-09-10 06:15:12.219276,Biryani House Restaurant,150.0,Food,expense,Credit Card,False,0.0
1,2025-09-10 11:07:12.219276,Local thrift store jacket,864.0,Shopping,expense,UPI,False,0.0
1,2025-09-10 09:47:12.219276,Board game cafe bill,391.0,Entertainment,expense,NetBanking,False,0.0
1,2025-09-10 23:34:12.219276,Uncle birthday gift money,19678.0,Income,income,Bank Transfer,False,0.0
1,2025-09-10 22:25:12.219276,Noodles corner,168.0,Food,expense,Credit Card,False,0.0
1,2025-09-12 01:24:12.219276,University Exam Fee,694.0,Education,expense,UPI,False,0.0
1,2025-09-12 10:35:12.219276,Academic Journal Subscription,511.0,Education,expense,UPI,False,0.0
1,2025-09-12 21:53:12.219276,Lab manual printout charges,1229.0,Education,expense,UPI,False,0.0
1,2025-09-12 21:42:12.219276,Amusement park ticket,991.0,Entertainment,expense,Cash,False,0.0
1,2025-09-13 01:23:12.219276,University Exam Fee,1492.0,Education,expense,UPI,False,0.0
1,2025-09-12 23:07:12.219276,Student Mess Fees Monthly,337.0,Food,expense,UPI,False,0.0
1,2025-09-14 05:28:12.219276,Maggie Point Gate 2,443.0,Food,expense,Cash,False,0.0
1,2025-09-14 23:34:12.219276,Social media management fee,1324.0,Income,income,UPI,False,0.0
1,2025-09-14 23:44:12.219276,Temple donation offering,97.0,Miscellaneous,expense,UPI,False,0.0
1,2025-09-14 21:26:12.219276,Gift box wrapper,359.0,Miscellaneous,expense,Cash,False,0.0
1,2025-09-17 03:34:12.219276,Credit card cash back reward,63.0,Income,income,System Wallet,False,0.0
1,2025-09-17 10:49:12.219276,Noodles corner,401.0,Food,expense,NetBanking,False,0.0
1,2025-09-17 01:02:12.219276,Concert ticket EDM show,1078.0,Entertainment,expense,UPI,False,0.0
1,2025-09-16 23:54:12.219276,Amusement park ticket,1101.0,Entertainment,expense,Cash,False,0.0
1,2025-09-16 22:54:12.219276,Scientific Calculator Casio,367.0,Education,expense,Cash,False,0.0
1,2025-09-19 08:49:12.219276,Zomato Order,105.0,Food,expense,Credit Card,False,0.0
1,2025-09-20 10:05:12.219276,Coaching class monthly fee,488.0,Education,expense,Credit Card,False,0.0
1,2025-09-21 02:11:12.219276,Zomato Order,281.0,Food,expense,UPI,False,0.0
1,2025-09-21 05:08:12.219276,College Tuition Fee Semester 1,1113.0,Education,expense,Credit Card,False,0.0
1,2025-09-21 07:22:12.219276,KFC Chicken meal,135.0,Food,expense,NetBanking,False,0.0
1,2025-09-23 08:06:12.219276,Hostel Security Deposit Refundable,142.0,Hostel,expense,UPI,False,0.0
1,2025-09-22 22:42:12.219276,GitHub Copilot Subscription,1245.0,Bills,expense,Cash,False,0.0
1,2025-09-23 07:22:12.219276,Student Mess Fees Monthly,271.0,Food,expense,NetBanking,False,0.0
1,2025-09-22 20:36:12.219276,Starbucks Coffee,388.0,Food,expense,Cash,False,0.0
1,2025-09-24 04:34:12.219276,Cred cash back points,142.0,Income,income,System Wallet,False,0.0
1,2025-09-24 05:44:12.219276,Temple donation offering,121.0,Miscellaneous,expense,Cash,False,0.0
1,2025-09-25 11:19:12.219276,Nike showroom sneakers,1777.0,Shopping,expense,Cash,False,0.0
1,2025-09-25 06:17:12.219276,Lost cash wallet,293.0,Miscellaneous,expense,NetBanking,False,0.0
1,2025-09-25 10:50:12.219276,Student Mess Fees Monthly,378.0,Food,expense,UPI,False,0.0
1,2025-09-25 10:44:12.219276,Temple donation offering,166.0,Miscellaneous,expense,Cash,False,0.0
1,2025-09-26 01:35:12.219276,BookMyShow Movie Ticket PVR,646.0,Entertainment,expense,UPI,False,0.0
1,2025-09-26 09:06:12.219276,Gas cylinder booking Indane,1815.0,Bills,expense,UPI,False,0.0
1,2025-09-26 00:07:12.219276,Laundry detergent detergent shop,496.0,Miscellaneous,expense,UPI,False,0.0
1,2025-09-26 07:54:12.219276,Bike taxi Rapido,196.0,Transport,expense,Credit Card,False,0.0
1,2025-09-27 10:46:12.219276,Hostel Washing Machine Token,189.0,Hostel,expense,NetBanking,False,0.0
1,2025-09-27 05:19:12.219276,Auto Fare Cash,315.0,Transport,expense,NetBanking,False,0.0
1,2025-09-27 03:52:12.219276,Toll plaza fee,280.0,Transport,expense,NetBanking,False,0.0
1,2025-09-28 04:36:12.219276,Laser tag game weekend,856.0,Entertainment,expense,UPI,False,0.0
1,2025-09-28 04:21:12.219276,Sunglasses purchase store,723.0,Shopping,expense,Credit Card,False,0.0
1,2025-09-28 03:42:12.219276,Jio Prepaid Mobile Recharge,927.0,Bills,expense,NetBanking,False,0.0
1,2025-09-28 03:14:12.219276,Biryani House Restaurant,380.0,Food,expense,UPI,False,0.0
1,2025-09-30 11:04:12.219276,CRITICAL SPIKE - Supermarket Groceries,2250.0,Food,expense,Credit Card,True,83.75881414449042
1,2025-09-29 22:15:12.219276,Auto Fare Cash,194.0,Transport,expense,UPI,False,0.0
1,2025-09-30 01:00:12.219276,Friend Splitwise repayment,323.0,Miscellaneous,expense,UPI,False,0.0
1,2025-10-01 05:30:12.219276,KFC Chicken meal,283.0,Food,expense,UPI,False,0.0
1,2025-10-01 22:34:12.219276,Pocket money Dad transfer,15151.0,Income,income,Bank Transfer,False,0.0
1,2025-10-03 00:28:12.219276,Stationery shop notebook,3026.0,Shopping,expense,Credit Card,False,0.0
1,2025-10-03 05:44:12.219276,Hostel Room Heater Surcharge,5617.0,Hostel,expense,UPI,False,0.0
1,2025-10-04 01:45:12.219276,Swiggy Delivery Hyderabad,252.0,Food,expense,Cash,False,0.0
1,2025-10-04 05:39:12.219276,Gift box wrapper,257.0,Miscellaneous,expense,Cash,False,0.0
1,2025-10-05 23:34:12.219276,Pocket money Dad transfer,17303.0,Income,income,Bank Transfer,False,0.0
1,2025-10-06 05:53:12.219276,Campus Canteen Maggie,276.0,Food,expense,NetBanking,False,0.0
1,2025-10-06 21:16:12.219276,Campus Canteen Maggie,414.0,Food,expense,UPI,False,0.0
1,2025-10-07 05:18:12.219276,Noodles corner,237.0,Food,expense,Cash,False,0.0
1,2025-10-07 02:42:12.219276,Supermarket Groceries,231.0,Food,expense,UPI,False,0.0
1,2025-10-07 07:00:12.219276,Airtel broadband wifi,1963.0,Bills,expense,Cash,False,0.0
1,2025-10-07 22:07:12.219276,Hostel laundry charges,105.0,Hostel,expense,Cash,False,0.0
1,2025-10-07 22:37:12.219276,GitHub Copilot Subscription,1581.0,Bills,expense,Cash,False,0.0
1,2025-10-08 00:54:12.219276,PG accommodation rent,101.0,Hostel,expense,UPI,False,0.0
1,2025-10-08 22:31:12.219276,Supermarket Groceries,185.0,Food,expense,Credit Card,False,0.0
1,2025-10-09 09:03:12.219276,Hostel Room Heater Surcharge,64.0,Hostel,expense,Cash,False,0.0
1,2025-10-08 19:59:12.219276,ATM Cash withdrawal Self,336.0,Miscellaneous,expense,NetBanking,False,0.0
1,2025-10-10 20:34:12.219276,Uncle birthday gift money,18570.0,Income,income,Bank Transfer,False,0.0
1,2025-10-11 05:34:12.219276,Credit card cash back reward,26.0,Income,income,System Wallet,False,0.0
1,2025-10-13 08:57:12.219276,Campus Canteen Maggie,289.0,Food,expense,UPI,False,0.0
1,2025-10-13 00:15:12.219276,Amusement park ticket,923.0,Entertainment,expense,Cash,False,0.0
1,2025-10-13 03:27:12.219276,University Exam Fee,1200.0,Education,expense,UPI,False,0.0
1,2025-10-14 05:34:12.219276,Coding gig client work,2096.0,Income,income,UPI,False,0.0
1,2025-10-13 23:51:12.219276,Hostel Room Heater Surcharge,108.0,Hostel,expense,NetBanking,False,0.0
1,2025-10-13 19:49:12.219276,Toll plaza fee,87.0,Transport,expense,Credit Card,False,0.0
1,2025-10-13 20:49:12.219276,Ola Cab Booking,81.0,Transport,expense,Credit Card,False,0.0
1,2025-10-15 00:06:12.219276,Jio Prepaid Mobile Recharge,2310.0,Bills,expense,UPI,False,0.0
1,2025-10-15 06:10:12.219276,Local thrift store jacket,3741.0,Shopping,expense,Cash,False,0.0
1,2025-10-15 00:16:12.219276,Gift box wrapper,469.0,Miscellaneous,expense,NetBanking,False,0.0
1,2025-10-16 01:14:12.219276,Flipkart electronics gadget,649.0,Shopping,expense,Cash,False,0.0
1,2025-10-16 08:24:12.219276,Board game cafe bill,1165.0,Entertainment,expense,NetBanking,False,0.0
1,2025-10-16 07:45:12.219276,Hostel Washing Machine Token,156.0,Hostel,expense,NetBanking,False,0.0
1,2025-10-17 10:32:12.219276,Local Bus Ticket,183.0,Transport,expense,UPI,False,0.0
1,2025-10-16 23:58:12.219276,Juice Shop hostel,291.0,Food,expense,Cash,False,0.0
1,2025-10-17 10:28:12.219276,Auto Fare Cash,134.0,Transport,expense,UPI,False,0.0
1,2025-10-17 21:29:12.219276,Uber Auto Ride,167.0,Transport,expense,Cash,False,0.0
1,2025-10-18 02:04:12.219276,Starbucks Coffee,380.0,Food,expense,Cash,False,0.0
1,2025-10-18 02:33:12.219276,Petrol Pump HP,185.0,Transport,expense,UPI,False,0.0
1,2025-10-18 03:18:12.219276,Toll plaza fee,90.0,Transport,expense,Credit Card,False,0.0
1,2025-10-19 10:08:12.219276,Gaming Zone Arcade Mall,808.0,Entertainment,expense,Credit Card,False,0.0
1,2025-10-19 23:25:12.219276,Shoppers Stop shoes,2500.0,Shopping,expense,Credit Card,False,0.0
1,2025-10-19 21:10:12.219276,Gas cylinder booking Indane,932.0,Bills,expense,Credit Card,False,0.0
1,2025-10-21 08:52:12.219276,Campus Canteen Maggie,363.0,Food,expense,Cash,False,0.0
1,2025-10-22 05:50:12.219276,Shell Fuel Station,321.0,Transport,expense,Credit Card,False,0.0
1,2025-10-22 00:42:12.219276,Cloud storage Google One,1987.0,Bills,expense,NetBanking,False,0.0
1,2025-10-22 21:27:12.219276,Burger King combo,357.0,Food,expense,UPI,False,0.0
1,2025-10-23 08:42:12.219276,KFC Chicken meal,422.0,Food,expense,UPI,False,0.0
1,2025-10-22 15:35:12.219276,MIDNIGHT SUSPICIOUS - Ola Cab Booking,321.0,Transport,expense,UPI,True,82.64332299232663
1,2025-10-24 05:34:12.219276,GPay cashback reward,14.0,Income,income,System Wallet,False,0.0
1,2025-10-24 00:40:12.219276,Hostel Washing Machine Token,54.0,Hostel,expense,Credit Card,False,0.0
1,2025-10-24 04:26:12.219276,Juice Shop hostel,156.0,Food,expense,Cash,False,0.0
1,2025-10-25 02:53:12.219276,Maggie Point Gate 2,287.0,Food,expense,UPI,False,0.0
1,2025-10-25 07:58:12.219276,Supermarket Groceries,412.0,Food,expense,UPI,False,0.0
1,2025-10-25 00:39:12.219276,Board game cafe bill,1124.0,Entertainment,expense,UPI,False,0.0
1,2025-10-26 02:47:12.219276,Coaching class monthly fee,295.0,Education,expense,UPI,False,0.0
1,2025-10-26 04:31:12.219276,Laundry detergent detergent shop,188.0,Miscellaneous,expense,UPI,False,0.0
1,2025-10-25 19:47:12.219276,PG accommodation rent,58.0,Hostel,expense,NetBanking,False,0.0
1,2025-10-27 08:17:12.219276,Campus Canteen Maggie,163.0,Food,expense,Cash,False,0.0
1,2025-10-26 22:06:12.219276,Hostel Washing Machine Token,148.0,Hostel,expense,UPI,False,0.0
1,2025-10-27 08:23:12.219276,College Tuition Fee Semester 1,575.0,Education,expense,NetBanking,False,0.0
1,2025-10-28 08:45:12.219276,Cloud storage Google One,1034.0,Bills,expense,Credit Card,False,0.0
1,2025-10-28 05:25:12.219276,Gift box wrapper,244.0,Miscellaneous,expense,Cash,False,0.0
1,2025-10-29 21:34:12.219276,BookMyShow Movie Ticket PVR,947.0,Entertainment,expense,UPI,False,0.0
1,2025-10-31 08:40:12.219276,Library overdue book fine,278.0,Education,expense,Credit Card,False,0.0
1,2025-10-31 06:29:12.219276,Zomato Order,261.0,Food,expense,Cash,False,0.0
1,2025-10-31 03:10:12.219276,Netflix subscription premium,747.0,Entertainment,expense,UPI,False,0.0
1,2025-10-31 23:38:12.219276,Dominos Pizza,217.0,Food,expense,Credit Card,False,0.0
1,2025-10-31 21:57:12.219276,Student Mess Fees Monthly,221.0,Food,expense,Credit Card,False,0.0
1,2025-11-01 02:03:12.219276,Local thrift store jacket,3352.0,Shopping,expense,Cash,False,0.0
1,2025-11-01 22:34:12.219276,Pocket money Dad transfer,17219.0,Income,income,Bank Transfer,False,0.0
1,2025-11-02 02:34:12.219276,Cred cash back points,107.0,Income,income,System Wallet,False,0.0
1,2025-11-02 04:54:12.219276,Photocopy shop xerox notes,1433.0,Education,expense,UPI,False,0.0
1,2025-11-02 07:54:12.219276,Gift box wrapper,152.0,Miscellaneous,expense,UPI,False,0.0
1,2025-11-02 02:54:12.219276,Sunglasses purchase store,3246.0,Shopping,expense,Cash,False,0.0
1,2025-11-03 01:17:12.219276,University Exam Fee,509.0,Education,expense,Cash,False,0.0
1,2025-11-03 10:25:12.219276,Hostel Room Rent Monthly AC,8403.0,Hostel,expense,UPI,False,0.0
1,2025-11-03 10:42:12.219276,Sunglasses purchase store,683.0,Shopping,expense,Credit Card,False,0.0
1,2025-11-03 22:02:12.219276,H&M jeans,1031.0,Shopping,expense,Credit Card,False,0.0
1,2025-11-04 21:24:12.219276,Laundry detergent detergent shop,323.0,Miscellaneous,expense,Credit Card,False,0.0
1,2025-11-05 06:44:12.219276,Academic Journal Subscription,274.0,Education,expense,UPI,False,0.0
1,2025-11-05 06:24:12.219276,ATM Cash withdrawal Self,338.0,Miscellaneous,expense,Credit Card,False,0.0
1,2025-11-05 20:34:12.219276,Parents monthly allowance,16735.0,Income,income,Bank Transfer,False,0.0
1,2025-11-06 03:02:12.219276,Hostel warden room repair,182.0,Hostel,expense,Cash,False,0.0
1,2025-11-07 10:40:12.219276,Gift box wrapper,306.0,Miscellaneous,expense,UPI,False,0.0
1,2025-11-07 06:53:12.219276,Book Store college textbooks,751.0,Shopping,expense,UPI,False,0.0
1,2025-11-06 23:02:12.219276,Lab manual printout charges,1167.0,Education,expense,Credit Card,False,0.0
1,2025-11-07 23:17:12.219276,University Exam Fee,335.0,Education,expense,NetBanking,False,0.0
1,2025-11-08 00:55:12.219276,Burger King combo,204.0,Food,expense,Cash,False,0.0
1,2025-11-08 00:45:12.219276,Hostel Room Heater Surcharge,168.0,Hostel,expense,Credit Card,False,0.0
1,2025-11-09 07:34:12.219276,Netflix subscription premium,554.0,Entertainment,expense,Credit Card,False,0.0
1,2025-11-08 23:25:12.219276,Local Bus Ticket,172.0,Transport,expense,UPI,False,0.0
1,2025-11-08 22:50:12.219276,Hostel Security Deposit Refundable,143.0,Hostel,expense,Credit Card,False,0.0
1,2025-11-10 08:11:12.219276,Hostel warden room repair,130.0,Hostel,expense,Cash,False,0.0
1,2025-11-10 01:26:12.219276,Maggie Point Gate 2,260.0,Food,expense,Cash,False,0.0
1,2025-11-10 05:41:12.219276,Nike showroom sneakers,2817.0,Shopping,expense,UPI,False,0.0
1,2025-11-10 20:34:12.219276,Pocket money Dad transfer,20003.0,Income,income,Bank Transfer,False,0.0
1,2025-11-11 08:01:12.219276,Hostel Room Heater Surcharge,157.0,Hostel,expense,Cash,False,0.0
1,2025-11-12 00:54:12.219276,Juice Shop hostel,165.0,Food,expense,UPI,False,0.0
1,2025-11-11 23:46:12.219276,Electricity bill board,1570.0,Bills,expense,Credit Card,False,0.0
1,2025-11-12 11:00:12.219276,Board game cafe bill,1185.0,Entertainment,expense,Credit Card,False,0.0
1,2025-11-12 02:52:12.219276,Cloud storage Google One,785.0,Bills,expense,UPI,False,0.0
1,2025-11-12 23:34:12.219276,Social media management fee,1382.0,Income,income,UPI,False,0.0
1,2025-11-12 23:10:12.219276,Gift box wrapper,445.0,Miscellaneous,expense,Cash,False,0.0
1,2025-11-12 21:22:12.219276,Campus Canteen Maggie,358.0,Food,expense,NetBanking,False,0.0
1,2025-11-13 02:53:12.219276,GitHub Copilot Subscription,995.0,Bills,expense,UPI,False,0.0
1,2025-11-15 02:25:12.219276,Noodles corner,140.0,Food,expense,UPI,False,0.0
1,2025-11-15 08:44:12.219276,Gift box wrapper,229.0,Miscellaneous,expense,Cash,False,0.0
1,2025-11-16 00:54:12.219276,Uber Auto Ride,321.0,Transport,expense,NetBanking,False,0.0
1,2025-11-16 22:42:12.219276,Nike showroom sneakers,1495.0,Shopping,expense,Cash,False,0.0
1,2025-11-16 23:49:12.219276,Netflix subscription premium,717.0,Entertainment,expense,UPI,False,0.0
1,2025-11-18 04:14:12.219276,Parking charges mall,231.0,Transport,expense,Cash,False,0.0
1,2025-11-18 08:06:12.219276,Laser tag game weekend,1075.0,Entertainment,expense,UPI,False,0.0
1,2025-11-19 10:14:12.219276,Cloud storage Google One,1440.0,Bills,expense,UPI,False,0.0
1,2025-11-19 02:05:12.219276,University Exam Fee,914.0,Education,expense,Credit Card,False,0.0
1,2025-11-19 20:36:12.219276,Academic Journal Subscription,1259.0,Education,expense,NetBanking,False,0.0
1,2025-11-20 10:03:12.219276,Supermarket Groceries,315.0,Food,expense,UPI,False,0.0
1,2025-11-21 01:34:12.219276,GPay cashback reward,43.0,Income,income,System Wallet,False,0.0
1,2025-11-21 07:16:12.219276,Myntra t-shirt purchase,3081.0,Shopping,expense,UPI,False,0.0
1,2025-11-22 09:15:12.219276,Student Mess Fees Monthly,400.0,Food,expense,UPI,False,0.0
1,2025-11-24 00:34:12.219276,GPay cashback reward,43.0,Income,income,System Wallet,False,0.0
1,2025-11-24 09:18:12.219276,Electricity bill board,133.0,Bills,expense,UPI,False,0.0
1,2025-11-23 22:40:12.219276,Noodles corner,116.0,Food,expense,UPI,False,0.0
1,2025-11-23 23:38:12.219276,Scientific Calculator Casio,380.0,Education,expense,UPI,False,0.0
1,2025-11-24 09:56:12.219276,PG accommodation rent,52.0,Hostel,expense,UPI,False,0.0
1,2025-11-24 22:42:12.219276,Pub weekend entry cover charge,1056.0,Entertainment,expense,UPI,False,0.0
1,2025-11-26 02:51:12.219276,Bowling Alley Arena,1029.0,Entertainment,expense,UPI,False,0.0
1,2025-11-26 05:23:12.219276,Starbucks Coffee,363.0,Food,expense,Cash,False,0.0
1,2025-11-26 02:21:12.219276,KFC Chicken meal,417.0,Food,expense,UPI,False,0.0
1,2025-11-26 10:58:12.219276,Concert ticket EDM show,261.0,Entertainment,expense,UPI,False,0.0
1,2025-11-27 07:33:12.219276,ATM Cash withdrawal Self,320.0,Miscellaneous,expense,UPI,False,0.0
1,2025-11-27 01:22:12.219276,Coursera Certificate subscription,1264.0,Education,expense,Cash,False,0.0
1,2025-11-27 03:47:12.219276,Water supply bill,168.0,Bills,expense,UPI,False,0.0
1,2025-11-28 01:34:12.219276,TA Stipend College Dept,2275.0,Income,income,UPI,False,0.0
1,2025-11-27 23:51:12.219276,Laser tag game weekend,973.0,Entertainment,expense,Cash,False,0.0
1,2025-11-28 00:08:12.219276,Campus Canteen Maggie,120.0,Food,expense,UPI,False,0.0
1,2025-11-28 05:18:12.219276,Photocopy shop xerox notes,1430.0,Education,expense,UPI,False,0.0
1,2025-11-27 23:03:12.219276,Gaming Zone Arcade Mall,268.0,Entertainment,expense,Credit Card,False,0.0
1,2025-11-30 01:05:12.219276,Swiggy Delivery Hyderabad,442.0,Food,expense,UPI,False,0.0
1,2025-12-01 04:20:12.219276,Hostel laundry charges,116.0,Hostel,expense,UPI,False,0.0
1,2025-12-01 04:07:12.219276,Chai Tapri Tea & Samosa,95.0,Food,expense,Credit Card,False,0.0
1,2025-12-01 11:03:12.219276,Campus Canteen Maggie,444.0,Food,expense,UPI,False,0.0
1,2025-12-01 00:57:12.219276,Hostel Washing Machine Token,64.0,Hostel,expense,Cash,False,0.0
1,2025-12-01 20:34:12.219276,Pocket money Dad transfer,19179.0,Income,income,Bank Transfer,False,0.0
1,2025-12-03 06:58:12.219276,Swiggy Delivery Hyderabad,86.0,Food,expense,Credit Card,False,0.0
1,2025-12-03 02:54:12.219276,Dominos Pizza,98.0,Food,expense,Credit Card,False,0.0
1,2025-12-03 06:41:12.219276,Shell Fuel Station,193.0,Transport,expense,UPI,False,0.0
1,2025-12-02 20:59:12.219276,Hostel warden room repair,8194.0,Hostel,expense,UPI,False,0.0
1,2025-12-04 02:34:12.219276,Cred cash back points,89.0,Income,income,System Wallet,False,0.0
1,2025-12-05 22:34:12.219276,Parents monthly allowance,18287.0,Income,income,Bank Transfer,False,0.0
1,2025-12-06 02:20:12.219276,Friend Splitwise repayment,287.0,Miscellaneous,expense,Credit Card,False,0.0
1,2025-12-05 19:48:12.219276,Hostel laundry charges,112.0,Hostel,expense,Credit Card,False,0.0
1,2025-12-09 09:05:12.219276,Myntra t-shirt purchase,1240.0,Shopping,expense,UPI,False,0.0
1,2025-12-09 03:31:12.219276,Dominos Pizza,444.0,Food,expense,UPI,False,0.0
1,2025-12-08 23:06:12.219276,Hostel Room Heater Surcharge,145.0,Hostel,expense,UPI,False,0.0
1,2025-12-10 02:52:12.219276,Biryani House Restaurant,370.0,Food,expense,UPI,False,0.0
1,2025-12-10 06:02:12.219276,Shoppers Stop shoes,3680.0,Shopping,expense,NetBanking,False,0.0
1,2025-12-09 22:43:12.219276,Local thrift store jacket,705.0,Shopping,expense,UPI,False,0.0
1,2025-12-10 23:34:12.219276,Pocket money Dad transfer,17693.0,Income,income,Bank Transfer,False,0.0
1,2025-12-11 09:53:12.219276,Juice Shop hostel,263.0,Food,expense,UPI,False,0.0
1,2025-12-10 20:47:12.219276,Hostel Electricity surcharge,591.0,Bills,expense,NetBanking,False,0.0
1,2025-12-10 21:17:12.219276,Coursera Certificate subscription,608.0,Education,expense,Credit Card,False,0.0
1,2025-12-12 02:40:12.219276,Student Mess Fees Monthly,311.0,Food,expense,Cash,False,0.0
1,2025-12-12 23:46:12.219276,Swiggy Delivery Hyderabad,111.0,Food,expense,UPI,False,0.0
1,2025-12-13 19:38:12.219276,Biryani House Restaurant,380.0,Food,expense,UPI,False,0.0
1,2025-12-14 05:41:12.219276,Parking charges mall,257.0,Transport,expense,UPI,False,0.0
1,2025-12-15 03:34:12.219276,GPay cashback reward,53.0,Income,income,System Wallet,False,0.0
1,2025-12-15 06:47:12.219276,Electricity bill board,1667.0,Bills,expense,UPI,False,0.0
1,2025-12-14 21:13:12.219276,Campus Canteen Maggie,223.0,Food,expense,UPI,False,0.0
1,2025-12-15 09:30:12.219276,Temple donation offering,175.0,Miscellaneous,expense,Credit Card,False,0.0
1,2025-12-17 03:14:12.219276,Student Mess Fees Monthly,182.0,Food,expense,Cash,False,0.0
1,2025-12-17 11:08:12.219276,Hostel laundry charges,54.0,Hostel,expense,NetBanking,False,0.0
1,2025-12-17 03:45:12.219276,Gas cylinder booking Indane,2416.0,Bills,expense,Credit Card,False,0.0
1,2025-12-17 21:34:12.219276,Part time tutoring kid,1350.0,Income,income,UPI,False,0.0
1,2025-12-17 22:49:12.219276,Hostel Washing Machine Token,199.0,Hostel,expense,UPI,False,0.0
1,2025-12-18 03:10:12.219276,Auto Fare Cash,303.0,Transport,expense,UPI,False,0.0
1,2025-12-18 06:25:12.219276,Bowling Alley Arena,505.0,Entertainment,expense,Cash,False,0.0
1,2025-12-19 00:10:12.219276,ATM Cash withdrawal Self,410.0,Miscellaneous,expense,Cash,False,0.0
1,2025-12-18 20:39:12.219276,Train Ticket IRCTC,307.0,Transport,expense,Credit Card,False,0.0
1,2025-12-20 04:34:12.219276,Part time tutoring kid,2356.0,Income,income,UPI,False,0.0
1,2025-12-20 20:35:12.219276,Metro Card Recharge Metro Station,204.0,Transport,expense,NetBanking,False,0.0
1,2025-12-21 06:38:12.219276,Biryani House Restaurant,440.0,Food,expense,UPI,False,0.0
1,2025-12-21 01:20:12.219276,Photocopy shop xerox notes,789.0,Education,expense,UPI,False,0.0
1,2025-12-21 06:48:12.219276,Amusement park ticket,799.0,Entertainment,expense,Cash,False,0.0
1,2025-12-22 08:28:12.219276,Concert ticket EDM show,753.0,Entertainment,expense,UPI,False,0.0
1,2025-12-23 03:14:12.219276,Dominos Pizza,388.0,Food,expense,Cash,False,0.0
1,2025-12-23 02:56:12.219276,ATM Cash withdrawal Self,304.0,Miscellaneous,expense,UPI,False,0.0
1,2025-12-23 09:34:12.219276,Coursera Certificate subscription,281.0,Education,expense,NetBanking,False,0.0
1,2025-12-23 04:24:12.219276,Local thrift store jacket,1422.0,Shopping,expense,NetBanking,False,0.0
1,2025-12-24 23:34:12.219276,Credit card cash back reward,117.0,Income,income,System Wallet,False,0.0
1,2025-12-25 11:24:12.219276,DTH TV recharge Tata Sky,1538.0,Bills,expense,UPI,False,0.0
1,2025-12-25 09:38:12.219276,Gift box wrapper,438.0,Miscellaneous,expense,UPI,False,0.0
1,2025-12-24 21:55:12.219276,Campus Canteen Maggie,90.0,Food,expense,UPI,False,0.0
1,2025-12-26 06:12:12.219276,Local vegetable vendor,118.0,Food,expense,UPI,False,0.0
1,2025-12-26 08:44:12.219276,Laundry detergent detergent shop,410.0,Miscellaneous,expense,UPI,False,0.0
1,2025-12-26 09:18:12.219276,Zomato Order,249.0,Food,expense,UPI,False,0.0
1,2025-12-26 20:59:12.219276,H&M jeans,1553.0,Shopping,expense,UPI,False,0.0
1,2025-12-27 06:34:12.219276,Temple donation offering,480.0,Miscellaneous,expense,UPI,False,0.0
1,2025-12-27 10:46:12.219276,Spotify Premium monthly plan,753.0,Entertainment,expense,Cash,False,0.0
1,2025-12-26 22:04:12.219276,Swiggy Delivery Hyderabad,185.0,Food,expense,NetBanking,False,0.0
1,2025-12-27 22:15:12.219276,Amusement park ticket,1151.0,Entertainment,expense,NetBanking,False,0.0
1,2025-12-28 06:45:12.219276,Hostel Room Heater Surcharge,97.0,Hostel,expense,Credit Card,False,0.0
1,2025-12-28 20:43:12.219276,Cloud storage Google One,1178.0,Bills,expense,NetBanking,False,0.0
1,2025-12-29 09:22:12.219276,Zomato Order,422.0,Food,expense,Cash,False,0.0
1,2025-12-30 11:10:12.219276,KFC Chicken meal,278.0,Food,expense,Credit Card,False,0.0
1,2025-12-29 23:41:12.219276,Train Ticket IRCTC,183.0,Transport,expense,UPI,False,0.0
1,2025-12-29 23:36:12.219276,Airtel broadband wifi,784.0,Bills,expense,UPI,False,0.0
1,2025-12-30 03:54:12.219276,Spotify Premium monthly plan,1041.0,Entertainment,expense,UPI,False,0.0
1,2026-01-01 10:32:12.219276,Board game cafe bill,817.0,Entertainment,expense,Cash,False,0.0
1,2026-01-01 08:41:12.219276,Chai Tapri Tea & Samosa,438.0,Food,expense,Cash,False,0.0
1,2025-12-31 23:33:12.219276,BookMyShow Movie Ticket PVR,453.0,Entertainment,expense,Cash,False,0.0
1,2026-01-01 07:30:12.219276,Biryani House Restaurant,131.0,Food,expense,Cash,False,0.0
1,2026-01-01 23:34:12.219276,Parents monthly allowance,19327.0,Income,income,Bank Transfer,False,0.0
1,2026-01-02 00:13:12.219276,Laundry detergent detergent shop,69.0,Miscellaneous,expense,Credit Card,False,0.0
1,2026-01-02 06:18:12.219276,Gift box wrapper,405.0,Miscellaneous,expense,Credit Card,False,0.0
1,2026-01-01 19:55:12.219276,Uber Auto Ride,273.0,Transport,expense,NetBanking,False,0.0
1,2026-01-02 02:42:12.219276,Flipkart electronics gadget,1548.0,Shopping,expense,UPI,False,0.0
1,2026-01-03 09:47:12.219276,Library overdue book fine,1338.0,Education,expense,UPI,False,0.0
1,2026-01-03 00:38:12.219276,Amusement park ticket,915.0,Entertainment,expense,Cash,False,0.0
1,2026-01-02 19:45:12.219276,Sunglasses purchase store,2475.0,Shopping,expense,Cash,False,0.0
1,2026-01-04 01:51:12.219276,Starbucks Coffee,96.0,Food,expense,NetBanking,False,0.0
1,2026-01-05 07:05:12.219276,Hostel Room Heater Surcharge,81.0,Hostel,expense,UPI,False,0.0
1,2026-01-05 06:56:12.219276,Laundry detergent detergent shop,140.0,Miscellaneous,expense,Credit Card,False,0.0
1,2026-01-05 04:35:12.219276,KFC Chicken meal,212.0,Food,expense,UPI,False,0.0
1,2026-01-05 21:34:12.219276,Parents monthly allowance,15813.0,Income,income,Bank Transfer,False,0.0
1,2026-01-06 09:06:12.219276,Parking charges mall,145.0,Transport,expense,NetBanking,False,0.0
1,2026-01-06 23:34:12.219276,TA Stipend College Dept,741.0,Income,income,UPI,False,0.0
1,2026-01-07 04:01:12.219276,Starbucks Coffee,209.0,Food,expense,NetBanking,False,0.0
1,2026-01-07 05:17:12.219276,Bowling Alley Arena,1090.0,Entertainment,expense,Credit Card,False,0.0
1,2026-01-07 07:09:12.219276,Hostel laundry charges,151.0,Hostel,expense,UPI,False,0.0
1,2026-01-07 10:38:12.219276,Temple donation offering,194.0,Miscellaneous,expense,UPI,False,0.0
1,2026-01-08 03:31:12.219276,Library overdue book fine,1434.0,Education,expense,UPI,False,0.0
1,2026-01-08 00:20:12.219276,Chai Tapri Tea & Samosa,387.0,Food,expense,NetBanking,False,0.0
1,2026-01-09 03:34:12.219276,Cred cash back points,76.0,Income,income,System Wallet,False,0.0
1,2026-01-09 11:32:12.219276,Netflix subscription premium,538.0,Entertainment,expense,UPI,False,0.0
1,2026-01-09 00:52:12.219276,Academic Journal Subscription,448.0,Education,expense,Cash,False,0.0
1,2026-01-09 01:17:12.219276,Noodles corner,145.0,Food,expense,Cash,False,0.0
1,2026-01-10 21:34:12.219276,Pocket money Dad transfer,20820.0,Income,income,Bank Transfer,False,0.0
1,2026-01-11 10:28:12.219276,Bowling Alley Arena,911.0,Entertainment,expense,NetBanking,False,0.0
1,2026-01-10 22:04:12.219276,Noodles corner,107.0,Food,expense,Cash,False,0.0
1,2026-01-12 08:37:12.219276,KFC Chicken meal,428.0,Food,expense,NetBanking,False,0.0
1,2026-01-12 09:43:12.219276,Dominos Pizza,182.0,Food,expense,Cash,False,0.0
1,2026-01-12 06:14:12.219276,Coursera Certificate subscription,1098.0,Education,expense,UPI,False,0.0
1,2026-01-12 01:05:12.219276,Swiggy Delivery Hyderabad,311.0,Food,expense,UPI,False,0.0
1,2026-01-13 19:36:12.219276,Laser tag game weekend,1028.0,Entertainment,expense,Credit Card,False,0.0
1,2026-01-14 01:35:12.219276,Hostel Security Deposit Refundable,145.0,Hostel,expense,NetBanking,False,0.0
1,2026-01-14 04:42:12.219276,Supermarket Groceries,207.0,Food,expense,NetBanking,False,0.0
1,2026-01-15 04:52:12.219276,Lost cash wallet,135.0,Miscellaneous,expense,UPI,False,0.0
1,2026-01-15 06:31:12.219276,GitHub Copilot Subscription,2246.0,Bills,expense,UPI,False,0.0
1,2026-01-14 19:48:12.219276,Gas cylinder booking Indane,871.0,Bills,expense,Credit Card,False,0.0
1,2026-01-15 00:41:12.219276,Toll plaza fee,97.0,Transport,expense,UPI,False,0.0
1,2026-01-16 23:15:12.219276,PG accommodation rent,62.0,Hostel,expense,UPI,False,0.0
1,2026-01-17 07:41:12.219276,Swiggy Delivery Hyderabad,433.0,Food,expense,Credit Card,False,0.0
1,2026-01-18 05:00:12.219276,Starbucks Coffee,435.0,Food,expense,UPI,False,0.0
1,2026-01-18 00:00:12.219276,Supermarket Groceries,346.0,Food,expense,Cash,False,0.0
1,2026-01-17 23:24:12.219276,Juice Shop hostel,448.0,Food,expense,NetBanking,False,0.0
1,2026-01-19 01:56:12.219276,Friend Splitwise repayment,448.0,Miscellaneous,expense,Cash,False,0.0
1,2026-01-20 10:55:12.219276,Swiggy Delivery Hyderabad,360.0,Food,expense,UPI,False,0.0
1,2026-01-20 10:43:12.219276,Uber Auto Ride,36.0,Transport,expense,UPI,False,0.0
1,2026-01-21 03:03:12.219276,Local vegetable vendor,450.0,Food,expense,NetBanking,False,0.0
1,2026-01-20 21:28:12.219276,Flipkart electronics gadget,2301.0,Shopping,expense,UPI,False,0.0
1,2026-01-20 22:40:12.219276,Shoppers Stop shoes,3683.0,Shopping,expense,Credit Card,False,0.0
1,2026-01-21 05:56:12.219276,Swiggy Delivery Hyderabad,150.0,Food,expense,UPI,False,0.0
1,2026-01-22 00:41:12.219276,Sunglasses purchase store,780.0,Shopping,expense,NetBanking,False,0.0
1,2026-01-22 11:25:12.219276,Laser tag game weekend,1084.0,Entertainment,expense,Credit Card,False,0.0
1,2026-01-22 00:40:12.219276,BookMyShow Movie Ticket PVR,381.0,Entertainment,expense,UPI,False,0.0
1,2026-01-22 01:13:12.219276,Pub weekend entry cover charge,1138.0,Entertainment,expense,Credit Card,False,0.0
1,2026-01-23 11:32:12.219276,ATM Cash withdrawal Self,491.0,Miscellaneous,expense,UPI,False,0.0
1,2026-01-23 04:15:12.219276,Water supply bill,1784.0,Bills,expense,UPI,False,0.0
1,2026-01-23 23:01:12.219276,Gift box wrapper,339.0,Miscellaneous,expense,NetBanking,False,0.0
1,2026-01-24 00:27:12.219276,Train Ticket IRCTC,207.0,Transport,expense,Credit Card,False,0.0
1,2026-01-24 00:38:12.219276,LUXURY DIAMOND RING JEWELLER,105755.0,Hostel,expense,Credit Card,True,93.35928551050412
1,2026-01-23 21:06:12.219276,Gas cylinder booking Indane,1086.0,Bills,expense,NetBanking,False,0.0
1,2026-01-25 09:39:12.219276,Gaming Zone Arcade Mall,311.0,Entertainment,expense,Cash,False,0.0
1,2026-01-24 19:40:12.219276,Cloud storage Google One,1394.0,Bills,expense,Credit Card,False,0.0
1,2026-01-24 22:24:12.219276,Laser tag game weekend,223.0,Entertainment,expense,UPI,False,0.0
1,2026-01-26 05:57:12.219276,Decathlon sports gear,2703.0,Shopping,expense,Credit Card,False,0.0
1,2026-01-26 11:19:12.219276,KFC Chicken meal,194.0,Food,expense,NetBanking,False,0.0
1,2026-01-26 07:27:12.219276,Lab manual printout charges,1449.0,Education,expense,NetBanking,False,0.0
1,2026-01-25 21:31:12.219276,Decathlon sports gear,2538.0,Shopping,expense,UPI,False,0.0
1,2026-01-26 23:33:12.219276,Spotify Premium monthly plan,670.0,Entertainment,expense,UPI,False,0.0
1,2026-01-27 21:33:12.219276,Jio Prepaid Mobile Recharge,1484.0,Bills,expense,Credit Card,False,0.0
1,2026-01-29 00:05:12.219276,Chai Tapri Tea & Samosa,310.0,Food,expense,Cash,False,0.0
1,2026-01-29 11:33:12.219276,Juice Shop hostel,104.0,Food,expense,Credit Card,False,0.0
1,2026-01-28 23:40:12.219276,Hostel laundry charges,95.0,Hostel,expense,UPI,False,0.0
1,2026-01-29 09:12:12.219276,Pub weekend entry cover charge,809.0,Entertainment,expense,Credit Card,False,0.0
1,2026-01-29 23:42:12.219276,Book Store college textbooks,1804.0,Shopping,expense,Credit Card,False,0.0
1,2026-01-31 01:46:12.219276,Sunglasses purchase store,2643.0,Shopping,expense,Cash,False,0.0
1,2026-01-31 01:06:12.219276,Car rental service,178.0,Transport,expense,UPI,False,0.0
1,2026-01-31 11:11:12.219276,Hostel warden room repair,132.0,Hostel,expense,NetBanking,False,0.0
1,2026-01-31 05:30:12.219276,Gift box wrapper,413.0,Miscellaneous,expense,Cash,False,0.0
1,2026-02-01 20:34:12.219276,Uncle birthday gift money,16744.0,Income,income,Bank Transfer,False,0.0
1,2026-02-02 21:18:12.219276,Zara retail mall,1573.0,Shopping,expense,UPI,False,0.0
1,2026-02-04 03:21:12.219276,Hostel Room Rent Monthly AC,141.0,Hostel,expense,UPI,False,0.0
1,2026-02-05 07:58:12.219276,Bike taxi Rapido,177.0,Transport,expense,UPI,False,0.0
1,2026-02-05 07:22:12.219276,LUXURY DIAMOND RING JEWELLER,104036.0,Entertainment,expense,UPI,True,76.28352820930765
1,2026-02-05 05:02:12.219276,Temple donation offering,428.0,Miscellaneous,expense,UPI,False,0.0
1,2026-02-05 21:34:12.219276,Pocket money Dad transfer,16220.0,Income,income,Bank Transfer,False,0.0
1,2026-02-06 03:42:12.219276,Student Mess Fees Monthly,100.0,Food,expense,Cash,False,0.0
1,2026-02-06 00:33:12.219276,CRITICAL SPIKE - Biryani House Restaurant,3150.0,Food,expense,UPI,True,81.65828345523948
1,2026-02-06 11:24:12.219276,Coaching class monthly fee,1380.0,Education,expense,NetBanking,False,0.0
1,2026-02-06 02:45:12.219276,Temple donation offering,233.0,Miscellaneous,expense,NetBanking,False,0.0
1,2026-02-07 06:48:12.219276,Student Mess Fees Monthly,358.0,Food,expense,UPI,False,0.0
1,2026-02-07 02:22:12.219276,Parking charges mall,199.0,Transport,expense,NetBanking,False,0.0
1,2026-02-06 23:16:12.219276,Temple donation offering,293.0,Miscellaneous,expense,UPI,False,0.0
1,2026-02-07 02:36:12.219276,Lab manual printout charges,1415.0,Education,expense,Cash,False,0.0
1,2026-02-07 20:32:12.219276,Spotify Premium monthly plan,940.0,Entertainment,expense,NetBanking,False,0.0
1,2026-02-08 10:05:12.219276,Hostel laundry charges,145.0,Hostel,expense,Cash,False,0.0
1,2026-02-08 22:34:12.219276,Coding gig client work,2304.0,Income,income,UPI,False,0.0
1,2026-02-10 09:27:12.219276,Hostel Room Rent Monthly AC,66.0,Hostel,expense,UPI,False,0.0
1,2026-02-09 22:21:12.219276,Starbucks Coffee,355.0,Food,expense,Credit Card,False,0.0
1,2026-02-09 21:38:12.219276,Swiggy Delivery Hyderabad,315.0,Food,expense,UPI,False,0.0
1,2026-02-10 03:32:12.219276,Dominos Pizza,208.0,Food,expense,Cash,False,0.0
1,2026-02-10 23:34:12.219276,Parents monthly allowance,21678.0,Income,income,Bank Transfer,False,0.0
1,2026-02-10 20:15:12.219276,Bowling Alley Arena,184.0,Entertainment,expense,UPI,False,0.0
1,2026-02-10 21:56:12.219276,ATM Cash withdrawal Self,437.0,Miscellaneous,expense,UPI,False,0.0
1,2026-02-10 21:52:12.219276,Hostel Room Rent Monthly AC,124.0,Hostel,expense,NetBanking,False,0.0
1,2026-02-12 02:42:12.219276,Laser tag game weekend,213.0,Entertainment,expense,Cash,False,0.0
1,2026-02-12 05:17:12.219276,Board game cafe bill,754.0,Entertainment,expense,UPI,False,0.0
1,2026-02-11 20:10:12.219276,College Tuition Fee Semester 1,1236.0,Education,expense,UPI,False,0.0
1,2026-02-13 02:00:12.219276,Hostel Room Rent Monthly AC,128.0,Hostel,expense,NetBanking,False,0.0
1,2026-02-13 03:46:12.219276,Hostel Security Deposit Refundable,91.0,Hostel,expense,Cash,False,0.0
1,2026-02-13 10:15:12.219276,Dominos Pizza,423.0,Food,expense,UPI,False,0.0
1,2026-02-12 22:46:12.219276,Hostel Room Rent Monthly AC,124.0,Hostel,expense,NetBanking,False,0.0
1,2026-02-13 22:31:12.219276,Scientific Calculator Casio,1442.0,Education,expense,NetBanking,False,0.0
1,2026-02-14 05:18:12.219276,Petrol Pump HP,278.0,Transport,expense,Cash,False,0.0
1,2026-02-14 08:44:12.219276,Friend Splitwise repayment,339.0,Miscellaneous,expense,NetBanking,False,0.0
1,2026-02-15 03:34:12.219276,Freelance Web Design payment,2824.0,Income,income,UPI,False,0.0
1,2026-02-15 09:56:12.219276,Coursera Certificate subscription,779.0,Education,expense,Credit Card,False,0.0
1,2026-02-14 22:27:12.219276,Stationery shop notebook,2659.0,Shopping,expense,Cash,False,0.0
1,2026-02-15 22:31:12.219276,Hostel Security Deposit Refundable,117.0,Hostel,expense,UPI,False,0.0
1,2026-02-17 03:34:12.219276,Social media management fee,2571.0,Income,income,UPI,False,0.0
1,2026-02-17 11:15:12.219276,Uber Auto Ride,312.0,Transport,expense,Cash,False,0.0
1,2026-02-17 04:42:12.219276,Maggie Point Gate 2,280.0,Food,expense,Cash,False,0.0
1,2026-02-16 20:16:12.219276,GitHub Copilot Subscription,2190.0,Bills,expense,NetBanking,False,0.0
1,2026-02-17 09:44:12.219276,Car rental service,114.0,Transport,expense,UPI,False,0.0
1,2026-02-18 03:22:12.219276,Local vegetable vendor,327.0,Food,expense,UPI,False,0.0
1,2026-02-17 21:16:12.219276,Jio Prepaid Mobile Recharge,357.0,Bills,expense,UPI,False,0.0
1,2026-02-17 20:36:12.219276,Bike taxi Rapido,214.0,Transport,expense,Credit Card,False,0.0
1,2026-02-18 04:11:12.219276,University Exam Fee,1167.0,Education,expense,NetBanking,False,0.0
1,2026-02-19 03:58:12.219276,Laser tag game weekend,898.0,Entertainment,expense,UPI,False,0.0
1,2026-02-20 11:24:12.219276,Hostel Room Heater Surcharge,140.0,Hostel,expense,NetBanking,False,0.0
1,2026-02-20 22:06:12.219276,Juice Shop hostel,151.0,Food,expense,UPI,False,0.0
1,2026-02-20 23:16:12.219276,Local thrift store jacket,1015.0,Shopping,expense,NetBanking,False,0.0
1,2026-02-21 11:04:12.219276,Shell Fuel Station,199.0,Transport,expense,Credit Card,False,0.0
1,2026-02-20 19:49:12.219276,Car rental service,112.0,Transport,expense,Credit Card,False,0.0
1,2026-02-22 05:34:12.219276,Freelance Web Design payment,2778.0,Income,income,UPI,False,0.0
1,2026-02-23 08:12:12.219276,Dominos Pizza,212.0,Food,expense,Cash,False,0.0
1,2026-02-25 10:44:12.219276,Starbucks Coffee,309.0,Food,expense,Credit Card,False,0.0
1,2026-02-25 01:13:12.219276,Shell Fuel Station,337.0,Transport,expense,Cash,False,0.0
1,2026-02-25 21:48:12.219276,Local vegetable vendor,431.0,Food,expense,Credit Card,False,0.0
1,2026-02-26 09:26:12.219276,Laser tag game weekend,420.0,Entertainment,expense,UPI,False,0.0
1,2026-02-27 22:39:12.219276,ATM Cash withdrawal Self,499.0,Miscellaneous,expense,Cash,False,0.0
1,2026-02-28 08:57:12.219276,Airtel broadband wifi,2308.0,Bills,expense,Credit Card,False,0.0
1,2026-02-28 07:56:12.219276,Local vegetable vendor,351.0,Food,expense,Credit Card,False,0.0
1,2026-02-27 23:01:12.219276,Gift box wrapper,439.0,Miscellaneous,expense,Cash,False,0.0
1,2026-03-01 08:50:12.219276,Ola Cab Booking,175.0,Transport,expense,Cash,False,0.0
1,2026-02-28 19:58:12.219276,Uber Auto Ride,33.0,Transport,expense,UPI,False,0.0
1,2026-03-01 00:01:12.219276,Toll plaza fee,191.0,Transport,expense,UPI,False,0.0
1,2026-03-01 22:34:12.219276,Uncle birthday gift money,24590.0,Income,income,Bank Transfer,False,0.0
1,2026-03-02 02:00:12.219276,Pub weekend entry cover charge,898.0,Entertainment,expense,Credit Card,False,0.0
1,2026-03-02 10:50:12.219276,Hostel laundry charges,192.0,Hostel,expense,NetBanking,False,0.0
1,2026-03-02 00:28:12.219276,Nike showroom sneakers,1810.0,Shopping,expense,Credit Card,False,0.0
1,2026-03-01 22:47:12.219276,Local vegetable vendor,197.0,Food,expense,UPI,False,0.0
1,2026-03-03 00:58:12.219276,PG accommodation rent,7355.0,Hostel,expense,UPI,False,0.0
1,2026-03-03 08:39:12.219276,Chai Tapri Tea & Samosa,126.0,Food,expense,Credit Card,False,0.0
1,2026-03-03 21:34:12.219276,Coding gig client work,527.0,Income,income,UPI,False,0.0
1,2026-03-03 21:23:12.219276,Pub weekend entry cover charge,736.0,Entertainment,expense,Cash,False,0.0
1,2026-03-04 04:46:12.219276,Supermarket Groceries,333.0,Food,expense,UPI,False,0.0
1,2026-03-04 01:17:12.219276,Chai Tapri Tea & Samosa,386.0,Food,expense,UPI,False,0.0
1,2026-03-04 22:34:12.219276,Part time tutoring kid,844.0,Income,income,UPI,False,0.0
1,2026-03-04 20:21:12.219276,Bowling Alley Arena,959.0,Entertainment,expense,UPI,False,0.0
1,2026-03-05 06:56:12.219276,Burger King combo,126.0,Food,expense,Cash,False,0.0
1,2026-03-05 21:34:12.219276,Parents monthly allowance,18707.0,Income,income,Bank Transfer,False,0.0
1,2026-03-05 23:09:12.219276,ATM Cash withdrawal Self,183.0,Miscellaneous,expense,Cash,False,0.0
1,2026-03-06 04:30:12.219276,Juice Shop hostel,230.0,Food,expense,UPI,False,0.0
1,2026-03-06 08:10:12.219276,Hostel laundry charges,197.0,Hostel,expense,Credit Card,False,0.0
1,2026-03-06 22:50:12.219276,Lab manual printout charges,1301.0,Education,expense,Credit Card,False,0.0
1,2026-03-08 03:34:12.219276,Freelance Web Design payment,1493.0,Income,income,UPI,False,0.0
1,2026-03-08 02:52:12.219276,PG accommodation rent,52.0,Hostel,expense,NetBanking,False,0.0
1,2026-03-07 22:09:12.219276,Student Mess Fees Monthly,424.0,Food,expense,NetBanking,False,0.0
1,2026-03-09 11:21:12.219276,Scientific Calculator Casio,1274.0,Education,expense,UPI,False,0.0
1,2026-03-09 02:46:12.219276,Local Bus Ticket,153.0,Transport,expense,UPI,False,0.0
1,2026-03-08 23:32:12.219276,Car rental service,212.0,Transport,expense,UPI,False,0.0
1,2026-03-10 05:34:12.219276,Credit card cash back reward,11.0,Income,income,System Wallet,False,0.0
1,2026-03-10 22:34:12.219276,Parents monthly allowance,21081.0,Income,income,Bank Transfer,False,0.0
1,2026-03-11 03:59:12.219276,Stationery shop notebook,1149.0,Shopping,expense,Cash,False,0.0
1,2026-03-11 11:08:12.219276,Car rental service,95.0,Transport,expense,Credit Card,False,0.0
1,2026-03-11 09:41:12.219276,Juice Shop hostel,257.0,Food,expense,UPI,False,0.0
1,2026-03-11 01:58:12.219276,Hostel Room Heater Surcharge,130.0,Hostel,expense,UPI,False,0.0
1,2026-03-12 04:04:12.219276,Coaching class monthly fee,483.0,Education,expense,UPI,False,0.0
1,2026-03-12 02:00:12.219276,Lost cash wallet,237.0,Miscellaneous,expense,Credit Card,False,0.0
1,2026-03-13 03:26:12.219276,Photocopy shop xerox notes,468.0,Education,expense,Cash,False,0.0
1,2026-03-13 09:28:12.219276,Local vegetable vendor,218.0,Food,expense,Cash,False,0.0
1,2026-03-14 00:31:12.219276,Noodles corner,84.0,Food,expense,Credit Card,False,0.0
1,2026-03-15 04:09:12.219276,Hostel warden room repair,130.0,Hostel,expense,NetBanking,False,0.0
1,2026-03-14 20:47:12.219276,ATM Cash withdrawal Self,253.0,Miscellaneous,expense,UPI,False,0.0
1,2026-03-15 05:50:12.219276,Stationery shop notebook,3836.0,Shopping,expense,Credit Card,False,0.0
1,2026-03-14 22:56:12.219276,Scientific Calculator Casio,627.0,Education,expense,Credit Card,False,0.0
1,2026-03-16 01:23:12.219276,Car rental service,324.0,Transport,expense,Cash,False,0.0
1,2026-03-16 10:30:12.219276,Shoppers Stop shoes,1731.0,Shopping,expense,Credit Card,False,0.0
1,2026-03-16 01:14:12.219276,Student Mess Fees Monthly,394.0,Food,expense,UPI,False,0.0
1,2026-03-15 21:44:12.219276,Photocopy shop xerox notes,1270.0,Education,expense,UPI,False,0.0
1,2026-03-17 10:23:12.219276,Library overdue book fine,1339.0,Education,expense,NetBanking,False,0.0
1,2026-03-16 19:42:12.219276,Coaching class monthly fee,1022.0,Education,expense,UPI,False,0.0
1,2026-03-17 22:33:12.219276,Starbucks Coffee,165.0,Food,expense,UPI,False,0.0
1,2026-03-17 21:40:12.219276,GitHub Copilot Subscription,320.0,Bills,expense,Credit Card,False,0.0
1,2026-03-19 05:02:12.219276,Supermarket Groceries,279.0,Food,expense,UPI,False,0.0
1,2026-03-20 06:29:12.219276,Hostel laundry charges,93.0,Hostel,expense,NetBanking,False,0.0
1,2026-03-21 01:11:12.219276,Decathlon sports gear,2222.0,Shopping,expense,Cash,False,0.0
1,2026-03-21 09:07:12.219276,Laundry detergent detergent shop,373.0,Miscellaneous,expense,Cash,False,0.0
1,2026-03-20 22:02:12.219276,Hostel Washing Machine Token,138.0,Hostel,expense,UPI,False,0.0
1,2026-03-20 19:34:12.219276,Shoppers Stop shoes,2088.0,Shopping,expense,NetBanking,False,0.0
1,2026-03-22 10:53:12.219276,Library overdue book fine,117.0,Education,expense,Credit Card,False,0.0
1,2026-03-22 21:34:12.219276,Cred cash back points,69.0,Income,income,System Wallet,False,0.0
1,2026-03-23 01:19:12.219276,Udemy Python Course,1248.0,Education,expense,UPI,False,0.0
1,2026-03-23 03:07:12.219276,Laser tag game weekend,601.0,Entertainment,expense,Credit Card,False,0.0
1,2026-03-23 04:00:12.219276,Gift box wrapper,400.0,Miscellaneous,expense,Cash,False,0.0
1,2026-03-23 10:13:12.219276,Ola Cab Booking,123.0,Transport,expense,UPI,False,0.0
1,2026-03-23 19:45:12.219276,Jio Prepaid Mobile Recharge,1413.0,Bills,expense,UPI,False,0.0
1,2026-03-23 19:48:12.219276,Campus Canteen Maggie,217.0,Food,expense,Credit Card,False,0.0
1,2026-03-24 08:53:12.219276,Dominos Pizza,87.0,Food,expense,NetBanking,False,0.0
1,2026-03-24 05:39:12.219276,Gas cylinder booking Indane,1999.0,Bills,expense,UPI,False,0.0
1,2026-03-25 00:46:12.219276,Campus Canteen Maggie,280.0,Food,expense,Credit Card,False,0.0
1,2026-03-26 08:23:12.219276,Netflix subscription premium,399.0,Entertainment,expense,UPI,False,0.0
1,2026-03-26 02:04:12.219276,Jio Prepaid Mobile Recharge,237.0,Bills,expense,UPI,False,0.0
1,2026-03-26 22:50:12.219276,Coursera Certificate subscription,186.0,Education,expense,Cash,False,0.0
1,2026-03-27 01:41:12.219276,Hostel Electricity surcharge,913.0,Bills,expense,UPI,False,0.0
1,2026-03-28 02:34:12.219276,College Tuition Fee Semester 1,665.0,Education,expense,Credit Card,False,0.0
1,2026-03-27 23:57:12.219276,Biryani House Restaurant,433.0,Food,expense,Cash,False,0.0
1,2026-03-28 06:33:12.219276,Starbucks Coffee,160.0,Food,expense,Cash,False,0.0
1,2026-03-29 23:34:12.219276,Social media management fee,639.0,Income,income,UPI,False,0.0
1,2026-03-30 10:20:12.219276,Petrol Pump HP,315.0,Transport,expense,NetBanking,False,0.0
1,2026-03-30 04:31:12.219276,Uber Auto Ride,223.0,Transport,expense,UPI,False,0.0
1,2026-03-30 10:46:12.219276,Noodles corner,441.0,Food,expense,NetBanking,False,0.0
1,2026-03-31 00:38:12.219276,Scientific Calculator Casio,663.0,Education,expense,Cash,False,0.0
1,2026-03-31 07:03:12.219276,Hostel Security Deposit Refundable,165.0,Hostel,expense,NetBanking,False,0.0
1,2026-03-30 20:13:12.219276,Chai Tapri Tea & Samosa,406.0,Food,expense,UPI,False,0.0
1,2026-03-31 07:46:12.219276,Coaching class monthly fee,229.0,Education,expense,Cash,False,0.0
1,2026-03-31 22:40:12.219276,Hostel Security Deposit Refundable,122.0,Hostel,expense,NetBanking,False,0.0
1,2026-04-01 01:29:12.219276,Hostel warden room repair,67.0,Hostel,expense,UPI,False,0.0
1,2026-03-31 21:10:12.219276,Starbucks Coffee,134.0,Food,expense,UPI,False,0.0
1,2026-04-01 23:34:12.219276,Uncle birthday gift money,21366.0,Income,income,Bank Transfer,False,0.0
1,2026-04-01 20:33:12.219276,Amazon shopping clothes,1900.0,Shopping,expense,UPI,False,0.0
1,2026-04-02 10:25:12.219276,Parking charges mall,281.0,Transport,expense,UPI,False,0.0
1,2026-04-02 07:24:12.219276,Maggie Point Gate 2,365.0,Food,expense,Credit Card,False,0.0
1,2026-04-01 22:27:12.219276,KFC Chicken meal,395.0,Food,expense,UPI,False,0.0
1,2026-04-03 07:46:12.219276,Hostel Room Rent Monthly AC,4914.0,Hostel,expense,Cash,False,0.0
1,2026-04-04 09:21:12.219276,Gift box wrapper,141.0,Miscellaneous,expense,Cash,False,0.0
1,2026-04-05 01:09:12.219276,Lab manual printout charges,974.0,Education,expense,UPI,False,0.0
1,2026-04-05 10:33:12.219276,Board game cafe bill,841.0,Entertainment,expense,Cash,False,0.0
1,2026-04-05 09:26:12.219276,Scientific Calculator Casio,764.0,Education,expense,Credit Card,False,0.0
1,2026-04-05 03:57:12.219276,Coaching class monthly fee,1217.0,Education,expense,Cash,False,0.0
1,2026-04-05 23:34:12.219276,Parents monthly allowance,22331.0,Income,income,Bank Transfer,False,0.0
1,2026-04-05 21:34:12.219276,Coding gig client work,2640.0,Income,income,UPI,False,0.0
1,2026-04-05 20:23:12.219276,CRITICAL SPIKE - Burger King combo,3510.0,Food,expense,NetBanking,True,94.60986063292002
1,2026-04-05 23:40:12.219276,Decathlon sports gear,2494.0,Shopping,expense,Cash,False,0.0
1,2026-04-06 07:30:12.219276,Noodles corner,262.0,Food,expense,NetBanking,False,0.0
1,2026-04-05 22:10:12.219276,Friend Splitwise repayment,169.0,Miscellaneous,expense,NetBanking,False,0.0
1,2026-04-07 11:26:12.219276,Local vegetable vendor,246.0,Food,expense,UPI,False,0.0
1,2026-04-08 07:39:12.219276,Biryani House Restaurant,408.0,Food,expense,Cash,False,0.0
1,2026-04-08 09:33:12.219276,Burger King combo,251.0,Food,expense,Credit Card,False,0.0
1,2026-04-07 20:14:12.219276,KFC Chicken meal,196.0,Food,expense,Cash,False,0.0
1,2026-04-07 23:54:12.219276,Netflix subscription premium,774.0,Entertainment,expense,NetBanking,False,0.0
1,2026-04-09 10:22:12.219276,Swiggy Delivery Hyderabad,424.0,Food,expense,Credit Card,False,0.0
1,2026-04-09 23:42:12.219276,Starbucks Coffee,301.0,Food,expense,Credit Card,False,0.0
1,2026-04-09 21:59:12.219276,University Exam Fee,200.0,Education,expense,NetBanking,False,0.0
1,2026-04-10 02:05:12.219276,Hostel Room Heater Surcharge,83.0,Hostel,expense,Credit Card,False,0.0
1,2026-04-10 02:49:12.219276,Pub weekend entry cover charge,551.0,Entertainment,expense,Cash,False,0.0
1,2026-04-10 23:34:12.219276,Pocket money Dad transfer,19362.0,Income,income,Bank Transfer,False,0.0
1,2026-04-11 06:46:12.219276,Zomato Order,423.0,Food,expense,NetBanking,False,0.0
1,2026-04-11 07:13:12.219276,Scientific Calculator Casio,149.0,Education,expense,UPI,False,0.0
1,2026-04-11 02:17:12.219276,Airtel broadband wifi,1904.0,Bills,expense,UPI,False,0.0
1,2026-04-11 03:13:12.219276,Coursera Certificate subscription,275.0,Education,expense,UPI,False,0.0
1,2026-04-12 10:04:12.219276,Maggie Point Gate 2,435.0,Food,expense,NetBanking,False,0.0
1,2026-04-12 02:08:12.219276,Maggie Point Gate 2,187.0,Food,expense,UPI,False,0.0
1,2026-04-13 08:11:12.219276,Hostel Room Heater Surcharge,86.0,Hostel,expense,UPI,False,0.0
1,2026-04-13 02:24:12.219276,Hostel Room Rent Monthly AC,115.0,Hostel,expense,NetBanking,False,0.0
1,2026-04-14 08:16:12.219276,Noodles corner,415.0,Food,expense,UPI,False,0.0
1,2026-04-13 22:35:12.219276,H&M jeans,3890.0,Shopping,expense,NetBanking,False,0.0
1,2026-04-15 06:05:12.219276,Shell Fuel Station,290.0,Transport,expense,UPI,False,0.0
1,2026-04-15 10:09:12.219276,Temple donation offering,95.0,Miscellaneous,expense,Cash,False,0.0
1,2026-04-15 06:05:12.219276,Swiggy Delivery Hyderabad,206.0,Food,expense,NetBanking,False,0.0
1,2026-04-16 03:06:12.219276,Maggie Point Gate 2,430.0,Food,expense,NetBanking,False,0.0
1,2026-04-18 08:16:12.219276,Juice Shop hostel,223.0,Food,expense,NetBanking,False,0.0
1,2026-04-18 03:00:12.219276,Zomato Order,275.0,Food,expense,Cash,False,0.0
1,2026-04-18 06:02:12.219276,Car rental service,108.0,Transport,expense,NetBanking,False,0.0
1,2026-04-18 23:53:12.219276,Biryani House Restaurant,357.0,Food,expense,UPI,False,0.0
1,2026-04-20 00:54:12.219276,Student Mess Fees Monthly,154.0,Food,expense,Cash,False,0.0
1,2026-04-20 00:54:12.219276,Juice Shop hostel,352.0,Food,expense,UPI,False,0.0
1,2026-04-20 08:53:12.219276,Local vegetable vendor,95.0,Food,expense,Credit Card,False,0.0
1,2026-04-19 23:45:12.219276,Hostel Electricity surcharge,722.0,Bills,expense,UPI,False,0.0
1,2026-04-21 00:34:12.219276,Credit card cash back reward,69.0,Income,income,System Wallet,False,0.0
1,2026-04-21 00:06:12.219276,Maggie Point Gate 2,120.0,Food,expense,Credit Card,False,0.0
1,2026-04-22 01:48:12.219276,Coursera Certificate subscription,1106.0,Education,expense,UPI,False,0.0
1,2026-04-22 03:21:12.219276,Student Mess Fees Monthly,87.0,Food,expense,Credit Card,False,0.0
1,2026-04-22 11:18:12.219276,Local Bus Ticket,63.0,Transport,expense,Credit Card,False,0.0
1,2026-04-23 08:20:12.219276,Shell Fuel Station,237.0,Transport,expense,Cash,False,0.0
1,2026-04-22 21:07:12.219276,Photocopy shop xerox notes,1271.0,Education,expense,Cash,False,0.0
1,2026-04-23 03:07:12.219276,Noodles corner,313.0,Food,expense,UPI,False,0.0
1,2026-04-25 05:03:12.219276,Starbucks Coffee,229.0,Food,expense,NetBanking,False,0.0
1,2026-04-25 00:03:12.219276,Student Mess Fees Monthly,230.0,Food,expense,UPI,False,0.0
1,2026-04-24 23:59:12.219276,Water supply bill,2150.0,Bills,expense,Cash,False,0.0
1,2026-04-25 02:30:12.219276,Bowling Alley Arena,1073.0,Entertainment,expense,Credit Card,False,0.0
1,2026-04-26 06:39:12.219276,Coursera Certificate subscription,353.0,Education,expense,Credit Card,False,0.0
1,2026-04-26 00:58:12.219276,Hostel warden room repair,148.0,Hostel,expense,Cash,False,0.0
1,2026-04-28 01:23:12.219276,Gift box wrapper,491.0,Miscellaneous,expense,UPI,False,0.0
1,2026-04-28 05:14:12.219276,Student Mess Fees Monthly,237.0,Food,expense,Credit Card,False,0.0
1,2026-04-29 10:05:12.219276,Uber Auto Ride,348.0,Transport,expense,UPI,False,0.0
1,2026-04-30 11:03:12.219276,Biryani House Restaurant,332.0,Food,expense,Cash,False,0.0
1,2026-04-30 03:30:12.219276,Amusement park ticket,312.0,Entertainment,expense,UPI,False,0.0
1,2026-04-29 20:45:12.219276,Hostel Washing Machine Token,192.0,Hostel,expense,UPI,False,0.0
1,2026-04-29 21:16:12.219276,Swiggy Delivery Hyderabad,414.0,Food,expense,UPI,False,0.0
1,2026-05-01 00:44:12.219276,Shoppers Stop shoes,759.0,Shopping,expense,Credit Card,False,0.0
1,2026-05-01 01:03:12.219276,Nike showroom sneakers,3107.0,Shopping,expense,Cash,False,0.0
1,2026-05-01 05:57:12.219276,Lost cash wallet,68.0,Miscellaneous,expense,NetBanking,False,0.0
1,2026-05-01 05:04:12.219276,Spotify Premium monthly plan,1025.0,Entertainment,expense,UPI,False,0.0
1,2026-05-01 22:34:12.219276,Pocket money Dad transfer,16999.0,Income,income,Bank Transfer,False,0.0
1,2026-05-01 22:04:12.219276,Hostel Security Deposit Refundable,103.0,Hostel,expense,UPI,False,0.0
1,2026-05-02 04:07:12.219276,Gift box wrapper,197.0,Miscellaneous,expense,NetBanking,False,0.0
1,2026-05-02 11:07:12.219276,Temple donation offering,231.0,Miscellaneous,expense,Cash,False,0.0
1,2026-05-02 19:41:12.219276,Airtel broadband wifi,1053.0,Bills,expense,UPI,False,0.0
1,2026-05-03 09:00:12.219276,Noodles corner,400.0,Food,expense,UPI,False,0.0
1,2026-05-02 20:14:12.219276,Maggie Point Gate 2,259.0,Food,expense,UPI,False,0.0
1,2026-05-04 06:23:12.219276,Myntra t-shirt purchase,1660.0,Shopping,expense,Cash,False,0.0
1,2026-05-03 20:27:12.219276,Zomato Order,431.0,Food,expense,Credit Card,False,0.0
1,2026-05-05 00:14:12.219276,Lab manual printout charges,172.0,Education,expense,Credit Card,False,0.0
1,2026-05-04 21:27:12.219276,GitHub Copilot Subscription,1472.0,Bills,expense,Credit Card,False,0.0
1,2026-05-05 22:34:12.219276,Uncle birthday gift money,19904.0,Income,income,Bank Transfer,False,0.0
1,2026-05-07 08:14:12.219276,University Exam Fee,674.0,Education,expense,NetBanking,False,0.0
1,2026-05-07 01:12:12.219276,Hostel laundry charges,92.0,Hostel,expense,Credit Card,False,0.0
1,2026-05-08 07:02:12.219276,College Tuition Fee Semester 1,277.0,Education,expense,UPI,False,0.0
1,2026-05-08 07:24:12.219276,Local thrift store jacket,2550.0,Shopping,expense,UPI,False,0.0
1,2026-05-09 05:34:12.219276,Part time tutoring kid,2017.0,Income,income,UPI,False,0.0
1,2026-05-10 05:23:12.219276,Starbucks Coffee,254.0,Food,expense,Cash,False,0.0
1,2026-05-09 23:47:12.219276,Coursera Certificate subscription,301.0,Education,expense,Cash,False,0.0
1,2026-05-09 22:34:12.219276,Noodles corner,278.0,Food,expense,Cash,False,0.0
1,2026-05-10 06:03:12.219276,Amazon shopping clothes,3214.0,Shopping,expense,UPI,False,0.0
1,2026-05-10 22:34:12.219276,Pocket money Dad transfer,16689.0,Income,income,Bank Transfer,False,0.0
1,2026-05-11 02:34:12.219276,Credit card cash back reward,63.0,Income,income,System Wallet,False,0.0
1,2026-05-10 22:51:12.219276,Auto Fare Cash,171.0,Transport,expense,Credit Card,False,0.0
1,2026-05-12 02:08:12.219276,Swiggy Delivery Hyderabad,398.0,Food,expense,UPI,False,0.0
1,2026-05-12 02:44:12.219276,Academic Journal Subscription,389.0,Education,expense,NetBanking,False,0.0
1,2026-05-12 21:34:12.219276,Credit card cash back reward,123.0,Income,income,System Wallet,False,0.0
1,2026-05-12 20:39:12.219276,Noodles corner,425.0,Food,expense,Credit Card,False,0.0
1,2026-05-14 06:53:12.219276,Temple donation offering,372.0,Miscellaneous,expense,Credit Card,False,0.0
1,2026-05-15 09:40:12.219276,Hostel Room Rent Monthly AC,169.0,Hostel,expense,UPI,False,0.0
1,2026-05-16 04:32:12.219276,Jio Prepaid Mobile Recharge,1016.0,Bills,expense,Cash,False,0.0
1,2026-05-16 10:05:12.219276,Photocopy shop xerox notes,1462.0,Education,expense,NetBanking,False,0.0
1,2026-05-16 10:28:12.219276,Zomato Order,323.0,Food,expense,Credit Card,False,0.0
1,2026-05-16 22:54:12.219276,Temple donation offering,115.0,Miscellaneous,expense,Credit Card,False,0.0
1,2026-05-17 09:59:12.219276,Hostel warden room repair,68.0,Hostel,expense,Cash,False,0.0
1,2026-05-18 07:38:12.219276,Friend Splitwise repayment,330.0,Miscellaneous,expense,Credit Card,False,0.0
1,2026-05-19 01:16:12.219276,Laser tag game weekend,850.0,Entertainment,expense,UPI,False,0.0
1,2026-05-18 23:11:12.219276,Local vegetable vendor,444.0,Food,expense,Credit Card,False,0.0
1,2026-05-19 00:53:12.219276,Laundry detergent detergent shop,216.0,Miscellaneous,expense,Credit Card,False,0.0
1,2026-05-19 07:54:12.219276,Spotify Premium monthly plan,372.0,Entertainment,expense,Cash,False,0.0
1,2026-05-21 04:58:12.219276,CRITICAL SPIKE - Gift box wrapper,6960.0,Miscellaneous,expense,Credit Card,True,73.6681338513049
2,2025-05-21 09:19:12.219276,Gaming Zone Arcade Mall,798.0,Entertainment,expense,NetBanking,False,0.0
2,2025-05-20 12:57:12.219276,MIDNIGHT SUSPICIOUS - Water supply bill,7458.0,Bills,expense,UPI,True,94.66054121226517
2,2025-05-20 23:29:12.219276,ATM Cash withdrawal Self,50.0,Miscellaneous,expense,NetBanking,False,0.0
2,2025-05-23 02:16:12.219276,Cough syrup & vitamins,983.0,Healthcare,expense,Credit Card,False,0.0
2,2025-05-23 07:27:12.219276,Stationery shop notebook,969.0,Shopping,expense,Credit Card,False,0.0
2,2025-05-22 23:34:12.219276,Student health insurance premium,790.0,Healthcare,expense,UPI,False,0.0
2,2025-05-23 08:42:12.219276,Parking charges mall,38.0,Transport,expense,Credit Card,False,0.0
2,2025-05-24 01:03:12.219276,Travel agent booking ticket,6951.0,Travel,expense,Cash,False,0.0
2,2025-05-24 06:48:12.219276,Laundry detergent detergent shop,332.0,Miscellaneous,expense,Credit Card,False,0.0
2,2025-05-24 04:00:12.219276,LUXURY DIAMOND RING JEWELLER,90515.0,Shopping,expense,Cash,True,82.4539240909375
2,2025-05-24 23:11:12.219276,Electricity bill board,255.0,Bills,expense,NetBanking,False,0.0
2,2025-05-25 04:03:12.219276,Travel agent booking ticket,2655.0,Travel,expense,Cash,False,0.0
2,2025-05-25 03:04:12.219276,ATM Cash withdrawal Self,317.0,Miscellaneous,expense,UPI,False,0.0
2,2025-05-24 21:31:12.219276,Parking charges mall,306.0,Transport,expense,NetBanking,False,0.0
2,2025-05-27 04:44:12.219276,Luggage bag purchase Safari,4715.0,Travel,expense,NetBanking,False,0.0
2,2025-05-27 03:37:12.219276,Local vegetable vendor,385.0,Food,expense,Cash,False,0.0
2,2025-05-26 19:52:12.219276,Luggage bag purchase Safari,3385.0,Travel,expense,NetBanking,False,0.0
2,2025-05-27 03:42:12.219276,MakeMyTrip flight Bangalore to Delhi,3038.0,Travel,expense,NetBanking,False,0.0
2,2025-05-28 00:16:12.219276,Electricity bill board,556.0,Bills,expense,Cash,False,0.0
2,2025-05-28 10:45:12.219276,Hotel room booking OYO,3436.0,Travel,expense,UPI,False,0.0
2,2025-05-31 03:16:12.219276,Stationery shop notebook,3483.0,Shopping,expense,Credit Card,False,0.0
2,2025-05-31 06:37:12.219276,Travel agent booking ticket,7223.0,Travel,expense,Cash,False,0.0
2,2025-05-31 10:53:12.219276,Water supply bill,315.0,Bills,expense,Credit Card,False,0.0
2,2025-05-31 10:50:12.219276,Travel agent booking ticket,6362.0,Travel,expense,Credit Card,False,0.0
2,2025-05-31 20:40:12.219276,Campus Canteen Maggie,309.0,Food,expense,NetBanking,False,0.0
2,2025-06-01 03:55:12.219276,Gift box wrapper,231.0,Miscellaneous,expense,Credit Card,False,0.0
2,2025-06-01 08:03:12.219276,Hostel Electricity surcharge,502.0,Bills,expense,Cash,False,0.0
2,2025-06-01 21:34:12.219276,TCS Payroll credit,84061.0,Income,income,Bank Transfer,False,0.0
2,2025-06-01 20:00:12.219276,GitHub Copilot Subscription,143.0,Bills,expense,UPI,False,0.0
2,2025-06-03 21:37:12.219276,Concert ticket EDM show,665.0,Entertainment,expense,UPI,False,0.0
2,2025-06-03 22:28:12.219276,Pub weekend entry cover charge,399.0,Entertainment,expense,UPI,False,0.0
2,2025-06-05 10:16:12.219276,Myntra t-shirt purchase,3249.0,Shopping,expense,NetBanking,False,0.0
2,2025-06-05 09:18:12.219276,Parking charges mall,262.0,Transport,expense,NetBanking,False,0.0
2,2025-06-04 20:58:12.219276,Hostel Electricity surcharge,763.0,Bills,expense,NetBanking,False,0.0
2,2025-06-05 20:34:12.219276,Stipend Internship Google,70900.0,Income,income,Bank Transfer,False,0.0
2,2025-06-06 07:45:12.219276,Stationery shop notebook,684.0,Shopping,expense,UPI,False,0.0
2,2025-06-06 02:13:12.219276,MakeMyTrip flight Bangalore to Delhi,3178.0,Travel,expense,Credit Card,False,0.0
2,2025-06-07 04:23:12.219276,Water supply bill,242.0,Bills,expense,Cash,False,0.0
2,2025-06-06 21:16:12.219276,MakeMyTrip flight Bangalore to Delhi,6077.0,Travel,expense,UPI,False,0.0
2,2025-06-06 20:06:12.219276,General Physician consultation fee,510.0,Healthcare,expense,Credit Card,False,0.0
2,2025-06-08 02:34:12.219276,Airbnb stay vacation room,5308.0,Travel,expense,UPI,False,0.0
2,2025-06-08 06:17:12.219276,Multivitamins health supplements,448.0,Healthcare,expense,NetBanking,False,0.0
2,2025-06-08 07:08:12.219276,DTH TV recharge Tata Sky,326.0,Bills,expense,UPI,False,0.0
2,2025-06-08 20:58:12.219276,Train Ticket IRCTC,178.0,Transport,expense,UPI,False,0.0
2,2025-06-09 10:39:12.219276,Concert ticket EDM show,948.0,Entertainment,expense,NetBanking,False,0.0
2,2025-06-10 03:05:12.219276,BookMyShow Movie Ticket PVR,223.0,Entertainment,expense,Cash,False,0.0
2,2025-06-10 09:35:12.219276,Dentist consultation clinic,1307.0,Healthcare,expense,Credit Card,False,0.0
2,2025-06-10 07:41:12.219276,Maggie Point Gate 2,108.0,Food,expense,UPI,False,0.0
2,2025-06-10 23:34:12.219276,TCS Payroll credit,86447.0,Income,income,Bank Transfer,False,0.0
2,2025-06-10 21:21:12.219276,Sunglasses purchase store,2773.0,Shopping,expense,UPI,False,0.0
2,2025-06-10 20:49:12.219276,Stationery shop notebook,3078.0,Shopping,expense,Cash,False,0.0
2,2025-06-10 23:03:12.219276,Amazon shopping clothes,1105.0,Shopping,expense,NetBanking,False,0.0
2,2025-06-10 23:05:12.219276,Nike showroom sneakers,661.0,Shopping,expense,UPI,False,0.0
2,2025-06-12 05:41:12.219276,Spotify Premium monthly plan,565.0,Entertainment,expense,Credit Card,False,0.0
2,2025-06-11 21:11:12.219276,Friend Splitwise repayment,214.0,Miscellaneous,expense,UPI,False,0.0
2,2025-06-12 08:44:12.219276,Shoppers Stop shoes,658.0,Shopping,expense,UPI,False,0.0
2,2025-06-11 20:42:12.219276,GitHub Copilot Subscription,775.0,Bills,expense,Cash,False,0.0
2,2025-06-12 19:34:12.219276,Student health insurance premium,232.0,Healthcare,expense,UPI,False,0.0
2,2025-06-13 09:18:12.219276,Myntra t-shirt purchase,3294.0,Shopping,expense,NetBanking,False,0.0
2,2025-06-13 10:00:12.219276,Travel agent booking ticket,3039.0,Travel,expense,NetBanking,False,0.0
2,2025-06-12 22:14:12.219276,BookMyShow Movie Ticket PVR,227.0,Entertainment,expense,Credit Card,False,0.0
2,2025-06-13 23:07:12.219276,DTH TV recharge Tata Sky,118.0,Bills,expense,UPI,False,0.0
2,2025-06-14 03:03:12.219276,Car rental service,215.0,Transport,expense,Cash,False,0.0
2,2025-06-15 11:05:12.219276,Electricity bill board,893.0,Bills,expense,UPI,False,0.0
2,2025-06-17 03:34:12.219276,Cred cash back points,63.0,Income,income,System Wallet,False,0.0
2,2025-06-17 00:44:12.219276,Cloud storage Google One,277.0,Bills,expense,UPI,False,0.0
2,2025-06-17 10:11:12.219276,Noodles corner,343.0,Food,expense,UPI,False,0.0
2,2025-06-18 02:40:12.219276,Bowling Alley Arena,621.0,Entertainment,expense,NetBanking,False,0.0
2,2025-06-17 22:04:12.219276,Laser tag game weekend,559.0,Entertainment,expense,UPI,False,0.0
2,2025-06-18 09:45:12.219276,MakeMyTrip flight Bangalore to Delhi,5570.0,Travel,expense,Cash,False,0.0
2,2025-06-19 01:55:12.219276,Travel agent booking ticket,3590.0,Travel,expense,NetBanking,False,0.0
2,2025-06-20 10:00:12.219276,Campus Canteen Maggie,149.0,Food,expense,Credit Card,False,0.0
2,2025-06-20 01:24:12.219276,Shoppers Stop shoes,1300.0,Shopping,expense,Cash,False,0.0
2,2025-06-20 09:28:12.219276,Nike showroom sneakers,2664.0,Shopping,expense,UPI,False,0.0
2,2025-06-20 11:27:12.219276,Laundry detergent detergent shop,491.0,Miscellaneous,expense,Cash,False,0.0
2,2025-06-22 00:32:12.219276,Bowling Alley Arena,1039.0,Entertainment,expense,Cash,False,0.0
2,2025-06-24 21:34:12.219276,Credit card cash back reward,139.0,Income,income,System Wallet,False,0.0
2,2025-06-25 10:05:12.219276,Laundry detergent detergent shop,295.0,Miscellaneous,expense,UPI,False,0.0
2,2025-06-25 01:42:12.219276,Spotify Premium monthly plan,175.0,Entertainment,expense,Credit Card,False,0.0
2,2025-06-24 20:04:12.219276,Hostel Electricity surcharge,1079.0,Bills,expense,UPI,False,0.0
2,2025-06-26 10:23:12.219276,Luggage bag purchase Safari,6781.0,Travel,expense,Credit Card,False,0.0
2,2025-06-26 21:58:12.219276,Shoppers Stop shoes,2967.0,Shopping,expense,UPI,False,0.0
2,2025-06-27 02:24:12.219276,GitHub Copilot Subscription,233.0,Bills,expense,NetBanking,False,0.0
2,2025-06-27 07:30:12.219276,Car rental service,201.0,Transport,expense,UPI,False,0.0
2,2025-06-27 21:34:12.219276,Cred cash back points,129.0,Income,income,System Wallet,False,0.0
2,2025-06-28 01:42:12.219276,Airtel broadband wifi,2388.0,Bills,expense,Cash,False,0.0
2,2025-06-28 02:22:12.219276,Jio Prepaid Mobile Recharge,2310.0,Bills,expense,Credit Card,False,0.0
2,2025-06-29 03:37:12.219276,Gas cylinder booking Indane,1195.0,Bills,expense,Credit Card,False,0.0
2,2025-06-30 05:34:12.219276,Cred cash back points,134.0,Income,income,System Wallet,False,0.0
2,2025-06-30 05:02:12.219276,Train Ticket IRCTC,302.0,Transport,expense,Cash,False,0.0
2,2025-06-29 21:39:12.219276,Water supply bill,871.0,Bills,expense,Credit Card,False,0.0
2,2025-06-29 22:44:12.219276,Student health insurance premium,790.0,Healthcare,expense,UPI,False,0.0
2,2025-06-29 19:52:12.219276,Water supply bill,706.0,Bills,expense,UPI,False,0.0
2,2025-07-01 04:46:12.219276,Stationery shop notebook,1820.0,Shopping,expense,UPI,False,0.0
2,2025-07-01 06:00:12.219276,Uber Auto Ride,148.0,Transport,expense,Cash,False,0.0
2,2025-07-01 10:03:12.219276,Gas cylinder booking Indane,2091.0,Bills,expense,Cash,False,0.0
2,2025-07-01 03:04:12.219276,Airtel broadband wifi,1355.0,Bills,expense,NetBanking,False,0.0
2,2025-07-01 20:34:12.219276,Wipro software engineer salary,69441.0,Income,income,Bank Transfer,False,0.0
2,2025-07-02 04:45:12.219276,RedBus booking home town,7067.0,Travel,expense,Cash,False,0.0
2,2025-07-02 00:49:12.219276,Sunglasses purchase store,3237.0,Shopping,expense,UPI,False,0.0
2,2025-07-02 21:16:12.219276,Stationery shop notebook,1466.0,Shopping,expense,UPI,False,0.0
2,2025-07-03 01:08:12.219276,Gas cylinder booking Indane,705.0,Bills,expense,Cash,False,0.0
2,2025-07-05 06:15:12.219276,Stationery shop notebook,1711.0,Shopping,expense,Cash,False,0.0
2,2025-07-05 00:25:12.219276,Cloud storage Google One,1287.0,Bills,expense,Cash,False,0.0
2,2025-07-04 20:42:12.219276,Hotel room booking OYO,7645.0,Travel,expense,Credit Card,False,0.0
2,2025-07-05 22:34:12.219276,Infosys Salary account credit,63829.0,Income,income,Bank Transfer,False,0.0
2,2025-07-05 22:34:12.219276,TA Stipend College Dept,1663.0,Income,income,UPI,False,0.0
2,2025-07-06 03:24:12.219276,Biryani House Restaurant,408.0,Food,expense,Cash,False,0.0
2,2025-07-05 22:06:12.219276,Jio Prepaid Mobile Recharge,192.0,Bills,expense,Credit Card,False,0.0
2,2025-07-07 07:43:12.219276,GitHub Copilot Subscription,329.0,Bills,expense,NetBanking,False,0.0
2,2025-07-07 06:56:12.219276,Cough syrup & vitamins,990.0,Healthcare,expense,NetBanking,False,0.0
2,2025-07-07 09:25:12.219276,Cloud storage Google One,2397.0,Bills,expense,Credit Card,False,0.0
2,2025-07-07 21:43:12.219276,Gym membership monthly fee,485.0,Healthcare,expense,Cash,False,0.0
2,2025-07-09 07:39:12.219276,Lost cash wallet,83.0,Miscellaneous,expense,Cash,False,0.0
2,2025-07-09 01:09:12.219276,Student Mess Fees Monthly,407.0,Food,expense,Credit Card,False,0.0
2,2025-07-09 01:45:12.219276,Travel agent booking ticket,6652.0,Travel,expense,UPI,False,0.0
2,2025-07-10 05:05:12.219276,Laundry detergent detergent shop,71.0,Miscellaneous,expense,NetBanking,False,0.0
2,2025-07-09 23:50:12.219276,Gift box wrapper,287.0,Miscellaneous,expense,UPI,False,0.0
2,2025-07-10 23:34:12.219276,Wipro software engineer salary,80989.0,Income,income,Bank Transfer,False,0.0
2,2025-07-10 19:41:12.219276,Student health insurance premium,1207.0,Healthcare,expense,UPI,False,0.0
2,2025-07-11 11:10:12.219276,Cloud storage Google One,373.0,Bills,expense,NetBanking,False,0.0
2,2025-07-11 20:28:12.219276,Travel agent booking ticket,2979.0,Travel,expense,Cash,False,0.0
2,2025-07-12 10:30:12.219276,Airtel broadband wifi,2482.0,Bills,expense,NetBanking,False,0.0
2,2025-07-12 20:52:12.219276,Amazon shopping clothes,1516.0,Shopping,expense,NetBanking,False,0.0
2,2025-07-12 23:12:12.219276,GitHub Copilot Subscription,414.0,Bills,expense,UPI,False,0.0
2,2025-07-13 23:08:12.219276,Gas cylinder booking Indane,1333.0,Bills,expense,NetBanking,False,0.0
2,2025-07-14 07:23:12.219276,Airtel broadband wifi,152.0,Bills,expense,NetBanking,False,0.0
2,2025-07-13 22:47:12.219276,Airbnb stay vacation room,4787.0,Travel,expense,UPI,False,0.0
2,2025-07-13 23:00:12.219276,Decathlon sports gear,1305.0,Shopping,expense,Cash,False,0.0
2,2025-07-16 00:26:12.219276,Noodles corner,258.0,Food,expense,NetBanking,False,0.0
2,2025-07-16 22:48:12.219276,Lost cash wallet,138.0,Miscellaneous,expense,UPI,False,0.0
2,2025-07-16 23:47:12.219276,Sunglasses purchase store,983.0,Shopping,expense,NetBanking,False,0.0
2,2025-07-16 21:35:12.219276,Myntra t-shirt purchase,2140.0,Shopping,expense,UPI,False,0.0
2,2025-07-16 21:04:12.219276,Airbnb stay vacation room,2348.0,Travel,expense,UPI,False,0.0
2,2025-07-17 23:32:12.219276,Zomato Order,234.0,Food,expense,UPI,False,0.0
2,2025-07-17 19:39:12.219276,Pub weekend entry cover charge,559.0,Entertainment,expense,NetBanking,False,0.0
2,2025-07-19 03:06:12.219276,Gas cylinder booking Indane,757.0,Bills,expense,Cash,False,0.0
2,2025-07-19 02:19:12.219276,Ola Cab Booking,326.0,Transport,expense,Cash,False,0.0
2,2025-07-20 02:32:12.219276,Decathlon sports gear,417.0,Shopping,expense,UPI,False,0.0
2,2025-07-20 01:02:12.219276,Gift box wrapper,293.0,Miscellaneous,expense,Cash,False,0.0
2,2025-07-21 23:22:12.219276,Gym membership monthly fee,638.0,Healthcare,expense,Credit Card,False,0.0
2,2025-07-22 11:22:12.219276,Water supply bill,2008.0,Bills,expense,UPI,False,0.0
2,2025-07-22 22:58:12.219276,Gift box wrapper,70.0,Miscellaneous,expense,Credit Card,False,0.0
2,2025-07-23 03:09:12.219276,Cloud storage Google One,1377.0,Bills,expense,Credit Card,False,0.0
2,2025-07-24 00:34:12.219276,Spotify Premium monthly plan,1124.0,Entertainment,expense,NetBanking,False,0.0
2,2025-07-23 21:41:12.219276,Travel agent booking ticket,2861.0,Travel,expense,Cash,False,0.0
2,2025-07-24 00:38:12.219276,Book Store college textbooks,2040.0,Shopping,expense,UPI,False,0.0
2,2025-07-25 10:51:12.219276,Jio Prepaid Mobile Recharge,1755.0,Bills,expense,Credit Card,False,0.0
2,2025-07-26 08:05:12.219276,DTH TV recharge Tata Sky,1558.0,Bills,expense,Cash,False,0.0
2,2025-07-25 22:50:12.219276,Lost cash wallet,125.0,Miscellaneous,expense,UPI,False,0.0
2,2025-07-25 19:40:12.219276,Airbnb stay vacation room,3890.0,Travel,expense,UPI,False,0.0
2,2025-07-26 00:58:12.219276,KFC Chicken meal,114.0,Food,expense,UPI,False,0.0
2,2025-07-27 11:24:12.219276,Flipkart electronics gadget,2947.0,Shopping,expense,UPI,False,0.0
2,2025-07-27 04:08:12.219276,RedBus booking home town,4404.0,Travel,expense,Credit Card,False,0.0
2,2025-07-27 22:58:12.219276,ATM Cash withdrawal Self,441.0,Miscellaneous,expense,Credit Card,False,0.0
2,2025-07-27 20:45:12.219276,Hotel room booking OYO,5082.0,Travel,expense,UPI,False,0.0
2,2025-07-28 11:01:12.219276,Gift box wrapper,490.0,Miscellaneous,expense,UPI,False,0.0
2,2025-07-28 11:16:12.219276,Flipkart electronics gadget,3331.0,Shopping,expense,UPI,False,0.0
2,2025-07-28 20:59:12.219276,Airbnb stay vacation room,6605.0,Travel,expense,Cash,False,0.0
2,2025-07-29 04:54:12.219276,Cloud storage Google One,1647.0,Bills,expense,NetBanking,False,0.0
2,2025-07-29 07:25:12.219276,Swiggy Delivery Hyderabad,382.0,Food,expense,NetBanking,False,0.0
2,2025-07-29 08:56:12.219276,Chai Tapri Tea & Samosa,400.0,Food,expense,UPI,False,0.0
2,2025-07-29 22:32:12.219276,Electricity bill board,1100.0,Bills,expense,NetBanking,False,0.0
2,2025-07-30 05:36:12.219276,Auto Fare Cash,88.0,Transport,expense,UPI,False,0.0
2,2025-07-30 03:35:12.219276,Travel agent booking ticket,5460.0,Travel,expense,Credit Card,False,0.0
2,2025-07-30 23:25:12.219276,Maggie Point Gate 2,273.0,Food,expense,NetBanking,False,0.0
2,2025-07-31 11:06:12.219276,MakeMyTrip flight Bangalore to Delhi,7659.0,Travel,expense,NetBanking,False,0.0
2,2025-07-31 02:05:12.219276,Airtel broadband wifi,1326.0,Bills,expense,Credit Card,False,0.0
2,2025-07-31 05:10:12.219276,Bike taxi Rapido,139.0,Transport,expense,UPI,False,0.0
2,2025-08-01 03:38:12.219276,Toll plaza fee,326.0,Transport,expense,NetBanking,False,0.0
2,2025-08-01 23:34:12.219276,Infosys Salary account credit,86253.0,Income,income,Bank Transfer,False,0.0
2,2025-08-02 09:16:12.219276,Parking charges mall,184.0,Transport,expense,NetBanking,False,0.0
2,2025-08-02 10:16:12.219276,Lost cash wallet,152.0,Miscellaneous,expense,NetBanking,False,0.0
2,2025-08-03 10:47:12.219276,Supermarket Groceries,440.0,Food,expense,UPI,False,0.0
2,2025-08-04 01:57:12.219276,GitHub Copilot Subscription,1876.0,Bills,expense,UPI,False,0.0
2,2025-08-04 09:00:12.219276,RedBus booking home town,3969.0,Travel,expense,NetBanking,False,0.0
2,2025-08-04 05:15:12.219276,Water supply bill,933.0,Bills,expense,NetBanking,False,0.0
2,2025-08-04 19:49:12.219276,Laser tag game weekend,638.0,Entertainment,expense,UPI,False,0.0
2,2025-08-05 09:15:12.219276,Cloud storage Google One,2088.0,Bills,expense,Credit Card,False,0.0
2,2025-08-05 04:24:12.219276,Starbucks Coffee,161.0,Food,expense,UPI,False,0.0
2,2025-08-05 11:24:12.219276,GitHub Copilot Subscription,820.0,Bills,expense,UPI,False,0.0
2,2025-08-05 20:34:12.219276,Monthly Salary Net Credit,61812.0,Income,income,Bank Transfer,False,0.0
2,2025-08-06 08:27:12.219276,Shell Fuel Station,216.0,Transport,expense,UPI,False,0.0
2,2025-08-05 23:07:12.219276,Local thrift store jacket,858.0,Shopping,expense,Cash,False,0.0
2,2025-08-06 23:23:12.219276,Lost cash wallet,304.0,Miscellaneous,expense,UPI,False,0.0
2,2025-08-07 08:47:12.219276,Gas cylinder booking Indane,2493.0,Bills,expense,UPI,False,0.0
2,2025-08-07 10:00:12.219276,Myntra t-shirt purchase,1117.0,Shopping,expense,NetBanking,False,0.0
2,2025-08-07 06:08:12.219276,Electricity bill board,2108.0,Bills,expense,UPI,False,0.0
2,2025-08-08 04:35:12.219276,Airtel broadband wifi,1586.0,Bills,expense,NetBanking,False,0.0
2,2025-08-09 02:50:12.219276,KFC Chicken meal,419.0,Food,expense,UPI,False,0.0
2,2025-08-08 23:08:12.219276,Laundry detergent detergent shop,208.0,Miscellaneous,expense,NetBanking,False,0.0
2,2025-08-08 13:53:12.219276,MIDNIGHT SUSPICIOUS - Amusement park ticket,2835.0,Entertainment,expense,NetBanking,True,94.01869919020227
2,2025-08-08 20:51:12.219276,BookMyShow Movie Ticket PVR,1048.0,Entertainment,expense,Credit Card,False,0.0
2,2025-08-10 09:30:12.219276,Travel agent booking ticket,5382.0,Travel,expense,NetBanking,False,0.0
2,2025-08-10 09:12:12.219276,Metro Card Recharge Metro Station,163.0,Transport,expense,NetBanking,False,0.0
2,2025-08-09 21:15:12.219276,Gift box wrapper,217.0,Miscellaneous,expense,UPI,False,0.0
2,2025-08-10 23:34:12.219276,TCS Payroll credit,80648.0,Income,income,Bank Transfer,False,0.0
2,2025-08-10 21:41:12.219276,Student Mess Fees Monthly,182.0,Food,expense,NetBanking,False,0.0
2,2025-08-12 10:04:12.219276,Nike showroom sneakers,3208.0,Shopping,expense,NetBanking,False,0.0
2,2025-08-12 04:46:12.219276,Flipkart electronics gadget,1110.0,Shopping,expense,NetBanking,False,0.0
2,2025-08-12 02:35:12.219276,Shell Fuel Station,218.0,Transport,expense,Credit Card,False,0.0
2,2025-08-11 22:03:12.219276,Burger King combo,365.0,Food,expense,UPI,False,0.0
2,2025-08-12 23:39:12.219276,Student Mess Fees Monthly,396.0,Food,expense,NetBanking,False,0.0
2,2025-08-14 10:41:12.219276,Uber Auto Ride,299.0,Transport,expense,Credit Card,False,0.0
2,2025-08-15 00:01:12.219276,Concert ticket EDM show,739.0,Entertainment,expense,Credit Card,False,0.0
2,2025-08-15 23:35:12.219276,Concert ticket EDM show,537.0,Entertainment,expense,Credit Card,False,0.0
2,2025-08-16 07:11:12.219276,Hostel Electricity surcharge,1064.0,Bills,expense,UPI,False,0.0
2,2025-08-16 08:17:12.219276,MakeMyTrip flight Bangalore to Delhi,2084.0,Travel,expense,NetBanking,False,0.0
2,2025-08-15 21:40:12.219276,Laser tag game weekend,1016.0,Entertainment,expense,NetBanking,False,0.0
2,2025-08-17 20:34:12.219276,Hotel room booking OYO,6967.0,Travel,expense,Cash,False,0.0
2,2025-08-18 21:11:12.219276,General Physician consultation fee,1008.0,Healthcare,expense,UPI,False,0.0
2,2025-08-19 09:42:12.219276,Flipkart electronics gadget,1095.0,Shopping,expense,NetBanking,False,0.0
2,2025-08-18 22:54:12.219276,Petrol Pump HP,301.0,Transport,expense,NetBanking,False,0.0
2,2025-08-19 07:33:12.219276,Dominos Pizza,335.0,Food,expense,NetBanking,False,0.0
2,2025-08-20 06:21:12.219276,GitHub Copilot Subscription,1382.0,Bills,expense,UPI,False,0.0
2,2025-08-19 20:46:12.219276,RedBus booking home town,6552.0,Travel,expense,Credit Card,False,0.0
2,2025-08-21 08:41:12.219276,Amazon shopping clothes,2326.0,Shopping,expense,Credit Card,False,0.0
2,2025-08-22 11:03:12.219276,Noodles corner,262.0,Food,expense,Cash,False,0.0
2,2025-08-22 06:39:12.219276,MakeMyTrip flight Bangalore to Delhi,7896.0,Travel,expense,UPI,False,0.0
2,2025-08-22 04:10:12.219276,Concert ticket EDM show,519.0,Entertainment,expense,Cash,False,0.0
2,2025-08-23 01:00:12.219276,Pub weekend entry cover charge,158.0,Entertainment,expense,Cash,False,0.0
2,2025-08-22 19:52:12.219276,Local Bus Ticket,285.0,Transport,expense,NetBanking,False,0.0
2,2025-08-23 05:43:12.219276,Shell Fuel Station,221.0,Transport,expense,UPI,False,0.0
2,2025-08-23 10:14:12.219276,Zomato Order,315.0,Food,expense,Credit Card,False,0.0
2,2025-08-24 06:20:12.219276,Maggie Point Gate 2,102.0,Food,expense,Credit Card,False,0.0
2,2025-08-24 06:25:12.219276,Local thrift store jacket,3935.0,Shopping,expense,NetBanking,False,0.0
2,2025-08-24 07:39:12.219276,Local vegetable vendor,116.0,Food,expense,Cash,False,0.0
2,2025-08-23 21:35:12.219276,General Physician consultation fee,564.0,Healthcare,expense,Credit Card,False,0.0
2,2025-08-24 22:53:12.219276,Gym membership monthly fee,783.0,Healthcare,expense,UPI,False,0.0
2,2025-08-26 02:05:12.219276,Airtel broadband wifi,1570.0,Bills,expense,NetBanking,False,0.0
2,2025-08-26 08:39:12.219276,Airbnb stay vacation room,5902.0,Travel,expense,Cash,False,0.0
2,2025-08-25 21:36:12.219276,Cough syrup & vitamins,1457.0,Healthcare,expense,Credit Card,False,0.0
2,2025-08-26 21:52:12.219276,BookMyShow Movie Ticket PVR,1164.0,Entertainment,expense,Cash,False,0.0
2,2025-08-27 04:43:12.219276,Airbnb stay vacation room,2648.0,Travel,expense,Credit Card,False,0.0
2,2025-08-27 08:52:12.219276,H&M jeans,1630.0,Shopping,expense,Cash,False,0.0
2,2025-08-28 08:40:12.219276,Uber Auto Ride,292.0,Transport,expense,Credit Card,False,0.0
2,2025-08-28 06:50:12.219276,Travel agent booking ticket,7900.0,Travel,expense,NetBanking,False,0.0
2,2025-08-28 01:24:12.219276,Bike taxi Rapido,38.0,Transport,expense,Credit Card,False,0.0
2,2025-08-28 06:11:12.219276,Book Store college textbooks,585.0,Shopping,expense,NetBanking,False,0.0
2,2025-08-29 04:29:12.219276,Gas cylinder booking Indane,866.0,Bills,expense,UPI,False,0.0
2,2025-08-28 22:34:12.219276,Shell Fuel Station,303.0,Transport,expense,Credit Card,False,0.0
2,2025-08-29 10:53:12.219276,H&M jeans,2354.0,Shopping,expense,Credit Card,False,0.0
2,2025-08-29 19:46:12.219276,DTH TV recharge Tata Sky,1339.0,Bills,expense,UPI,False,0.0
2,2025-08-30 11:15:12.219276,Uber Auto Ride,126.0,Transport,expense,UPI,False,0.0
2,2025-08-30 01:39:12.219276,H&M jeans,1390.0,Shopping,expense,Cash,False,0.0
2,2025-08-29 22:44:12.219276,Cloud storage Google One,706.0,Bills,expense,UPI,False,0.0
2,2025-08-31 02:46:12.219276,Airbnb stay vacation room,2160.0,Travel,expense,Cash,False,0.0
2,2025-08-31 09:00:12.219276,DTH TV recharge Tata Sky,308.0,Bills,expense,UPI,False,0.0
2,2025-08-31 04:36:12.219276,Travel agent booking ticket,6740.0,Travel,expense,Cash,False,0.0
2,2025-09-01 03:19:12.219276,Temple donation offering,421.0,Miscellaneous,expense,Credit Card,False,0.0
2,2025-08-31 21:51:12.219276,Juice Shop hostel,89.0,Food,expense,NetBanking,False,0.0
2,2025-09-01 10:18:12.219276,Multivitamins health supplements,439.0,Healthcare,expense,NetBanking,False,0.0
2,2025-09-01 21:34:12.219276,Stipend Internship Google,60681.0,Income,income,Bank Transfer,False,0.0
2,2025-09-02 06:32:12.219276,Hotel room booking OYO,5589.0,Travel,expense,UPI,False,0.0
2,2025-09-03 07:24:12.219276,Flipkart electronics gadget,3361.0,Shopping,expense,Credit Card,False,0.0
2,2025-09-03 10:42:12.219276,RedBus booking home town,7094.0,Travel,expense,UPI,False,0.0
2,2025-09-03 09:05:12.219276,Local thrift store jacket,1040.0,Shopping,expense,UPI,False,0.0
2,2025-09-04 07:17:12.219276,ATM Cash withdrawal Self,59.0,Miscellaneous,expense,NetBanking,False,0.0
2,2025-09-05 02:41:12.219276,Chai Tapri Tea & Samosa,112.0,Food,expense,UPI,False,0.0
2,2025-09-05 07:23:12.219276,Friend Splitwise repayment,299.0,Miscellaneous,expense,NetBanking,False,0.0
2,2025-09-04 23:19:12.219276,Chai Tapri Tea & Samosa,365.0,Food,expense,UPI,False,0.0
2,2025-09-04 23:24:12.219276,Burger King combo,304.0,Food,expense,UPI,False,0.0
2,2025-09-05 20:34:12.219276,Infosys Salary account credit,79977.0,Income,income,Bank Transfer,False,0.0
2,2025-09-07 10:22:12.219276,Local Bus Ticket,215.0,Transport,expense,NetBanking,False,0.0
2,2025-09-09 09:23:12.219276,Airtel broadband wifi,603.0,Bills,expense,Credit Card,False,0.0
2,2025-09-09 00:39:12.219276,Starbucks Coffee,322.0,Food,expense,Cash,False,0.0
2,2025-09-10 09:24:12.219276,Jio Prepaid Mobile Recharge,720.0,Bills,expense,Cash,False,0.0
2,2025-09-10 10:28:12.219276,BookMyShow Movie Ticket PVR,1028.0,Entertainment,expense,Credit Card,False,0.0
2,2025-09-10 00:23:12.219276,Gift box wrapper,235.0,Miscellaneous,expense,Credit Card,False,0.0
2,2025-09-10 20:34:12.219276,Monthly Salary Net Credit,83515.0,Income,income,Bank Transfer,False,0.0
2,2025-09-11 00:31:12.219276,Student health insurance premium,1088.0,Healthcare,expense,UPI,False,0.0
2,2025-09-11 05:00:12.219276,Supermarket Groceries,445.0,Food,expense,Cash,False,0.0
2,2025-09-12 08:02:12.219276,LUXURY DIAMOND RING JEWELLER,115003.0,Bills,expense,UPI,True,76.99451861906955
2,2025-09-12 02:30:12.219276,Board game cafe bill,1055.0,Entertainment,expense,Credit Card,False,0.0
2,2025-09-12 00:07:12.219276,Water supply bill,251.0,Bills,expense,Credit Card,False,0.0
2,2025-09-12 05:07:12.219276,Lost cash wallet,159.0,Miscellaneous,expense,Cash,False,0.0
2,2025-09-13 05:20:12.219276,Swiggy Delivery Hyderabad,356.0,Food,expense,UPI,False,0.0
2,2025-09-14 06:41:12.219276,Toll plaza fee,60.0,Transport,expense,NetBanking,False,0.0
2,2025-09-14 05:10:12.219276,Chai Tapri Tea & Samosa,413.0,Food,expense,Credit Card,False,0.0
2,2025-09-14 02:56:12.219276,Noodles corner,253.0,Food,expense,Cash,False,0.0
2,2025-09-14 02:40:12.219276,Hostel Electricity surcharge,2446.0,Bills,expense,Credit Card,False,0.0
2,2025-09-15 08:39:12.219276,Bowling Alley Arena,1080.0,Entertainment,expense,Credit Card,False,0.0
2,2025-09-15 02:02:12.219276,Uber Auto Ride,247.0,Transport,expense,Credit Card,False,0.0
2,2025-09-15 08:29:12.219276,Petrol Pump HP,299.0,Transport,expense,Cash,False,0.0
2,2025-09-15 09:26:12.219276,Cloud storage Google One,1834.0,Bills,expense,Credit Card,False,0.0
2,2025-09-15 23:18:12.219276,Stationery shop notebook,3312.0,Shopping,expense,Cash,False,0.0
2,2025-09-16 07:32:12.219276,Amusement park ticket,1119.0,Entertainment,expense,UPI,False,0.0
2,2025-09-16 04:36:12.219276,Car rental service,239.0,Transport,expense,NetBanking,False,0.0
2,2025-09-16 04:52:12.219276,Friend Splitwise repayment,110.0,Miscellaneous,expense,NetBanking,False,0.0
2,2025-09-17 04:47:12.219276,Nike showroom sneakers,2127.0,Shopping,expense,NetBanking,False,0.0
2,2025-09-18 09:04:12.219276,Zomato Order,360.0,Food,expense,UPI,False,0.0
2,2025-09-18 00:22:12.219276,Cloud storage Google One,1483.0,Bills,expense,Credit Card,False,0.0
2,2025-09-18 09:43:12.219276,Decathlon sports gear,3006.0,Shopping,expense,Credit Card,False,0.0
2,2025-09-19 07:55:12.219276,Car rental service,349.0,Transport,expense,UPI,False,0.0
2,2025-09-18 22:29:12.219276,ATM Cash withdrawal Self,393.0,Miscellaneous,expense,NetBanking,False,0.0
2,2025-09-21 02:13:12.219276,Gift box wrapper,113.0,Miscellaneous,expense,UPI,False,0.0
2,2025-09-21 02:22:12.219276,Temple donation offering,437.0,Miscellaneous,expense,Cash,False,0.0
2,2025-09-23 09:39:12.219276,Amazon shopping clothes,1526.0,Shopping,expense,UPI,False,0.0
2,2025-09-23 11:29:12.219276,Temple donation offering,214.0,Miscellaneous,expense,UPI,False,0.0
2,2025-09-23 05:58:12.219276,Maggie Point Gate 2,303.0,Food,expense,UPI,False,0.0
2,2025-09-23 00:52:12.219276,Water supply bill,569.0,Bills,expense,Cash,False,0.0
2,2025-09-23 21:13:12.219276,Metro Card Recharge Metro Station,187.0,Transport,expense,UPI,False,0.0
2,2025-09-24 07:40:12.219276,Airtel broadband wifi,211.0,Bills,expense,NetBanking,False,0.0
2,2025-09-24 20:46:12.219276,Hostel Electricity surcharge,1638.0,Bills,expense,UPI,False,0.0
2,2025-09-25 07:41:12.219276,Pub weekend entry cover charge,634.0,Entertainment,expense,Cash,False,0.0
2,2025-09-24 22:04:12.219276,Electricity bill board,1403.0,Bills,expense,Credit Card,False,0.0
2,2025-09-26 05:34:12.219276,Part time tutoring kid,1302.0,Income,income,UPI,False,0.0
2,2025-09-26 05:10:12.219276,Local Bus Ticket,314.0,Transport,expense,UPI,False,0.0
2,2025-09-26 02:24:12.219276,Multivitamins health supplements,371.0,Healthcare,expense,Cash,False,0.0
2,2025-09-26 09:32:12.219276,Shoppers Stop shoes,2613.0,Shopping,expense,UPI,False,0.0
2,2025-09-25 19:37:12.219276,LUXURY DIAMOND RING JEWELLER,93956.0,Miscellaneous,expense,UPI,True,81.61630134305254
2,2025-09-27 04:36:12.219276,Hostel Electricity surcharge,1657.0,Bills,expense,UPI,False,0.0
2,2025-09-26 21:59:12.219276,Sunglasses purchase store,2587.0,Shopping,expense,NetBanking,False,0.0
2,2025-09-27 02:13:12.219276,Metro Card Recharge Metro Station,314.0,Transport,expense,Credit Card,False,0.0
2,2025-09-28 05:47:12.219276,Hostel Electricity surcharge,1954.0,Bills,expense,NetBanking,False,0.0
2,2025-09-27 20:12:12.219276,Luggage bag purchase Safari,4690.0,Travel,expense,UPI,False,0.0
2,2025-09-29 22:24:12.219276,Gift box wrapper,410.0,Miscellaneous,expense,Credit Card,False,0.0
2,2025-09-29 22:56:12.219276,Bike taxi Rapido,45.0,Transport,expense,Credit Card,False,0.0
2,2025-09-29 23:03:12.219276,Cough syrup & vitamins,992.0,Healthcare,expense,UPI,False,0.0
2,2025-10-01 06:46:12.219276,MakeMyTrip flight Bangalore to Delhi,3814.0,Travel,expense,NetBanking,False,0.0
2,2025-10-01 22:34:12.219276,Monthly Salary Net Credit,86747.0,Income,income,Bank Transfer,False,0.0
2,2025-10-02 01:34:12.219276,Amusement park ticket,893.0,Entertainment,expense,Credit Card,False,0.0
2,2025-10-03 02:16:12.219276,Auto Fare Cash,321.0,Transport,expense,UPI,False,0.0
2,2025-10-02 23:50:12.219276,Myntra t-shirt purchase,2809.0,Shopping,expense,UPI,False,0.0
2,2025-10-03 04:17:12.219276,Board game cafe bill,711.0,Entertainment,expense,UPI,False,0.0
2,2025-10-04 06:01:12.219276,Student Mess Fees Monthly,408.0,Food,expense,UPI,False,0.0
2,2025-10-04 10:57:12.219276,General Physician consultation fee,449.0,Healthcare,expense,Credit Card,False,0.0
2,2025-10-04 09:08:12.219276,ATM Cash withdrawal Self,419.0,Miscellaneous,expense,NetBanking,False,0.0
2,2025-10-05 22:34:12.219276,Stipend Internship Google,66376.0,Income,income,Bank Transfer,False,0.0
2,2025-10-05 22:32:12.219276,Local vegetable vendor,195.0,Food,expense,Credit Card,False,0.0
2,2025-10-05 22:35:12.219276,Gaming Zone Arcade Mall,486.0,Entertainment,expense,UPI,False,0.0
2,2025-10-06 03:49:12.219276,Airbnb stay vacation room,2196.0,Travel,expense,NetBanking,False,0.0
2,2025-10-06 06:07:12.219276,Train Ticket IRCTC,152.0,Transport,expense,UPI,False,0.0
2,2025-10-07 21:37:12.219276,MakeMyTrip flight Bangalore to Delhi,7122.0,Travel,expense,UPI,False,0.0
2,2025-10-07 23:37:12.219276,Student Mess Fees Monthly,240.0,Food,expense,UPI,False,0.0
2,2025-10-07 21:40:12.219276,MakeMyTrip flight Bangalore to Delhi,4469.0,Travel,expense,Credit Card,False,0.0
2,2025-10-08 07:40:12.219276,Juice Shop hostel,106.0,Food,expense,Credit Card,False,0.0
2,2025-10-09 09:30:12.219276,Pub weekend entry cover charge,171.0,Entertainment,expense,Credit Card,False,0.0
2,2025-10-09 01:40:12.219276,Petrol Pump HP,43.0,Transport,expense,NetBanking,False,0.0
2,2025-10-09 02:31:12.219276,Uber Auto Ride,334.0,Transport,expense,Cash,False,0.0
2,2025-10-10 09:45:12.219276,Gas cylinder booking Indane,1824.0,Bills,expense,Cash,False,0.0
2,2025-10-10 09:06:12.219276,BookMyShow Movie Ticket PVR,240.0,Entertainment,expense,NetBanking,False,0.0
2,2025-10-10 00:04:12.219276,Hostel Electricity surcharge,2490.0,Bills,expense,UPI,False,0.0
2,2025-10-09 23:37:12.219276,Gas cylinder booking Indane,1292.0,Bills,expense,UPI,False,0.0
2,2025-10-10 20:34:12.219276,TCS Payroll credit,76616.0,Income,income,Bank Transfer,False,0.0
2,2025-10-11 10:12:12.219276,Gaming Zone Arcade Mall,290.0,Entertainment,expense,Credit Card,False,0.0
2,2025-10-12 10:30:12.219276,Hostel Electricity surcharge,1814.0,Bills,expense,UPI,False,0.0
2,2025-10-12 03:03:12.219276,Noodles corner,192.0,Food,expense,UPI,False,0.0
2,2025-10-12 07:47:12.219276,Gaming Zone Arcade Mall,1134.0,Entertainment,expense,NetBanking,False,0.0
2,2025-10-12 06:35:12.219276,Student health insurance premium,213.0,Healthcare,expense,UPI,False,0.0
2,2025-10-12 20:35:12.219276,Cloud storage Google One,896.0,Bills,expense,NetBanking,False,0.0
2,2025-10-14 02:45:12.219276,Local thrift store jacket,1473.0,Shopping,expense,NetBanking,False,0.0
2,2025-10-13 20:27:12.219276,Netflix subscription premium,510.0,Entertainment,expense,UPI,False,0.0
2,2025-10-15 07:25:12.219276,Petrol Pump HP,137.0,Transport,expense,UPI,False,0.0
2,2025-10-15 09:30:12.219276,Airtel broadband wifi,2258.0,Bills,expense,Cash,False,0.0
2,2025-10-15 01:46:12.219276,Ola Cab Booking,103.0,Transport,expense,UPI,False,0.0
2,2025-10-16 02:28:12.219276,DTH TV recharge Tata Sky,1101.0,Bills,expense,Cash,False,0.0
2,2025-10-15 21:14:12.219276,Lost cash wallet,454.0,Miscellaneous,expense,UPI,False,0.0
2,2025-10-17 11:24:12.219276,Temple donation offering,300.0,Miscellaneous,expense,UPI,False,0.0
2,2025-10-19 06:19:12.219276,Lost cash wallet,305.0,Miscellaneous,expense,UPI,False,0.0
2,2025-10-19 10:51:12.219276,GitHub Copilot Subscription,2079.0,Bills,expense,Credit Card,False,0.0
2,2025-10-19 10:29:12.219276,Apollo Pharmacy medicines,624.0,Healthcare,expense,UPI,False,0.0
2,2025-10-20 04:09:12.219276,DTH TV recharge Tata Sky,1644.0,Bills,expense,NetBanking,False,0.0
2,2025-10-22 06:01:12.219276,Jio Prepaid Mobile Recharge,2491.0,Bills,expense,Cash,False,0.0
2,2025-10-22 05:51:12.219276,Airbnb stay vacation room,5543.0,Travel,expense,Credit Card,False,0.0
2,2025-10-21 21:56:12.219276,Apollo Pharmacy medicines,567.0,Healthcare,expense,NetBanking,False,0.0
2,2025-10-22 04:33:12.219276,Auto Fare Cash,286.0,Transport,expense,UPI,False,0.0
2,2025-10-24 02:34:12.219276,Social media management fee,1020.0,Income,income,UPI,False,0.0
2,2025-10-24 02:19:12.219276,Hostel Electricity surcharge,1339.0,Bills,expense,NetBanking,False,0.0
2,2025-10-25 07:24:12.219276,Lost cash wallet,54.0,Miscellaneous,expense,NetBanking,False,0.0
2,2025-10-26 07:48:12.219276,Noodles corner,414.0,Food,expense,UPI,False,0.0
2,2025-10-26 10:20:12.219276,Gaming Zone Arcade Mall,1121.0,Entertainment,expense,Cash,False,0.0
2,2025-10-26 09:23:12.219276,Hotel room booking OYO,2703.0,Travel,expense,UPI,False,0.0
2,2025-10-27 06:42:12.219276,Amusement park ticket,1071.0,Entertainment,expense,UPI,False,0.0
2,2025-10-26 16:01:12.219276,MIDNIGHT SUSPICIOUS - Flipkart electronics gadget,10266.0,Shopping,expense,NetBanking,True,90.2600346242726
2,2025-10-26 21:33:12.219276,First aid box bandage,813.0,Healthcare,expense,UPI,False,0.0
2,2025-10-28 07:46:12.219276,Gym membership monthly fee,618.0,Healthcare,expense,UPI,False,0.0
2,2025-10-28 04:39:12.219276,MakeMyTrip flight Bangalore to Delhi,4693.0,Travel,expense,Credit Card,False,0.0
2,2025-10-28 19:45:12.219276,Amazon shopping clothes,3785.0,Shopping,expense,Credit Card,False,0.0
2,2025-10-29 05:16:12.219276,Spotify Premium monthly plan,940.0,Entertainment,expense,UPI,False,0.0
2,2025-10-28 19:44:12.219276,ATM Cash withdrawal Self,282.0,Miscellaneous,expense,Cash,False,0.0
2,2025-10-29 00:08:12.219276,DTH TV recharge Tata Sky,1701.0,Bills,expense,UPI,False,0.0
2,2025-10-31 01:12:12.219276,Local thrift store jacket,1668.0,Shopping,expense,Credit Card,False,0.0
2,2025-11-01 00:02:12.219276,Board game cafe bill,1089.0,Entertainment,expense,UPI,False,0.0
2,2025-11-01 06:32:12.219276,Shell Fuel Station,339.0,Transport,expense,Cash,False,0.0
2,2025-11-01 23:34:12.219276,Infosys Salary account credit,88810.0,Income,income,Bank Transfer,False,0.0
2,2025-11-02 07:18:12.219276,Local vegetable vendor,126.0,Food,expense,Credit Card,False,0.0
2,2025-11-02 09:03:12.219276,DTH TV recharge Tata Sky,817.0,Bills,expense,UPI,False,0.0
2,2025-11-02 03:30:12.219276,Student health insurance premium,1364.0,Healthcare,expense,UPI,False,0.0
2,2025-11-02 02:32:12.219276,Flipkart electronics gadget,2972.0,Shopping,expense,UPI,False,0.0
2,2025-11-03 06:00:12.219276,Petrol Pump HP,69.0,Transport,expense,Cash,False,0.0
2,2025-11-03 09:35:12.219276,RedBus booking home town,4070.0,Travel,expense,UPI,False,0.0
2,2025-11-03 01:59:12.219276,Parking charges mall,266.0,Transport,expense,Credit Card,False,0.0
2,2025-11-03 06:16:12.219276,Swiggy Delivery Hyderabad,208.0,Food,expense,UPI,False,0.0
2,2025-11-04 09:42:12.219276,MakeMyTrip flight Bangalore to Delhi,2676.0,Travel,expense,UPI,False,0.0
2,2025-11-03 22:45:12.219276,Hotel room booking OYO,3321.0,Travel,expense,UPI,False,0.0
2,2025-11-03 22:16:12.219276,Water supply bill,2289.0,Bills,expense,UPI,False,0.0
2,2025-11-05 02:02:12.219276,Stationery shop notebook,1866.0,Shopping,expense,UPI,False,0.0
2,2025-11-05 08:18:12.219276,KFC Chicken meal,405.0,Food,expense,UPI,False,0.0
2,2025-11-05 20:34:12.219276,Wipro software engineer salary,74548.0,Income,income,Bank Transfer,False,0.0
2,2025-11-07 08:35:12.219276,Bowling Alley Arena,638.0,Entertainment,expense,UPI,False,0.0
2,2025-11-08 01:20:12.219276,Spotify Premium monthly plan,601.0,Entertainment,expense,UPI,False,0.0
2,2025-11-08 06:09:12.219276,Amazon shopping clothes,2102.0,Shopping,expense,NetBanking,False,0.0
2,2025-11-09 02:47:12.219276,Board game cafe bill,959.0,Entertainment,expense,UPI,False,0.0
2,2025-11-09 05:34:12.219276,Petrol Pump HP,195.0,Transport,expense,Credit Card,False,0.0
2,2025-11-09 06:36:12.219276,Eye test & spectacles frames,1139.0,Healthcare,expense,NetBanking,False,0.0
2,2025-11-09 10:40:12.219276,Local Bus Ticket,240.0,Transport,expense,Cash,False,0.0
2,2025-11-09 23:55:12.219276,Flipkart electronics gadget,788.0,Shopping,expense,Credit Card,False,0.0
2,2025-11-10 10:38:12.219276,H&M jeans,3519.0,Shopping,expense,NetBanking,False,0.0
2,2025-11-10 03:06:12.219276,Electricity bill board,2496.0,Bills,expense,Cash,False,0.0
2,2025-11-10 04:49:12.219276,Starbucks Coffee,90.0,Food,expense,UPI,False,0.0
2,2025-11-10 21:34:12.219276,Stipend Internship Google,84813.0,Income,income,Bank Transfer,False,0.0
2,2025-11-12 03:33:12.219276,Jio Prepaid Mobile Recharge,721.0,Bills,expense,UPI,False,0.0
2,2025-11-11 21:07:12.219276,Travel agent booking ticket,4692.0,Travel,expense,NetBanking,False,0.0
2,2025-11-12 05:49:12.219276,General Physician consultation fee,248.0,Healthcare,expense,NetBanking,False,0.0
2,2025-11-14 10:14:12.219276,Pub weekend entry cover charge,931.0,Entertainment,expense,UPI,False,0.0
2,2025-11-14 21:34:12.219276,GPay cashback reward,59.0,Income,income,System Wallet,False,0.0
2,2025-11-15 01:49:12.219276,BookMyShow Movie Ticket PVR,337.0,Entertainment,expense,Cash,False,0.0
2,2025-11-16 08:45:12.219276,Hotel room booking OYO,3344.0,Travel,expense,UPI,False,0.0
2,2025-11-16 04:29:12.219276,Concert ticket EDM show,734.0,Entertainment,expense,UPI,False,0.0
2,2025-11-16 11:02:12.219276,MakeMyTrip flight Bangalore to Delhi,4945.0,Travel,expense,UPI,False,0.0
2,2025-11-17 09:28:12.219276,Student health insurance premium,1187.0,Healthcare,expense,Credit Card,False,0.0
2,2025-11-17 00:50:12.219276,Auto Fare Cash,334.0,Transport,expense,Cash,False,0.0
2,2025-11-17 10:38:12.219276,Multivitamins health supplements,826.0,Healthcare,expense,Credit Card,False,0.0
2,2025-11-16 19:34:12.219276,Airtel broadband wifi,2022.0,Bills,expense,UPI,False,0.0
2,2025-11-18 08:05:12.219276,Airbnb stay vacation room,5406.0,Travel,expense,NetBanking,False,0.0
2,2025-11-18 08:33:12.219276,Water supply bill,1774.0,Bills,expense,UPI,False,0.0
2,2025-11-19 07:18:12.219276,General Physician consultation fee,913.0,Healthcare,expense,Credit Card,False,0.0
2,2025-11-20 00:34:12.219276,Cred cash back points,73.0,Income,income,System Wallet,False,0.0
2,2025-11-19 23:50:12.219276,Burger King combo,265.0,Food,expense,UPI,False,0.0
2,2025-11-20 00:34:12.219276,Travel agent booking ticket,3207.0,Travel,expense,Cash,False,0.0
2,2025-11-19 22:07:12.219276,Ola Cab Booking,226.0,Transport,expense,Cash,False,0.0
2,2025-11-21 08:11:12.219276,Book Store college textbooks,1435.0,Shopping,expense,Cash,False,0.0
2,2025-11-21 07:26:12.219276,DTH TV recharge Tata Sky,464.0,Bills,expense,Cash,False,0.0
2,2025-11-21 04:34:12.219276,Flipkart electronics gadget,3466.0,Shopping,expense,Credit Card,False,0.0
2,2025-11-22 09:15:12.219276,Zomato Order,115.0,Food,expense,Credit Card,False,0.0
2,2025-11-21 23:46:12.219276,DTH TV recharge Tata Sky,798.0,Bills,expense,UPI,False,0.0
2,2025-11-22 01:45:12.219276,RedBus booking home town,6117.0,Travel,expense,Credit Card,False,0.0
2,2025-11-22 23:29:12.219276,Concert ticket EDM show,987.0,Entertainment,expense,Cash,False,0.0
2,2025-11-25 03:04:12.219276,Auto Fare Cash,62.0,Transport,expense,Cash,False,0.0
2,2025-11-24 20:40:12.219276,CRITICAL SPIKE - Travel agent booking ticket,42375.0,Travel,expense,Cash,True,76.65201875414675
2,2025-11-25 04:33:12.219276,Board game cafe bill,164.0,Entertainment,expense,Cash,False,0.0
2,2025-11-26 06:26:12.219276,Cough syrup & vitamins,959.0,Healthcare,expense,NetBanking,False,0.0
2,2025-11-26 07:29:12.219276,Bowling Alley Arena,966.0,Entertainment,expense,UPI,False,0.0
2,2025-11-27 21:34:12.219276,Credit card cash back reward,45.0,Income,income,System Wallet,False,0.0
2,2025-11-28 07:02:12.219276,Bike taxi Rapido,173.0,Transport,expense,UPI,False,0.0
2,2025-11-28 05:35:12.219276,Luggage bag purchase Safari,5384.0,Travel,expense,UPI,False,0.0
2,2025-11-28 10:59:12.219276,Electricity bill board,1433.0,Bills,expense,UPI,False,0.0
2,2025-11-27 23:20:12.219276,Petrol Pump HP,249.0,Transport,expense,Credit Card,False,0.0
2,2025-11-28 21:53:12.219276,BookMyShow Movie Ticket PVR,1183.0,Entertainment,expense,Credit Card,False,0.0
2,2025-11-29 11:16:12.219276,Laundry detergent detergent shop,136.0,Miscellaneous,expense,UPI,False,0.0
2,2025-11-28 23:01:12.219276,Friend Splitwise repayment,174.0,Miscellaneous,expense,UPI,False,0.0
2,2025-11-29 03:20:12.219276,Dominos Pizza,247.0,Food,expense,NetBanking,False,0.0
2,2025-11-29 22:24:12.219276,Parking charges mall,99.0,Transport,expense,Credit Card,False,0.0
2,2025-11-29 22:15:12.219276,Jio Prepaid Mobile Recharge,2459.0,Bills,expense,Cash,False,0.0
2,2025-11-30 09:25:12.219276,DTH TV recharge Tata Sky,1663.0,Bills,expense,Cash,False,0.0
2,2025-12-01 02:21:12.219276,Auto Fare Cash,74.0,Transport,expense,NetBanking,False,0.0
2,2025-12-01 08:10:12.219276,Car rental service,218.0,Transport,expense,NetBanking,False,0.0
2,2025-12-01 20:34:12.219276,Monthly Salary Net Credit,70184.0,Income,income,Bank Transfer,False,0.0
2,2025-12-02 02:40:12.219276,Gym membership monthly fee,854.0,Healthcare,expense,UPI,False,0.0
2,2025-12-03 03:05:12.219276,Hotel room booking OYO,3185.0,Travel,expense,NetBanking,False,0.0
2,2025-12-03 05:53:12.219276,RedBus booking home town,6927.0,Travel,expense,UPI,False,0.0
2,2025-12-03 11:14:12.219276,Gift box wrapper,113.0,Miscellaneous,expense,Cash,False,0.0
2,2025-12-02 21:25:12.219276,Amusement park ticket,746.0,Entertainment,expense,Credit Card,False,0.0
2,2025-12-04 05:26:12.219276,Netflix subscription premium,516.0,Entertainment,expense,Credit Card,False,0.0
2,2025-12-05 07:22:12.219276,Juice Shop hostel,280.0,Food,expense,Credit Card,False,0.0
2,2025-12-05 20:34:12.219276,Stipend Internship Google,72814.0,Income,income,Bank Transfer,False,0.0
2,2025-12-06 06:22:12.219276,Jio Prepaid Mobile Recharge,2344.0,Bills,expense,UPI,False,0.0
2,2025-12-06 00:02:12.219276,KFC Chicken meal,443.0,Food,expense,UPI,False,0.0
2,2025-12-06 19:57:12.219276,Local thrift store jacket,1293.0,Shopping,expense,UPI,False,0.0
2,2025-12-07 01:33:12.219276,Parking charges mall,105.0,Transport,expense,Credit Card,False,0.0
2,2025-12-07 21:34:12.219276,Cred cash back points,55.0,Income,income,System Wallet,False,0.0
2,2025-12-08 20:41:12.219276,Student health insurance premium,1484.0,Healthcare,expense,UPI,False,0.0
2,2025-12-09 01:15:12.219276,Laser tag game weekend,1150.0,Entertainment,expense,Cash,False,0.0
2,2025-12-10 23:34:12.219276,Stipend Internship Google,88340.0,Income,income,Bank Transfer,False,0.0
2,2025-12-11 11:15:12.219276,Electricity bill board,591.0,Bills,expense,UPI,False,0.0
2,2025-12-11 10:51:12.219276,Friend Splitwise repayment,61.0,Miscellaneous,expense,Cash,False,0.0
2,2025-12-11 05:10:12.219276,Car rental service,122.0,Transport,expense,Credit Card,False,0.0
2,2025-12-12 08:09:12.219276,Toll plaza fee,305.0,Transport,expense,UPI,False,0.0
2,2025-12-11 23:22:12.219276,Temple donation offering,300.0,Miscellaneous,expense,Cash,False,0.0
2,2025-12-13 22:36:12.219276,Amazon shopping clothes,2672.0,Shopping,expense,NetBanking,False,0.0
2,2025-12-14 04:28:12.219276,Nike showroom sneakers,1244.0,Shopping,expense,UPI,False,0.0
2,2025-12-14 01:01:12.219276,Zomato Order,143.0,Food,expense,NetBanking,False,0.0
2,2025-12-14 05:16:12.219276,Starbucks Coffee,233.0,Food,expense,Cash,False,0.0
2,2025-12-15 02:18:12.219276,Travel agent booking ticket,4563.0,Travel,expense,NetBanking,False,0.0
2,2025-12-17 02:11:12.219276,Flipkart electronics gadget,3906.0,Shopping,expense,UPI,False,0.0
2,2025-12-18 00:59:12.219276,Dentist consultation clinic,1326.0,Healthcare,expense,Credit Card,False,0.0
2,2025-12-19 02:19:12.219276,Student health insurance premium,1297.0,Healthcare,expense,NetBanking,False,0.0
2,2025-12-19 06:24:12.219276,GitHub Copilot Subscription,771.0,Bills,expense,UPI,False,0.0
2,2025-12-21 08:38:12.219276,Auto Fare Cash,93.0,Transport,expense,Cash,False,0.0
2,2025-12-23 07:48:12.219276,Airtel broadband wifi,1024.0,Bills,expense,UPI,False,0.0
2,2025-12-23 10:40:12.219276,Dentist consultation clinic,452.0,Healthcare,expense,NetBanking,False,0.0
2,2025-12-24 00:54:12.219276,GitHub Copilot Subscription,1210.0,Bills,expense,UPI,False,0.0
2,2025-12-24 08:04:12.219276,Student health insurance premium,906.0,Healthcare,expense,Cash,False,0.0
2,2025-12-23 23:43:12.219276,Flipkart electronics gadget,438.0,Shopping,expense,UPI,False,0.0
2,2025-12-24 03:17:12.219276,General Physician consultation fee,308.0,Healthcare,expense,NetBanking,False,0.0
2,2025-12-25 04:51:12.219276,Stationery shop notebook,1849.0,Shopping,expense,Cash,False,0.0
2,2025-12-25 05:00:12.219276,First aid box bandage,668.0,Healthcare,expense,UPI,False,0.0
2,2025-12-24 21:44:12.219276,Water supply bill,425.0,Bills,expense,UPI,False,0.0
2,2025-12-27 11:05:12.219276,MakeMyTrip flight Bangalore to Delhi,5473.0,Travel,expense,UPI,False,0.0
2,2025-12-27 07:34:12.219276,Gift box wrapper,396.0,Miscellaneous,expense,UPI,False,0.0
2,2025-12-27 03:21:12.219276,Netflix subscription premium,1020.0,Entertainment,expense,NetBanking,False,0.0
2,2025-12-27 01:17:12.219276,Gift box wrapper,361.0,Miscellaneous,expense,Credit Card,False,0.0
2,2025-12-28 06:37:12.219276,BookMyShow Movie Ticket PVR,303.0,Entertainment,expense,UPI,False,0.0
2,2025-12-28 06:32:12.219276,Multivitamins health supplements,976.0,Healthcare,expense,UPI,False,0.0
2,2025-12-28 04:50:12.219276,Board game cafe bill,391.0,Entertainment,expense,Credit Card,False,0.0
2,2025-12-27 21:33:12.219276,Netflix subscription premium,956.0,Entertainment,expense,NetBanking,False,0.0
2,2025-12-28 12:56:12.219276,MIDNIGHT SUSPICIOUS - MakeMyTrip flight Bangalore to Delhi,14742.0,Travel,expense,NetBanking,True,81.50884690295007
2,2025-12-29 00:00:12.219276,CRITICAL SPIKE - Book Store college textbooks,27780.0,Shopping,expense,UPI,True,80.77009541765715
2,2025-12-29 03:04:12.219276,Train Ticket IRCTC,33.0,Transport,expense,NetBanking,False,0.0
2,2025-12-29 03:40:12.219276,Cough syrup & vitamins,812.0,Healthcare,expense,UPI,False,0.0
2,2025-12-30 07:30:12.219276,Zara retail mall,1848.0,Shopping,expense,UPI,False,0.0
2,2025-12-30 08:00:12.219276,Spotify Premium monthly plan,538.0,Entertainment,expense,UPI,False,0.0
2,2025-12-30 03:41:12.219276,Electricity bill board,756.0,Bills,expense,Credit Card,False,0.0
2,2025-12-31 07:42:12.219276,Travel agent booking ticket,7851.0,Travel,expense,Credit Card,False,0.0
2,2025-12-30 20:23:12.219276,Ola Cab Booking,40.0,Transport,expense,NetBanking,False,0.0
2,2025-12-30 20:01:12.219276,Netflix subscription premium,850.0,Entertainment,expense,Cash,False,0.0
2,2025-12-31 03:13:12.219276,Hotel room booking OYO,4311.0,Travel,expense,Credit Card,False,0.0
2,2026-01-01 03:16:12.219276,Local thrift store jacket,1551.0,Shopping,expense,NetBanking,False,0.0
2,2026-01-01 00:46:12.219276,Eye test & spectacles frames,1170.0,Healthcare,expense,UPI,False,0.0
2,2026-01-01 03:46:12.219276,Local thrift store jacket,893.0,Shopping,expense,UPI,False,0.0
2,2025-12-31 20:58:12.219276,Book Store college textbooks,472.0,Shopping,expense,UPI,False,0.0
2,2026-01-01 22:34:12.219276,Stipend Internship Google,77202.0,Income,income,Bank Transfer,False,0.0
2,2026-01-02 09:15:12.219276,Bowling Alley Arena,1022.0,Entertainment,expense,Cash,False,0.0
2,2026-01-03 01:34:12.219276,Coding gig client work,1689.0,Income,income,UPI,False,0.0
2,2026-01-02 20:34:12.219276,Eye test & spectacles frames,855.0,Healthcare,expense,UPI,False,0.0
2,2026-01-03 04:32:12.219276,Supermarket Groceries,244.0,Food,expense,Credit Card,False,0.0
2,2026-01-03 22:40:12.219276,Flipkart electronics gadget,2412.0,Shopping,expense,NetBanking,False,0.0
2,2026-01-04 05:57:12.219276,Supermarket Groceries,362.0,Food,expense,UPI,False,0.0
2,2026-01-04 02:11:12.219276,GitHub Copilot Subscription,1622.0,Bills,expense,NetBanking,False,0.0
2,2026-01-05 20:34:12.219276,TCS Payroll credit,80629.0,Income,income,Bank Transfer,False,0.0
2,2026-01-05 22:34:12.219276,Freelance Web Design payment,2025.0,Income,income,UPI,False,0.0
2,2026-01-06 23:36:12.219276,Hostel Electricity surcharge,2042.0,Bills,expense,UPI,False,0.0
2,2026-01-07 07:31:12.219276,Local thrift store jacket,2112.0,Shopping,expense,NetBanking,False,0.0
2,2026-01-07 11:00:12.219276,Cloud storage Google One,580.0,Bills,expense,UPI,False,0.0
2,2026-01-07 04:18:12.219276,Temple donation offering,454.0,Miscellaneous,expense,Cash,False,0.0
2,2026-01-08 08:05:12.219276,Biryani House Restaurant,111.0,Food,expense,UPI,False,0.0
2,2026-01-08 08:09:12.219276,Temple donation offering,88.0,Miscellaneous,expense,Cash,False,0.0
2,2026-01-09 10:06:12.219276,LUXURY DIAMOND RING JEWELLER,75580.0,Bills,expense,Cash,True,84.29744944308096
2,2026-01-09 04:09:12.219276,Lost cash wallet,205.0,Miscellaneous,expense,NetBanking,False,0.0
2,2026-01-09 04:36:12.219276,Metro Card Recharge Metro Station,144.0,Transport,expense,UPI,False,0.0
2,2026-01-10 02:08:12.219276,Flipkart electronics gadget,3977.0,Shopping,expense,UPI,False,0.0
2,2026-01-10 05:39:12.219276,Uber Auto Ride,207.0,Transport,expense,NetBanking,False,0.0
2,2026-01-10 21:34:12.219276,Infosys Salary account credit,68652.0,Income,income,Bank Transfer,False,0.0
2,2026-01-11 06:48:12.219276,Gas cylinder booking Indane,334.0,Bills,expense,UPI,False,0.0
2,2026-01-10 23:20:12.219276,Airtel broadband wifi,1148.0,Bills,expense,Cash,False,0.0
2,2026-01-11 02:26:12.219276,General Physician consultation fee,1482.0,Healthcare,expense,Cash,False,0.0
2,2026-01-11 07:43:12.219276,RedBus booking home town,4656.0,Travel,expense,Cash,False,0.0
2,2026-01-12 09:45:12.219276,Airtel broadband wifi,2062.0,Bills,expense,UPI,False,0.0
2,2026-01-12 04:35:12.219276,Local thrift store jacket,2733.0,Shopping,expense,UPI,False,0.0
2,2026-01-12 01:38:12.219276,Airtel broadband wifi,827.0,Bills,expense,Cash,False,0.0
2,2026-01-13 00:20:12.219276,Amusement park ticket,974.0,Entertainment,expense,Cash,False,0.0
2,2026-01-12 23:26:12.219276,Biryani House Restaurant,131.0,Food,expense,UPI,False,0.0
2,2026-01-13 03:23:12.219276,Chai Tapri Tea & Samosa,409.0,Food,expense,UPI,False,0.0
2,2026-01-14 06:28:12.219276,Chai Tapri Tea & Samosa,84.0,Food,expense,UPI,False,0.0
2,2026-01-15 00:53:12.219276,Stationery shop notebook,3511.0,Shopping,expense,Credit Card,False,0.0
2,2026-01-15 20:26:12.219276,Netflix subscription premium,697.0,Entertainment,expense,UPI,False,0.0
2,2026-01-17 03:34:12.219276,GPay cashback reward,140.0,Income,income,System Wallet,False,0.0
2,2026-01-17 07:43:12.219276,Burger King combo,194.0,Food,expense,Credit Card,False,0.0
2,2026-01-18 02:40:12.219276,Laser tag game weekend,380.0,Entertainment,expense,UPI,False,0.0
2,2026-01-18 07:33:12.219276,Gas cylinder booking Indane,412.0,Bills,expense,UPI,False,0.0
2,2026-01-20 01:17:12.219276,Zara retail mall,2155.0,Shopping,expense,Cash,False,0.0
2,2026-01-20 07:30:12.219276,Student health insurance premium,817.0,Healthcare,expense,NetBanking,False,0.0
2,2026-01-19 22:24:12.219276,Auto Fare Cash,285.0,Transport,expense,NetBanking,False,0.0
2,2026-01-20 05:43:12.219276,KFC Chicken meal,156.0,Food,expense,UPI,False,0.0
2,2026-01-20 23:39:12.219276,Ola Cab Booking,325.0,Transport,expense,NetBanking,False,0.0
2,2026-01-21 06:05:12.219276,Airtel broadband wifi,844.0,Bills,expense,NetBanking,False,0.0
2,2026-01-21 00:25:12.219276,Multivitamins health supplements,1047.0,Healthcare,expense,NetBanking,False,0.0
2,2026-01-22 11:08:12.219276,Gym membership monthly fee,1325.0,Healthcare,expense,Cash,False,0.0
2,2026-01-23 03:18:12.219276,Dentist consultation clinic,1389.0,Healthcare,expense,Cash,False,0.0
2,2026-01-24 00:32:12.219276,Starbucks Coffee,88.0,Food,expense,Credit Card,False,0.0
2,2026-01-24 05:03:12.219276,Uber Auto Ride,208.0,Transport,expense,UPI,False,0.0
2,2026-01-24 23:41:12.219276,Eye test & spectacles frames,631.0,Healthcare,expense,UPI,False,0.0
2,2026-01-25 06:37:12.219276,Book Store college textbooks,3402.0,Shopping,expense,Credit Card,False,0.0
2,2026-01-25 00:35:12.219276,Parking charges mall,327.0,Transport,expense,Cash,False,0.0
2,2026-01-24 20:10:12.219276,Shoppers Stop shoes,978.0,Shopping,expense,UPI,False,0.0
2,2026-01-26 05:04:12.219276,Zara retail mall,2324.0,Shopping,expense,Cash,False,0.0
2,2026-01-26 04:41:12.219276,Cough syrup & vitamins,1109.0,Healthcare,expense,UPI,False,0.0
2,2026-01-26 00:34:12.219276,Amazon shopping clothes,3031.0,Shopping,expense,UPI,False,0.0
2,2026-01-27 05:19:12.219276,Luggage bag purchase Safari,7827.0,Travel,expense,Cash,False,0.0
2,2026-01-27 07:42:12.219276,Laser tag game weekend,471.0,Entertainment,expense,UPI,False,0.0
2,2026-01-26 22:26:12.219276,Laser tag game weekend,264.0,Entertainment,expense,UPI,False,0.0
2,2026-01-28 08:46:12.219276,DTH TV recharge Tata Sky,1658.0,Bills,expense,NetBanking,False,0.0
2,2026-01-28 05:35:12.219276,Water supply bill,527.0,Bills,expense,Cash,False,0.0
2,2026-01-28 02:12:12.219276,Concert ticket EDM show,483.0,Entertainment,expense,UPI,False,0.0
2,2026-01-28 21:34:12.219276,GPay cashback reward,61.0,Income,income,System Wallet,False,0.0
2,2026-01-29 10:36:12.219276,Water supply bill,2435.0,Bills,expense,Cash,False,0.0
2,2026-01-30 02:34:12.219276,Coding gig client work,234.0,Income,income,UPI,False,0.0
2,2026-01-30 06:42:12.219276,First aid box bandage,599.0,Healthcare,expense,Credit Card,False,0.0
2,2026-01-29 23:06:12.219276,Petrol Pump HP,238.0,Transport,expense,Cash,False,0.0
2,2026-01-31 04:44:12.219276,Biryani House Restaurant,275.0,Food,expense,UPI,False,0.0
2,2026-02-01 02:25:12.219276,Parking charges mall,77.0,Transport,expense,UPI,False,0.0
2,2026-02-01 06:02:12.219276,Sunglasses purchase store,1059.0,Shopping,expense,Cash,False,0.0
2,2026-01-31 21:31:12.219276,Shoppers Stop shoes,1591.0,Shopping,expense,Credit Card,False,0.0
2,2026-02-01 21:34:12.219276,Stipend Internship Google,67835.0,Income,income,Bank Transfer,False,0.0
2,2026-02-01 23:25:12.219276,Metro Card Recharge Metro Station,320.0,Transport,expense,Credit Card,False,0.0
2,2026-02-02 10:40:12.219276,Dominos Pizza,238.0,Food,expense,UPI,False,0.0
2,2026-02-01 21:51:12.219276,Hotel room booking OYO,3390.0,Travel,expense,UPI,False,0.0
2,2026-02-02 04:04:12.219276,Gas cylinder booking Indane,465.0,Bills,expense,Credit Card,False,0.0
2,2026-02-03 04:59:12.219276,Myntra t-shirt purchase,2729.0,Shopping,expense,NetBanking,False,0.0
2,2026-02-03 05:57:12.219276,Student health insurance premium,1102.0,Healthcare,expense,Cash,False,0.0
2,2026-02-02 21:13:12.219276,Parking charges mall,241.0,Transport,expense,NetBanking,False,0.0
2,2026-02-05 07:44:12.219276,ATM Cash withdrawal Self,129.0,Miscellaneous,expense,NetBanking,False,0.0
2,2026-02-05 20:34:12.219276,Infosys Salary account credit,73083.0,Income,income,Bank Transfer,False,0.0
2,2026-02-06 09:40:12.219276,Petrol Pump HP,268.0,Transport,expense,Cash,False,0.0
2,2026-02-06 08:46:12.219276,Metro Card Recharge Metro Station,85.0,Transport,expense,Credit Card,False,0.0
2,2026-02-06 10:47:12.219276,Cough syrup & vitamins,332.0,Healthcare,expense,Cash,False,0.0
2,2026-02-07 10:43:12.219276,Auto Fare Cash,262.0,Transport,expense,UPI,False,0.0
2,2026-02-06 21:33:12.219276,Bowling Alley Arena,214.0,Entertainment,expense,Credit Card,False,0.0
2,2026-02-06 20:22:12.219276,DTH TV recharge Tata Sky,2039.0,Bills,expense,UPI,False,0.0
2,2026-02-08 07:39:12.219276,Airtel broadband wifi,442.0,Bills,expense,NetBanking,False,0.0
2,2026-02-08 01:27:12.219276,Cloud storage Google One,1819.0,Bills,expense,NetBanking,False,0.0
2,2026-02-08 23:34:12.219276,Cred cash back points,86.0,Income,income,System Wallet,False,0.0
2,2026-02-09 08:56:12.219276,DTH TV recharge Tata Sky,2072.0,Bills,expense,UPI,False,0.0
2,2026-02-10 01:38:12.219276,Apollo Pharmacy medicines,1348.0,Healthcare,expense,Cash,False,0.0
2,2026-02-09 19:43:12.219276,Shoppers Stop shoes,3120.0,Shopping,expense,NetBanking,False,0.0
2,2026-02-10 08:50:12.219276,RedBus booking home town,6091.0,Travel,expense,UPI,False,0.0
2,2026-02-10 10:14:12.219276,Gift box wrapper,51.0,Miscellaneous,expense,UPI,False,0.0
2,2026-02-10 20:34:12.219276,Infosys Salary account credit,63193.0,Income,income,Bank Transfer,False,0.0
2,2026-02-11 06:47:12.219276,First aid box bandage,540.0,Healthcare,expense,UPI,False,0.0
2,2026-02-11 23:18:12.219276,Maggie Point Gate 2,266.0,Food,expense,NetBanking,False,0.0
2,2026-02-12 07:27:12.219276,Travel agent booking ticket,5735.0,Travel,expense,NetBanking,False,0.0
2,2026-02-11 23:33:12.219276,Laundry detergent detergent shop,317.0,Miscellaneous,expense,NetBanking,False,0.0
2,2026-02-12 01:08:12.219276,Stationery shop notebook,2154.0,Shopping,expense,Cash,False,0.0
2,2026-02-12 22:25:12.219276,General Physician consultation fee,1470.0,Healthcare,expense,UPI,False,0.0
2,2026-02-12 23:05:12.219276,Ola Cab Booking,38.0,Transport,expense,Credit Card,False,0.0
2,2026-02-13 21:16:12.219276,ATM Cash withdrawal Self,374.0,Miscellaneous,expense,Cash,False,0.0
2,2026-02-14 07:41:12.219276,DTH TV recharge Tata Sky,967.0,Bills,expense,Credit Card,False,0.0
2,2026-02-14 09:32:12.219276,Amusement park ticket,404.0,Entertainment,expense,Credit Card,False,0.0
2,2026-02-14 04:51:12.219276,Apollo Pharmacy medicines,967.0,Healthcare,expense,Cash,False,0.0
2,2026-02-14 19:43:12.219276,CRITICAL SPIKE - DTH TV recharge Tata Sky,16335.0,Bills,expense,UPI,True,92.72647626969156
2,2026-02-15 08:49:12.219276,GitHub Copilot Subscription,1400.0,Bills,expense,Cash,False,0.0
2,2026-02-16 08:42:12.219276,Pub weekend entry cover charge,955.0,Entertainment,expense,Cash,False,0.0
2,2026-02-16 01:01:12.219276,Student health insurance premium,1025.0,Healthcare,expense,Cash,False,0.0
2,2026-02-16 08:27:12.219276,Spotify Premium monthly plan,408.0,Entertainment,expense,Cash,False,0.0
2,2026-02-16 20:01:12.219276,Friend Splitwise repayment,215.0,Miscellaneous,expense,UPI,False,0.0
2,2026-02-16 22:10:12.219276,Supermarket Groceries,383.0,Food,expense,Cash,False,0.0
2,2026-02-18 03:15:12.219276,Travel agent booking ticket,7173.0,Travel,expense,UPI,False,0.0
2,2026-02-19 04:16:12.219276,Board game cafe bill,652.0,Entertainment,expense,Credit Card,False,0.0
2,2026-02-18 22:41:12.219276,Campus Canteen Maggie,122.0,Food,expense,UPI,False,0.0
2,2026-02-19 21:38:12.219276,Ola Cab Booking,102.0,Transport,expense,UPI,False,0.0
2,2026-02-19 20:00:12.219276,Hotel room booking OYO,3703.0,Travel,expense,Credit Card,False,0.0
2,2026-02-20 08:30:12.219276,Train Ticket IRCTC,350.0,Transport,expense,Credit Card,False,0.0
2,2026-02-20 01:16:12.219276,Cloud storage Google One,759.0,Bills,expense,UPI,False,0.0
2,2026-02-20 19:44:12.219276,Zomato Order,255.0,Food,expense,Credit Card,False,0.0
2,2026-02-20 20:08:12.219276,Gift box wrapper,180.0,Miscellaneous,expense,UPI,False,0.0
2,2026-02-21 06:41:12.219276,Juice Shop hostel,342.0,Food,expense,UPI,False,0.0
2,2026-02-20 23:51:12.219276,Netflix subscription premium,820.0,Entertainment,expense,UPI,False,0.0
2,2026-02-22 11:01:12.219276,Petrol Pump HP,312.0,Transport,expense,Credit Card,False,0.0
2,2026-02-23 07:40:12.219276,Concert ticket EDM show,504.0,Entertainment,expense,NetBanking,False,0.0
2,2026-02-23 09:30:12.219276,Airtel broadband wifi,943.0,Bills,expense,Credit Card,False,0.0
2,2026-02-22 23:12:12.219276,Airbnb stay vacation room,6885.0,Travel,expense,NetBanking,False,0.0
2,2026-02-24 04:11:12.219276,Gas cylinder booking Indane,363.0,Bills,expense,UPI,False,0.0
2,2026-02-25 06:01:12.219276,Lost cash wallet,253.0,Miscellaneous,expense,UPI,False,0.0
2,2026-02-25 06:43:12.219276,Shoppers Stop shoes,1404.0,Shopping,expense,NetBanking,False,0.0
2,2026-02-25 05:47:12.219276,Water supply bill,139.0,Bills,expense,UPI,False,0.0
2,2026-02-24 21:58:12.219276,Luggage bag purchase Safari,4634.0,Travel,expense,Cash,False,0.0
2,2026-02-25 22:10:12.219276,Friend Splitwise repayment,102.0,Miscellaneous,expense,Cash,False,0.0
2,2026-02-27 11:05:12.219276,Cough syrup & vitamins,855.0,Healthcare,expense,UPI,False,0.0
2,2026-02-27 01:12:12.219276,Campus Canteen Maggie,295.0,Food,expense,Credit Card,False,0.0
2,2026-02-26 20:15:12.219276,DTH TV recharge Tata Sky,1068.0,Bills,expense,NetBanking,False,0.0
2,2026-02-27 21:31:12.219276,Burger King combo,316.0,Food,expense,Credit Card,False,0.0
2,2026-02-27 22:04:12.219276,Temple donation offering,70.0,Miscellaneous,expense,UPI,False,0.0
2,2026-02-28 07:39:12.219276,Shell Fuel Station,184.0,Transport,expense,NetBanking,False,0.0
2,2026-02-28 05:18:12.219276,Lost cash wallet,302.0,Miscellaneous,expense,Credit Card,False,0.0
2,2026-02-28 21:26:12.219276,Petrol Pump HP,346.0,Transport,expense,UPI,False,0.0
2,2026-03-01 02:44:12.219276,Dominos Pizza,133.0,Food,expense,Credit Card,False,0.0
2,2026-02-28 20:33:12.219276,Local Bus Ticket,218.0,Transport,expense,Cash,False,0.0
2,2026-03-01 20:34:12.219276,Monthly Salary Net Credit,68509.0,Income,income,Bank Transfer,False,0.0
2,2026-03-02 04:18:12.219276,Auto Fare Cash,198.0,Transport,expense,Credit Card,False,0.0
2,2026-03-02 06:29:12.219276,Zara retail mall,2789.0,Shopping,expense,UPI,False,0.0
2,2026-03-03 11:16:12.219276,Multivitamins health supplements,450.0,Healthcare,expense,UPI,False,0.0
2,2026-03-03 02:39:12.219276,Hotel room booking OYO,4637.0,Travel,expense,Credit Card,False,0.0
2,2026-03-03 02:18:12.219276,Hostel Electricity surcharge,439.0,Bills,expense,UPI,False,0.0
2,2026-03-03 02:03:12.219276,Ola Cab Booking,283.0,Transport,expense,UPI,False,0.0
2,2026-03-04 06:22:12.219276,MakeMyTrip flight Bangalore to Delhi,4788.0,Travel,expense,Cash,False,0.0
2,2026-03-05 06:58:12.219276,Decathlon sports gear,832.0,Shopping,expense,UPI,False,0.0
2,2026-03-05 01:38:12.219276,Luggage bag purchase Safari,6206.0,Travel,expense,Credit Card,False,0.0
2,2026-03-04 22:43:12.219276,DTH TV recharge Tata Sky,772.0,Bills,expense,Cash,False,0.0
2,2026-03-05 20:34:12.219276,Stipend Internship Google,88711.0,Income,income,Bank Transfer,False,0.0
2,2026-03-06 11:16:12.219276,Burger King combo,315.0,Food,expense,UPI,False,0.0
2,2026-03-07 01:43:12.219276,Water supply bill,2354.0,Bills,expense,Credit Card,False,0.0
2,2026-03-07 09:51:12.219276,First aid box bandage,1082.0,Healthcare,expense,UPI,False,0.0
2,2026-03-09 04:07:12.219276,Concert ticket EDM show,537.0,Entertainment,expense,Cash,False,0.0
2,2026-03-09 02:41:12.219276,Luggage bag purchase Safari,5551.0,Travel,expense,UPI,False,0.0
2,2026-03-09 03:49:12.219276,Spotify Premium monthly plan,258.0,Entertainment,expense,Cash,False,0.0
2,2026-03-10 03:34:12.219276,Coding gig client work,1127.0,Income,income,UPI,False,0.0
2,2026-03-10 10:47:12.219276,Dentist consultation clinic,650.0,Healthcare,expense,NetBanking,False,0.0
2,2026-03-10 05:20:12.219276,Local thrift store jacket,1823.0,Shopping,expense,Cash,False,0.0
2,2026-03-10 11:21:12.219276,Zomato Order,174.0,Food,expense,Cash,False,0.0
2,2026-03-10 21:34:12.219276,Wipro software engineer salary,87936.0,Income,income,Bank Transfer,False,0.0
2,2026-03-12 05:35:12.219276,RedBus booking home town,2104.0,Travel,expense,Credit Card,False,0.0
2,2026-03-12 07:04:12.219276,Flipkart electronics gadget,715.0,Shopping,expense,UPI,False,0.0
2,2026-03-13 05:27:12.219276,Amusement park ticket,374.0,Entertainment,expense,UPI,False,0.0
2,2026-03-12 22:40:12.219276,Board game cafe bill,1180.0,Entertainment,expense,UPI,False,0.0
2,2026-03-13 04:16:12.219276,Gas cylinder booking Indane,1953.0,Bills,expense,NetBanking,False,0.0
2,2026-03-14 10:41:12.219276,MakeMyTrip flight Bangalore to Delhi,4888.0,Travel,expense,NetBanking,False,0.0
2,2026-03-14 03:16:12.219276,GitHub Copilot Subscription,184.0,Bills,expense,Credit Card,False,0.0
2,2026-03-15 06:47:12.219276,MakeMyTrip flight Bangalore to Delhi,4001.0,Travel,expense,Credit Card,False,0.0
2,2026-03-15 10:30:12.219276,Local Bus Ticket,223.0,Transport,expense,NetBanking,False,0.0
2,2026-03-16 04:46:12.219276,Gas cylinder booking Indane,1701.0,Bills,expense,NetBanking,False,0.0
2,2026-03-15 23:01:12.219276,Biryani House Restaurant,346.0,Food,expense,Cash,False,0.0
2,2026-03-17 00:03:12.219276,Hostel Electricity surcharge,551.0,Bills,expense,Credit Card,False,0.0
2,2026-03-17 05:05:12.219276,Decathlon sports gear,1586.0,Shopping,expense,UPI,False,0.0
2,2026-03-17 01:52:12.219276,Water supply bill,1307.0,Bills,expense,UPI,False,0.0
2,2026-03-17 07:16:12.219276,Uber Auto Ride,280.0,Transport,expense,Credit Card,False,0.0
2,2026-03-19 03:43:12.219276,GitHub Copilot Subscription,2396.0,Bills,expense,UPI,False,0.0
2,2026-03-19 11:33:12.219276,Laser tag game weekend,315.0,Entertainment,expense,UPI,False,0.0
2,2026-03-20 04:45:12.219276,Gym membership monthly fee,400.0,Healthcare,expense,NetBanking,False,0.0
2,2026-03-20 03:42:12.219276,Cough syrup & vitamins,1384.0,Healthcare,expense,UPI,False,0.0
2,2026-03-20 05:10:12.219276,First aid box bandage,608.0,Healthcare,expense,UPI,False,0.0
2,2026-03-20 22:42:12.219276,Friend Splitwise repayment,242.0,Miscellaneous,expense,Credit Card,False,0.0
2,2026-03-21 09:56:12.219276,Laundry detergent detergent shop,405.0,Miscellaneous,expense,NetBanking,False,0.0
2,2026-03-20 20:32:12.219276,Multivitamins health supplements,1061.0,Healthcare,expense,Credit Card,False,0.0
2,2026-03-22 06:42:12.219276,Metro Card Recharge Metro Station,344.0,Transport,expense,UPI,False,0.0
2,2026-03-21 23:59:12.219276,Temple donation offering,499.0,Miscellaneous,expense,Credit Card,False,0.0
2,2026-03-21 21:37:12.219276,Noodles corner,345.0,Food,expense,UPI,False,0.0
2,2026-03-24 21:18:12.219276,Travel agent booking ticket,4714.0,Travel,expense,UPI,False,0.0
2,2026-03-24 23:48:12.219276,Board game cafe bill,445.0,Entertainment,expense,Credit Card,False,0.0
2,2026-03-25 11:13:12.219276,Flipkart electronics gadget,2973.0,Shopping,expense,UPI,False,0.0
2,2026-03-24 22:49:12.219276,CRITICAL SPIKE - Spotify Premium monthly plan,4305.0,Entertainment,expense,Cash,True,85.09476655719784
2,2026-03-25 22:53:12.219276,KFC Chicken meal,338.0,Food,expense,UPI,False,0.0
2,2026-03-26 04:26:12.219276,Multivitamins health supplements,576.0,Healthcare,expense,Cash,False,0.0
2,2026-03-25 19:45:12.219276,Travel agent booking ticket,7055.0,Travel,expense,UPI,False,0.0
2,2026-03-27 11:04:12.219276,Decathlon sports gear,3437.0,Shopping,expense,UPI,False,0.0
2,2026-03-29 10:00:12.219276,Hostel Electricity surcharge,1702.0,Bills,expense,UPI,False,0.0
2,2026-03-29 07:34:12.219276,Student health insurance premium,257.0,Healthcare,expense,UPI,False,0.0
2,2026-03-29 00:03:12.219276,Electricity bill board,1920.0,Bills,expense,NetBanking,False,0.0
2,2026-03-30 01:56:12.219276,Electricity bill board,748.0,Bills,expense,Cash,False,0.0
2,2026-03-30 07:15:12.219276,Laundry detergent detergent shop,312.0,Miscellaneous,expense,UPI,False,0.0
2,2026-03-30 07:38:12.219276,Cloud storage Google One,673.0,Bills,expense,NetBanking,False,0.0
2,2026-03-31 03:42:12.219276,Multivitamins health supplements,1440.0,Healthcare,expense,Cash,False,0.0
2,2026-03-30 21:36:12.219276,Gas cylinder booking Indane,2494.0,Bills,expense,Credit Card,False,0.0
2,2026-03-31 11:33:12.219276,KFC Chicken meal,161.0,Food,expense,UPI,False,0.0
2,2026-04-01 08:22:12.219276,Gaming Zone Arcade Mall,365.0,Entertainment,expense,UPI,False,0.0
2,2026-03-31 21:28:12.219276,Dentist consultation clinic,326.0,Healthcare,expense,UPI,False,0.0
2,2026-04-01 22:34:12.219276,Monthly Salary Net Credit,74468.0,Income,income,Bank Transfer,False,0.0
2,2026-04-03 01:46:12.219276,Toll plaza fee,260.0,Transport,expense,Cash,False,0.0
2,2026-04-03 02:21:12.219276,Cloud storage Google One,1892.0,Bills,expense,UPI,False,0.0
2,2026-04-04 01:36:12.219276,Spotify Premium monthly plan,199.0,Entertainment,expense,UPI,False,0.0
2,2026-04-03 21:55:12.219276,Amazon shopping clothes,1872.0,Shopping,expense,Cash,False,0.0
2,2026-04-04 10:46:12.219276,H&M jeans,3389.0,Shopping,expense,Cash,False,0.0
2,2026-04-04 00:25:12.219276,Pub weekend entry cover charge,1120.0,Entertainment,expense,NetBanking,False,0.0
2,2026-04-04 22:34:12.219276,Credit card cash back reward,106.0,Income,income,System Wallet,False,0.0
2,2026-04-05 10:48:12.219276,Metro Card Recharge Metro Station,294.0,Transport,expense,UPI,False,0.0
2,2026-04-05 05:33:12.219276,Biryani House Restaurant,356.0,Food,expense,UPI,False,0.0
2,2026-04-05 04:38:12.219276,DTH TV recharge Tata Sky,1565.0,Bills,expense,UPI,False,0.0
2,2026-04-05 04:59:12.219276,Temple donation offering,173.0,Miscellaneous,expense,Cash,False,0.0
2,2026-04-05 20:34:12.219276,Infosys Salary account credit,61856.0,Income,income,Bank Transfer,False,0.0
2,2026-04-06 06:30:12.219276,Swiggy Delivery Hyderabad,253.0,Food,expense,UPI,False,0.0
2,2026-04-05 20:49:12.219276,Dominos Pizza,184.0,Food,expense,NetBanking,False,0.0
2,2026-04-06 22:30:12.219276,Maggie Point Gate 2,116.0,Food,expense,Cash,False,0.0
2,2026-04-06 22:36:12.219276,Laundry detergent detergent shop,116.0,Miscellaneous,expense,UPI,False,0.0
2,2026-04-07 10:53:12.219276,Luggage bag purchase Safari,3845.0,Travel,expense,Credit Card,False,0.0
2,2026-04-07 08:17:12.219276,Netflix subscription premium,263.0,Entertainment,expense,UPI,False,0.0
2,2026-04-09 23:02:12.219276,Book Store college textbooks,3272.0,Shopping,expense,UPI,False,0.0
2,2026-04-10 09:32:12.219276,Car rental service,218.0,Transport,expense,NetBanking,False,0.0
2,2026-04-10 03:00:12.219276,Starbucks Coffee,198.0,Food,expense,UPI,False,0.0
2,2026-04-10 20:34:12.219276,Infosys Salary account credit,78613.0,Income,income,Bank Transfer,False,0.0
2,2026-04-12 04:36:12.219276,Zomato Order,109.0,Food,expense,UPI,False,0.0
2,2026-04-12 23:16:12.219276,Concert ticket EDM show,415.0,Entertainment,expense,Credit Card,False,0.0
2,2026-04-13 11:19:12.219276,Ola Cab Booking,158.0,Transport,expense,UPI,False,0.0
2,2026-04-13 05:29:12.219276,Jio Prepaid Mobile Recharge,1916.0,Bills,expense,NetBanking,False,0.0
2,2026-04-12 22:37:12.219276,Board game cafe bill,697.0,Entertainment,expense,Cash,False,0.0
2,2026-04-14 02:53:12.219276,Hotel room booking OYO,2642.0,Travel,expense,UPI,False,0.0
2,2026-04-13 20:49:12.219276,Friend Splitwise repayment,112.0,Miscellaneous,expense,UPI,False,0.0
2,2026-04-14 11:27:12.219276,Travel agent booking ticket,5717.0,Travel,expense,UPI,False,0.0
2,2026-04-15 01:34:12.219276,Credit card cash back reward,108.0,Income,income,System Wallet,False,0.0
2,2026-04-16 03:34:12.219276,Cred cash back points,14.0,Income,income,System Wallet,False,0.0
2,2026-04-16 09:08:12.219276,MakeMyTrip flight Bangalore to Delhi,3838.0,Travel,expense,UPI,False,0.0
2,2026-04-15 20:32:12.219276,Supermarket Groceries,236.0,Food,expense,NetBanking,False,0.0
2,2026-04-16 09:29:12.219276,Hostel Electricity surcharge,986.0,Bills,expense,NetBanking,False,0.0
2,2026-04-18 03:44:12.219276,General Physician consultation fee,1295.0,Healthcare,expense,Cash,False,0.0
2,2026-04-18 04:25:12.219276,Multivitamins health supplements,687.0,Healthcare,expense,UPI,False,0.0
2,2026-04-18 06:10:12.219276,Water supply bill,1123.0,Bills,expense,NetBanking,False,0.0
2,2026-04-18 04:24:12.219276,Apollo Pharmacy medicines,1460.0,Healthcare,expense,NetBanking,False,0.0
2,2026-04-19 04:28:12.219276,Zomato Order,237.0,Food,expense,NetBanking,False,0.0
2,2026-04-19 09:36:12.219276,Stationery shop notebook,2295.0,Shopping,expense,UPI,False,0.0
2,2026-04-18 21:51:12.219276,Cloud storage Google One,2379.0,Bills,expense,UPI,False,0.0
2,2026-04-19 03:50:12.219276,Lost cash wallet,82.0,Miscellaneous,expense,NetBanking,False,0.0
2,2026-04-20 02:41:12.219276,BookMyShow Movie Ticket PVR,450.0,Entertainment,expense,UPI,False,0.0
2,2026-04-21 02:37:12.219276,Laundry detergent detergent shop,346.0,Miscellaneous,expense,Cash,False,0.0
2,2026-04-22 02:56:12.219276,Electricity bill board,1547.0,Bills,expense,UPI,False,0.0
2,2026-04-21 21:49:12.219276,Ola Cab Booking,289.0,Transport,expense,Cash,False,0.0
2,2026-04-22 23:35:12.219276,DTH TV recharge Tata Sky,392.0,Bills,expense,NetBanking,False,0.0
2,2026-04-23 10:52:12.219276,Gas cylinder booking Indane,1472.0,Bills,expense,NetBanking,False,0.0
2,2026-04-22 19:40:12.219276,Dominos Pizza,268.0,Food,expense,UPI,False,0.0
2,2026-04-23 06:47:12.219276,Bowling Alley Arena,1196.0,Entertainment,expense,Cash,False,0.0
2,2026-04-23 22:33:12.219276,Supermarket Groceries,156.0,Food,expense,UPI,False,0.0
2,2026-04-24 09:08:12.219276,Pub weekend entry cover charge,1181.0,Entertainment,expense,Cash,False,0.0
2,2026-04-24 09:54:12.219276,Bike taxi Rapido,56.0,Transport,expense,Cash,False,0.0
2,2026-04-24 05:49:12.219276,Jio Prepaid Mobile Recharge,2456.0,Bills,expense,UPI,False,0.0
2,2026-04-25 03:02:12.219276,Amusement park ticket,794.0,Entertainment,expense,UPI,False,0.0
2,2026-04-24 22:32:12.219276,Cough syrup & vitamins,363.0,Healthcare,expense,Cash,False,0.0
2,2026-04-26 03:23:12.219276,Amusement park ticket,1007.0,Entertainment,expense,UPI,False,0.0
2,2026-04-26 05:54:12.219276,Student health insurance premium,1440.0,Healthcare,expense,NetBanking,False,0.0
2,2026-04-26 11:14:12.219276,Ola Cab Booking,239.0,Transport,expense,UPI,False,0.0
2,2026-04-27 04:22:12.219276,Stationery shop notebook,463.0,Shopping,expense,Credit Card,False,0.0
2,2026-04-28 00:38:12.219276,Metro Card Recharge Metro Station,47.0,Transport,expense,UPI,False,0.0
2,2026-04-28 08:56:12.219276,Decathlon sports gear,3950.0,Shopping,expense,Credit Card,False,0.0
2,2026-04-27 22:55:12.219276,Book Store college textbooks,3254.0,Shopping,expense,NetBanking,False,0.0
2,2026-04-29 10:32:12.219276,Toll plaza fee,53.0,Transport,expense,NetBanking,False,0.0
2,2026-04-29 00:20:12.219276,Multivitamins health supplements,1092.0,Healthcare,expense,Credit Card,False,0.0
2,2026-04-30 07:17:12.219276,ATM Cash withdrawal Self,127.0,Miscellaneous,expense,Cash,False,0.0
2,2026-04-30 04:23:12.219276,Airbnb stay vacation room,4625.0,Travel,expense,Cash,False,0.0
2,2026-04-30 08:52:12.219276,Local Bus Ticket,182.0,Transport,expense,UPI,False,0.0
2,2026-04-29 21:26:12.219276,DTH TV recharge Tata Sky,1404.0,Bills,expense,UPI,False,0.0
2,2026-05-01 05:40:12.219276,First aid box bandage,769.0,Healthcare,expense,Cash,False,0.0
2,2026-05-01 21:34:12.219276,Wipro software engineer salary,69332.0,Income,income,Bank Transfer,False,0.0
2,2026-05-02 04:12:12.219276,Airbnb stay vacation room,3832.0,Travel,expense,NetBanking,False,0.0
2,2026-05-02 00:35:12.219276,Local Bus Ticket,172.0,Transport,expense,UPI,False,0.0
2,2026-05-04 06:47:12.219276,Friend Splitwise repayment,53.0,Miscellaneous,expense,UPI,False,0.0
2,2026-05-04 05:32:12.219276,DTH TV recharge Tata Sky,1922.0,Bills,expense,Credit Card,False,0.0
2,2026-05-04 10:50:12.219276,Toll plaza fee,91.0,Transport,expense,Credit Card,False,0.0
2,2026-05-04 07:25:12.219276,Metro Card Recharge Metro Station,172.0,Transport,expense,UPI,False,0.0
2,2026-05-04 23:34:12.219276,Part time tutoring kid,1539.0,Income,income,UPI,False,0.0
2,2026-05-04 22:19:12.219276,Hostel Electricity surcharge,1957.0,Bills,expense,Cash,False,0.0
2,2026-05-05 05:46:12.219276,Electricity bill board,1875.0,Bills,expense,Cash,False,0.0
2,2026-05-04 19:49:12.219276,Gift box wrapper,478.0,Miscellaneous,expense,UPI,False,0.0
2,2026-05-05 01:50:12.219276,Nike showroom sneakers,1940.0,Shopping,expense,UPI,False,0.0
2,2026-05-05 23:34:12.219276,Stipend Internship Google,64962.0,Income,income,Bank Transfer,False,0.0
2,2026-05-06 01:34:12.219276,Airtel broadband wifi,913.0,Bills,expense,UPI,False,0.0
2,2026-05-06 00:36:12.219276,Dentist consultation clinic,1204.0,Healthcare,expense,UPI,False,0.0
2,2026-05-06 03:14:12.219276,General Physician consultation fee,1456.0,Healthcare,expense,Cash,False,0.0
2,2026-05-07 11:05:12.219276,Flipkart electronics gadget,3843.0,Shopping,expense,NetBanking,False,0.0
2,2026-05-07 02:41:12.219276,Cough syrup & vitamins,1312.0,Healthcare,expense,UPI,False,0.0
2,2026-05-06 22:45:12.219276,DTH TV recharge Tata Sky,1931.0,Bills,expense,Credit Card,False,0.0
2,2026-05-07 00:23:12.219276,Hotel room booking OYO,7411.0,Travel,expense,Credit Card,False,0.0
2,2026-05-08 02:30:12.219276,Eye test & spectacles frames,259.0,Healthcare,expense,Cash,False,0.0
2,2026-05-08 06:00:12.219276,Apollo Pharmacy medicines,1351.0,Healthcare,expense,NetBanking,False,0.0
2,2026-05-08 04:05:12.219276,Multivitamins health supplements,1070.0,Healthcare,expense,UPI,False,0.0
2,2026-05-09 01:08:12.219276,Campus Canteen Maggie,309.0,Food,expense,Cash,False,0.0
2,2026-05-08 20:20:12.219276,Spotify Premium monthly plan,825.0,Entertainment,expense,Cash,False,0.0
2,2026-05-10 02:34:12.219276,GPay cashback reward,95.0,Income,income,System Wallet,False,0.0
2,2026-05-10 01:44:12.219276,Parking charges mall,55.0,Transport,expense,NetBanking,False,0.0
2,2026-05-10 01:32:12.219276,Laundry detergent detergent shop,490.0,Miscellaneous,expense,NetBanking,False,0.0
2,2026-05-09 19:36:12.219276,Gas cylinder booking Indane,1793.0,Bills,expense,UPI,False,0.0
2,2026-05-10 10:36:12.219276,Chai Tapri Tea & Samosa,349.0,Food,expense,Credit Card,False,0.0
2,2026-05-10 22:34:12.219276,TCS Payroll credit,69276.0,Income,income,Bank Transfer,False,0.0
2,2026-05-10 22:34:12.219276,Part time tutoring kid,1315.0,Income,income,UPI,False,0.0
2,2026-05-10 22:06:12.219276,Student health insurance premium,752.0,Healthcare,expense,UPI,False,0.0
2,2026-05-10 23:40:12.219276,Apollo Pharmacy medicines,230.0,Healthcare,expense,Cash,False,0.0
2,2026-05-11 09:06:12.219276,Eye test & spectacles frames,1440.0,Healthcare,expense,NetBanking,False,0.0
2,2026-05-12 10:58:12.219276,Cloud storage Google One,930.0,Bills,expense,Cash,False,0.0
2,2026-05-12 04:04:12.219276,DTH TV recharge Tata Sky,481.0,Bills,expense,Credit Card,False,0.0
2,2026-05-13 07:57:12.219276,Friend Splitwise repayment,245.0,Miscellaneous,expense,Credit Card,False,0.0
2,2026-05-12 19:59:12.219276,Gift box wrapper,105.0,Miscellaneous,expense,Cash,False,0.0
2,2026-05-13 04:55:12.219276,Amusement park ticket,907.0,Entertainment,expense,UPI,False,0.0
2,2026-05-13 02:29:12.219276,H&M jeans,742.0,Shopping,expense,UPI,False,0.0
2,2026-05-14 02:37:12.219276,Spotify Premium monthly plan,439.0,Entertainment,expense,Credit Card,False,0.0
2,2026-05-13 23:36:12.219276,Hotel room booking OYO,5373.0,Travel,expense,NetBanking,False,0.0
2,2026-05-14 11:08:12.219276,DTH TV recharge Tata Sky,122.0,Bills,expense,UPI,False,0.0
2,2026-05-14 11:06:12.219276,Hotel room booking OYO,7341.0,Travel,expense,Credit Card,False,0.0
2,2026-05-15 22:44:12.219276,Shell Fuel Station,95.0,Transport,expense,UPI,False,0.0
2,2026-05-16 10:44:12.219276,Amusement park ticket,382.0,Entertainment,expense,Credit Card,False,0.0
2,2026-05-16 08:59:12.219276,Laundry detergent detergent shop,121.0,Miscellaneous,expense,Cash,False,0.0
2,2026-05-17 01:34:12.219276,TA Stipend College Dept,1405.0,Income,income,UPI,False,0.0
2,2026-05-17 05:07:12.219276,Gas cylinder booking Indane,2409.0,Bills,expense,UPI,False,0.0
2,2026-05-17 11:03:12.219276,Pub weekend entry cover charge,910.0,Entertainment,expense,NetBanking,False,0.0
2,2026-05-16 19:54:12.219276,Bowling Alley Arena,427.0,Entertainment,expense,Credit Card,False,0.0
2,2026-05-17 05:18:12.219276,Student health insurance premium,507.0,Healthcare,expense,UPI,False,0.0
2,2026-05-18 21:56:12.219276,Uber Auto Ride,349.0,Transport,expense,UPI,False,0.0
2,2026-05-19 03:52:12.219276,Friend Splitwise repayment,226.0,Miscellaneous,expense,UPI,False,0.0
2,2026-05-20 01:38:12.219276,Gas cylinder booking Indane,1751.0,Bills,expense,Cash,False,0.0
2,2026-05-20 04:10:12.219276,Myntra t-shirt purchase,3392.0,Shopping,expense,UPI,False,0.0
2,2026-05-20 06:10:12.219276,Metro Card Recharge Metro Station,297.0,Transport,expense,Credit Card,False,0.0
2,2026-05-21 01:39:12.219276,Cloud storage Google One,957.0,Bills,expense,UPI,False,0.0
2,2026-05-21 05:38:12.219276,Zara retail mall,1075.0,Shopping,expense,UPI,False,0.0
2,2026-05-21 10:54:12.219276,Dominos Pizza,341.0,Food,expense,Credit Card,False,0.0
2,2026-05-21 08:23:12.219276,GitHub Copilot Subscription,580.0,Bills,expense,Credit Card,False,0.0
3,2025-05-21 01:44:12.219276,Hostel Electricity surcharge,2238.0,Bills,expense,UPI,False,0.0
3,2025-05-21 04:17:12.219276,Airtel broadband wifi,1890.0,Bills,expense,Credit Card,False,0.0
3,2025-05-20 20:29:12.219276,Bike taxi Rapido,252.0,Transport,expense,UPI,False,0.0
3,2025-05-22 07:57:12.219276,DTH TV recharge Tata Sky,975.0,Bills,expense,UPI,False,0.0
3,2025-05-22 01:34:12.219276,Sunglasses purchase store,443.0,Shopping,expense,NetBanking,False,0.0
3,2025-05-21 20:12:12.219276,Gas cylinder booking Indane,485.0,Bills,expense,NetBanking,False,0.0
3,2025-05-23 04:14:12.219276,Airbnb stay vacation room,2359.0,Travel,expense,NetBanking,False,0.0
3,2025-05-23 10:05:12.219276,Biryani House Restaurant,95.0,Food,expense,Credit Card,False,0.0
3,2025-05-24 01:29:12.219276,Uber Auto Ride,219.0,Transport,expense,UPI,False,0.0
3,2025-05-23 21:02:12.219276,Myntra t-shirt purchase,2118.0,Shopping,expense,UPI,False,0.0
3,2025-05-24 02:15:12.219276,Maggie Point Gate 2,129.0,Food,expense,NetBanking,False,0.0
3,2025-05-24 01:31:12.219276,Maggie Point Gate 2,424.0,Food,expense,NetBanking,False,0.0
3,2025-05-24 21:46:12.219276,ATM Cash withdrawal Self,390.0,Miscellaneous,expense,UPI,False,0.0
3,2025-05-25 09:36:12.219276,Friend Splitwise repayment,423.0,Miscellaneous,expense,UPI,False,0.0
3,2025-05-26 04:51:12.219276,Laundry detergent detergent shop,138.0,Miscellaneous,expense,UPI,False,0.0
3,2025-05-28 01:20:12.219276,Car rental service,267.0,Transport,expense,UPI,False,0.0
3,2025-05-28 01:24:12.219276,Metro Card Recharge Metro Station,192.0,Transport,expense,UPI,False,0.0
3,2025-05-28 02:53:12.219276,Starbucks Coffee,406.0,Food,expense,UPI,False,0.0
3,2025-05-28 00:51:12.219276,BookMyShow Movie Ticket PVR,785.0,Entertainment,expense,NetBanking,False,0.0
3,2025-05-29 00:52:12.219276,Eye test & spectacles frames,585.0,Healthcare,expense,UPI,False,0.0
3,2025-05-29 06:56:12.219276,Cloud storage Google One,1183.0,Bills,expense,NetBanking,False,0.0
3,2025-05-30 07:43:12.219276,Travel agent booking ticket,7628.0,Travel,expense,UPI,False,0.0
3,2025-05-30 07:15:12.219276,Temple donation offering,157.0,Miscellaneous,expense,Credit Card,False,0.0
3,2025-05-30 03:39:12.219276,Jio Prepaid Mobile Recharge,1501.0,Bills,expense,Cash,False,0.0
3,2025-05-29 21:33:12.219276,Friend Splitwise repayment,182.0,Miscellaneous,expense,NetBanking,False,0.0
3,2025-05-31 08:16:12.219276,RedBus booking home town,5827.0,Travel,expense,NetBanking,False,0.0
3,2025-06-01 20:34:12.219276,Wipro software engineer salary,145959.0,Income,income,Bank Transfer,False,0.0
3,2025-06-03 04:44:12.219276,Gas cylinder booking Indane,510.0,Bills,expense,NetBanking,False,0.0
3,2025-06-03 10:11:12.219276,Luggage bag purchase Safari,3525.0,Travel,expense,Credit Card,False,0.0
3,2025-06-03 07:12:12.219276,Gym membership monthly fee,1169.0,Healthcare,expense,NetBanking,False,0.0
3,2025-06-03 23:00:12.219276,Electricity bill board,1059.0,Bills,expense,Cash,False,0.0
3,2025-06-04 01:06:12.219276,General Physician consultation fee,1382.0,Healthcare,expense,UPI,False,0.0
3,2025-06-04 02:10:12.219276,Flipkart electronics gadget,2844.0,Shopping,expense,Cash,False,0.0
3,2025-06-05 07:03:12.219276,Electricity bill board,470.0,Bills,expense,UPI,False,0.0
3,2025-06-05 23:34:12.219276,Stipend Internship Google,110835.0,Income,income,Bank Transfer,False,0.0
3,2025-06-06 01:34:12.219276,Freelance Web Design payment,904.0,Income,income,UPI,False,0.0
3,2025-06-05 22:20:12.219276,Metro Card Recharge Metro Station,150.0,Transport,expense,Credit Card,False,0.0
3,2025-06-06 08:18:12.219276,CRITICAL SPIKE - BookMyShow Movie Ticket PVR,13740.0,Entertainment,expense,Credit Card,True,73.98324510915425
3,2025-06-07 07:42:12.219276,Multivitamins health supplements,697.0,Healthcare,expense,UPI,False,0.0
3,2025-06-07 09:12:12.219276,Airtel broadband wifi,1737.0,Bills,expense,NetBanking,False,0.0
3,2025-06-06 19:48:12.219276,First aid box bandage,346.0,Healthcare,expense,Cash,False,0.0
3,2025-06-08 08:32:12.219276,Bowling Alley Arena,891.0,Entertainment,expense,UPI,False,0.0
3,2025-06-09 00:34:12.219276,Freelance Web Design payment,2247.0,Income,income,UPI,False,0.0
3,2025-06-09 23:52:12.219276,Petrol Pump HP,226.0,Transport,expense,Credit Card,False,0.0
3,2025-06-10 00:44:12.219276,DTH TV recharge Tata Sky,2068.0,Bills,expense,Credit Card,False,0.0
3,2025-06-10 07:17:12.219276,First aid box bandage,417.0,Healthcare,expense,UPI,False,0.0
3,2025-06-10 23:34:12.219276,Monthly Salary Net Credit,142983.0,Income,income,Bank Transfer,False,0.0
3,2025-06-12 08:01:12.219276,Laundry detergent detergent shop,401.0,Miscellaneous,expense,Credit Card,False,0.0
3,2025-06-13 07:23:12.219276,General Physician consultation fee,1498.0,Healthcare,expense,Credit Card,False,0.0
3,2025-06-12 23:24:12.219276,Travel agent booking ticket,4744.0,Travel,expense,NetBanking,False,0.0
3,2025-06-13 19:55:12.219276,Laundry detergent detergent shop,495.0,Miscellaneous,expense,UPI,False,0.0
3,2025-06-14 08:37:12.219276,Jio Prepaid Mobile Recharge,2209.0,Bills,expense,Credit Card,False,0.0
3,2025-06-14 09:57:12.219276,Hotel room booking OYO,2326.0,Travel,expense,Credit Card,False,0.0
3,2025-06-15 02:34:12.219276,Cred cash back points,118.0,Income,income,System Wallet,False,0.0
3,2025-06-15 08:35:12.219276,Juice Shop hostel,216.0,Food,expense,NetBanking,False,0.0
3,2025-06-14 22:56:12.219276,Hotel room booking OYO,4438.0,Travel,expense,Cash,False,0.0
3,2025-06-16 00:20:12.219276,Eye test & spectacles frames,558.0,Healthcare,expense,UPI,False,0.0
3,2025-06-16 07:03:12.219276,H&M jeans,2421.0,Shopping,expense,NetBanking,False,0.0
3,2025-06-16 06:36:12.219276,Board game cafe bill,1088.0,Entertainment,expense,NetBanking,False,0.0
3,2025-06-16 08:06:12.219276,Nike showroom sneakers,3364.0,Shopping,expense,UPI,False,0.0
3,2025-06-17 22:27:12.219276,Gym membership monthly fee,245.0,Healthcare,expense,NetBanking,False,0.0
3,2025-06-18 03:18:12.219276,Dentist consultation clinic,592.0,Healthcare,expense,NetBanking,False,0.0
3,2025-06-19 04:06:12.219276,RedBus booking home town,5579.0,Travel,expense,UPI,False,0.0
3,2025-06-19 03:34:12.219276,Biryani House Restaurant,284.0,Food,expense,NetBanking,False,0.0
3,2025-06-20 22:48:12.219276,Hostel Electricity surcharge,1994.0,Bills,expense,NetBanking,False,0.0
3,2025-06-22 10:11:12.219276,Spotify Premium monthly plan,739.0,Entertainment,expense,Cash,False,0.0
3,2025-06-21 19:55:12.219276,Cough syrup & vitamins,1308.0,Healthcare,expense,Cash,False,0.0
3,2025-06-23 02:08:12.219276,RedBus booking home town,5784.0,Travel,expense,Credit Card,False,0.0
3,2025-06-22 22:14:12.219276,H&M jeans,1997.0,Shopping,expense,UPI,False,0.0
3,2025-06-24 06:02:12.219276,Local Bus Ticket,301.0,Transport,expense,NetBanking,False,0.0
3,2025-06-24 07:10:12.219276,MakeMyTrip flight Bangalore to Delhi,3277.0,Travel,expense,UPI,False,0.0
3,2025-06-25 23:58:12.219276,Gift box wrapper,301.0,Miscellaneous,expense,Credit Card,False,0.0
3,2025-06-26 04:45:12.219276,Ola Cab Booking,232.0,Transport,expense,UPI,False,0.0
3,2025-06-27 03:54:12.219276,Laundry detergent detergent shop,230.0,Miscellaneous,expense,Credit Card,False,0.0
3,2025-06-27 07:48:12.219276,Water supply bill,1401.0,Bills,expense,Cash,False,0.0
3,2025-06-27 01:33:12.219276,Multivitamins health supplements,1150.0,Healthcare,expense,Credit Card,False,0.0
3,2025-06-28 01:17:12.219276,Electricity bill board,2281.0,Bills,expense,Credit Card,False,0.0
3,2025-06-28 08:46:12.219276,Shell Fuel Station,327.0,Transport,expense,Credit Card,False,0.0
3,2025-06-27 22:12:12.219276,Biryani House Restaurant,194.0,Food,expense,Cash,False,0.0
3,2025-06-29 11:17:12.219276,Maggie Point Gate 2,392.0,Food,expense,Cash,False,0.0
3,2025-06-29 02:28:12.219276,Petrol Pump HP,41.0,Transport,expense,Credit Card,False,0.0
3,2025-06-29 01:04:12.219276,Stationery shop notebook,1911.0,Shopping,expense,UPI,False,0.0
3,2025-06-30 02:10:12.219276,Airtel broadband wifi,1300.0,Bills,expense,UPI,False,0.0
3,2025-06-30 23:25:12.219276,RedBus booking home town,3448.0,Travel,expense,Cash,False,0.0
3,2025-07-01 21:34:12.219276,Infosys Salary account credit,121709.0,Income,income,Bank Transfer,False,0.0
3,2025-07-03 04:34:12.219276,TA Stipend College Dept,2328.0,Income,income,UPI,False,0.0
3,2025-07-02 23:19:12.219276,Shell Fuel Station,163.0,Transport,expense,Cash,False,0.0
3,2025-07-03 05:25:12.219276,Gift box wrapper,62.0,Miscellaneous,expense,UPI,False,0.0
3,2025-07-03 10:01:12.219276,Apollo Pharmacy medicines,944.0,Healthcare,expense,Cash,False,0.0
3,2025-07-05 00:32:12.219276,Toll plaza fee,116.0,Transport,expense,NetBanking,False,0.0
3,2025-07-04 22:03:12.219276,Amusement park ticket,580.0,Entertainment,expense,NetBanking,False,0.0
3,2025-07-05 21:34:12.219276,Stipend Internship Google,149316.0,Income,income,Bank Transfer,False,0.0
3,2025-07-06 04:12:12.219276,Cloud storage Google One,1454.0,Bills,expense,NetBanking,False,0.0
3,2025-07-05 19:48:12.219276,Chai Tapri Tea & Samosa,151.0,Food,expense,NetBanking,False,0.0
3,2025-07-07 05:04:12.219276,Hostel Electricity surcharge,1356.0,Bills,expense,UPI,False,0.0
3,2025-07-07 00:12:12.219276,Travel agent booking ticket,4415.0,Travel,expense,UPI,False,0.0
3,2025-07-07 02:11:12.219276,DTH TV recharge Tata Sky,1153.0,Bills,expense,UPI,False,0.0
3,2025-07-07 11:13:12.219276,LUXURY DIAMOND RING JEWELLER,108870.0,Bills,expense,Credit Card,True,79.10404486975435
3,2025-07-08 06:58:12.219276,Nike showroom sneakers,3892.0,Shopping,expense,Cash,False,0.0
3,2025-07-08 01:04:12.219276,Travel agent booking ticket,3385.0,Travel,expense,Credit Card,False,0.0
3,2025-07-10 22:34:12.219276,Wipro software engineer salary,114734.0,Income,income,Bank Transfer,False,0.0
3,2025-07-10 20:27:12.219276,Water supply bill,906.0,Bills,expense,Credit Card,False,0.0
3,2025-07-11 22:55:12.219276,Gaming Zone Arcade Mall,894.0,Entertainment,expense,Credit Card,False,0.0
3,2025-07-11 22:25:12.219276,ATM Cash withdrawal Self,188.0,Miscellaneous,expense,Cash,False,0.0
3,2025-07-12 04:25:12.219276,Noodles corner,370.0,Food,expense,UPI,False,0.0
3,2025-07-12 09:45:12.219276,Sunglasses purchase store,3065.0,Shopping,expense,UPI,False,0.0
3,2025-07-12 22:34:12.219276,Credit card cash back reward,81.0,Income,income,System Wallet,False,0.0
3,2025-07-13 02:49:12.219276,Metro Card Recharge Metro Station,297.0,Transport,expense,UPI,False,0.0
3,2025-07-14 06:24:12.219276,Airbnb stay vacation room,2805.0,Travel,expense,UPI,False,0.0
3,2025-07-14 10:46:12.219276,Local Bus Ticket,274.0,Transport,expense,UPI,False,0.0
3,2025-07-14 05:10:12.219276,Bike taxi Rapido,331.0,Transport,expense,Credit Card,False,0.0
3,2025-07-14 10:23:12.219276,Biryani House Restaurant,300.0,Food,expense,UPI,False,0.0
3,2025-07-15 04:05:12.219276,MakeMyTrip flight Bangalore to Delhi,4062.0,Travel,expense,Cash,False,0.0
3,2025-07-15 04:50:12.219276,Shoppers Stop shoes,2477.0,Shopping,expense,NetBanking,False,0.0
3,2025-07-15 05:14:12.219276,Friend Splitwise repayment,224.0,Miscellaneous,expense,Cash,False,0.0
3,2025-07-15 11:05:12.219276,MakeMyTrip flight Bangalore to Delhi,3492.0,Travel,expense,NetBanking,False,0.0
3,2025-07-17 00:46:12.219276,Train Ticket IRCTC,205.0,Transport,expense,Cash,False,0.0
3,2025-07-17 06:23:12.219276,Local Bus Ticket,139.0,Transport,expense,NetBanking,False,0.0
3,2025-07-19 08:24:12.219276,Pub weekend entry cover charge,466.0,Entertainment,expense,UPI,False,0.0
3,2025-07-19 11:15:12.219276,Zara retail mall,2899.0,Shopping,expense,NetBanking,False,0.0
3,2025-07-19 04:57:12.219276,General Physician consultation fee,668.0,Healthcare,expense,Credit Card,False,0.0
3,2025-07-19 09:53:12.219276,Flipkart electronics gadget,1766.0,Shopping,expense,NetBanking,False,0.0
3,2025-07-20 07:15:12.219276,Apollo Pharmacy medicines,1027.0,Healthcare,expense,Credit Card,False,0.0
3,2025-07-20 02:16:12.219276,Stationery shop notebook,3541.0,Shopping,expense,UPI,False,0.0
3,2025-07-20 07:54:12.219276,Hostel Electricity surcharge,1629.0,Bills,expense,Credit Card,False,0.0
3,2025-07-20 22:38:12.219276,Pub weekend entry cover charge,1180.0,Entertainment,expense,NetBanking,False,0.0
3,2025-07-22 08:18:12.219276,Travel agent booking ticket,6857.0,Travel,expense,UPI,False,0.0
3,2025-07-22 07:37:12.219276,RedBus booking home town,4294.0,Travel,expense,Cash,False,0.0
3,2025-07-22 23:04:12.219276,GitHub Copilot Subscription,1613.0,Bills,expense,NetBanking,False,0.0
3,2025-07-23 00:29:12.219276,Sunglasses purchase store,703.0,Shopping,expense,Credit Card,False,0.0
3,2025-07-24 04:09:12.219276,Board game cafe bill,330.0,Entertainment,expense,NetBanking,False,0.0
3,2025-07-24 06:28:12.219276,Lost cash wallet,403.0,Miscellaneous,expense,UPI,False,0.0
3,2025-07-25 06:55:12.219276,BookMyShow Movie Ticket PVR,807.0,Entertainment,expense,Credit Card,False,0.0
3,2025-07-24 23:41:12.219276,Concert ticket EDM show,672.0,Entertainment,expense,UPI,False,0.0
3,2025-07-24 21:32:12.219276,Gym membership monthly fee,1011.0,Healthcare,expense,UPI,False,0.0
3,2025-07-26 06:24:12.219276,Biryani House Restaurant,303.0,Food,expense,Cash,False,0.0
3,2025-07-25 22:10:12.219276,Laundry detergent detergent shop,194.0,Miscellaneous,expense,UPI,False,0.0
3,2025-07-27 10:13:12.219276,Bike taxi Rapido,111.0,Transport,expense,UPI,False,0.0
3,2025-07-27 10:30:12.219276,Spotify Premium monthly plan,1032.0,Entertainment,expense,Credit Card,False,0.0
3,2025-07-27 06:03:12.219276,H&M jeans,1753.0,Shopping,expense,Cash,False,0.0
3,2025-07-26 19:59:12.219276,Gift box wrapper,428.0,Miscellaneous,expense,Credit Card,False,0.0
3,2025-07-29 04:28:12.219276,Swiggy Delivery Hyderabad,195.0,Food,expense,UPI,False,0.0
3,2025-07-29 07:31:12.219276,Pub weekend entry cover charge,818.0,Entertainment,expense,UPI,False,0.0
3,2025-07-29 00:40:12.219276,Local thrift store jacket,3566.0,Shopping,expense,NetBanking,False,0.0
3,2025-07-30 02:34:12.219276,Freelance Web Design payment,2412.0,Income,income,UPI,False,0.0
3,2025-07-31 03:48:12.219276,Gaming Zone Arcade Mall,563.0,Entertainment,expense,Credit Card,False,0.0
3,2025-07-30 23:27:12.219276,Bowling Alley Arena,205.0,Entertainment,expense,Credit Card,False,0.0
3,2025-08-01 21:34:12.219276,Stipend Internship Google,148755.0,Income,income,Bank Transfer,False,0.0
3,2025-08-01 22:39:12.219276,Airbnb stay vacation room,3627.0,Travel,expense,Credit Card,False,0.0
3,2025-08-02 01:22:12.219276,Decathlon sports gear,2768.0,Shopping,expense,UPI,False,0.0
3,2025-08-02 06:00:12.219276,Spotify Premium monthly plan,1151.0,Entertainment,expense,NetBanking,False,0.0
3,2025-08-03 19:34:12.219276,Hotel room booking OYO,6167.0,Travel,expense,Credit Card,False,0.0
3,2025-08-04 06:57:12.219276,Gym membership monthly fee,1019.0,Healthcare,expense,UPI,False,0.0
3,2025-08-05 22:34:12.219276,Stipend Internship Google,142729.0,Income,income,Bank Transfer,False,0.0
3,2025-08-06 20:43:12.219276,MakeMyTrip flight Bangalore to Delhi,4250.0,Travel,expense,NetBanking,False,0.0
3,2025-08-07 00:18:12.219276,BookMyShow Movie Ticket PVR,168.0,Entertainment,expense,UPI,False,0.0
3,2025-08-07 04:57:12.219276,MakeMyTrip flight Bangalore to Delhi,2501.0,Travel,expense,UPI,False,0.0
3,2025-08-08 00:57:12.219276,Student health insurance premium,557.0,Healthcare,expense,UPI,False,0.0
3,2025-08-10 22:34:12.219276,Stipend Internship Google,113374.0,Income,income,Bank Transfer,False,0.0
3,2025-08-10 20:30:12.219276,Gas cylinder booking Indane,216.0,Bills,expense,NetBanking,False,0.0
3,2025-08-11 08:22:12.219276,MakeMyTrip flight Bangalore to Delhi,3182.0,Travel,expense,UPI,False,0.0
3,2025-08-11 21:41:12.219276,CRITICAL SPIKE - Zara retail mall,12150.0,Shopping,expense,Credit Card,True,92.42971737360575
3,2025-08-12 09:42:12.219276,Airbnb stay vacation room,5400.0,Travel,expense,Cash,False,0.0
3,2025-08-11 23:54:12.219276,Campus Canteen Maggie,323.0,Food,expense,NetBanking,False,0.0
3,2025-08-12 11:05:12.219276,Lost cash wallet,364.0,Miscellaneous,expense,UPI,False,0.0
3,2025-08-13 03:16:12.219276,BookMyShow Movie Ticket PVR,599.0,Entertainment,expense,UPI,False,0.0
3,2025-08-12 22:49:12.219276,Toll plaza fee,78.0,Transport,expense,NetBanking,False,0.0
3,2025-08-13 06:19:12.219276,Concert ticket EDM show,528.0,Entertainment,expense,NetBanking,False,0.0
3,2025-08-13 04:22:12.219276,Travel agent booking ticket,6839.0,Travel,expense,Cash,False,0.0
3,2025-08-14 08:14:12.219276,Cough syrup & vitamins,497.0,Healthcare,expense,UPI,False,0.0
3,2025-08-14 00:14:12.219276,Chai Tapri Tea & Samosa,181.0,Food,expense,UPI,False,0.0
3,2025-08-15 02:34:12.219276,Freelance Web Design payment,1825.0,Income,income,UPI,False,0.0
3,2025-08-16 10:13:12.219276,Jio Prepaid Mobile Recharge,2464.0,Bills,expense,UPI,False,0.0
3,2025-08-16 05:55:12.219276,GitHub Copilot Subscription,1901.0,Bills,expense,NetBanking,False,0.0
3,2025-08-16 10:16:12.219276,Flipkart electronics gadget,1796.0,Shopping,expense,Credit Card,False,0.0
3,2025-08-16 20:08:12.219276,Lost cash wallet,82.0,Miscellaneous,expense,Credit Card,False,0.0
3,2025-08-16 23:09:12.219276,Myntra t-shirt purchase,1330.0,Shopping,expense,UPI,False,0.0
3,2025-08-18 00:59:12.219276,Hostel Electricity surcharge,1953.0,Bills,expense,UPI,False,0.0
3,2025-08-19 07:07:12.219276,BookMyShow Movie Ticket PVR,604.0,Entertainment,expense,UPI,False,0.0
3,2025-08-19 07:08:12.219276,Nike showroom sneakers,3922.0,Shopping,expense,UPI,False,0.0
3,2025-08-19 01:14:12.219276,Board game cafe bill,491.0,Entertainment,expense,UPI,False,0.0
3,2025-08-18 20:59:12.219276,BookMyShow Movie Ticket PVR,1018.0,Entertainment,expense,NetBanking,False,0.0
3,2025-08-19 19:38:12.219276,Multivitamins health supplements,1158.0,Healthcare,expense,NetBanking,False,0.0
3,2025-08-19 21:37:12.219276,GitHub Copilot Subscription,1376.0,Bills,expense,Cash,False,0.0
3,2025-08-20 02:59:12.219276,Student health insurance premium,494.0,Healthcare,expense,UPI,False,0.0
3,2025-08-20 03:27:12.219276,H&M jeans,2116.0,Shopping,expense,UPI,False,0.0
3,2025-08-20 23:47:12.219276,Airtel broadband wifi,1744.0,Bills,expense,Cash,False,0.0
3,2025-08-21 23:23:12.219276,Electricity bill board,580.0,Bills,expense,Cash,False,0.0
3,2025-08-22 09:43:12.219276,RedBus booking home town,7410.0,Travel,expense,UPI,False,0.0
3,2025-08-23 03:34:12.219276,Cred cash back points,20.0,Income,income,System Wallet,False,0.0
3,2025-08-23 11:22:12.219276,Parking charges mall,268.0,Transport,expense,UPI,False,0.0
3,2025-08-23 06:49:12.219276,Jio Prepaid Mobile Recharge,2241.0,Bills,expense,Cash,False,0.0
3,2025-08-24 04:31:12.219276,Gym membership monthly fee,316.0,Healthcare,expense,NetBanking,False,0.0
3,2025-08-24 06:39:12.219276,GitHub Copilot Subscription,1446.0,Bills,expense,NetBanking,False,0.0
3,2025-08-24 10:48:12.219276,Zomato Order,445.0,Food,expense,UPI,False,0.0
3,2025-08-25 08:12:12.219276,Toll plaza fee,279.0,Transport,expense,Cash,False,0.0
3,2025-08-24 23:10:12.219276,Gift box wrapper,245.0,Miscellaneous,expense,UPI,False,0.0
3,2025-08-26 07:15:12.219276,DTH TV recharge Tata Sky,1712.0,Bills,expense,UPI,False,0.0
3,2025-08-26 19:47:12.219276,ATM Cash withdrawal Self,254.0,Miscellaneous,expense,Credit Card,False,0.0
3,2025-08-27 05:32:12.219276,Amazon shopping clothes,2982.0,Shopping,expense,UPI,False,0.0
3,2025-08-27 07:26:12.219276,Apollo Pharmacy medicines,1135.0,Healthcare,expense,NetBanking,False,0.0
3,2025-08-28 10:18:12.219276,Concert ticket EDM show,1063.0,Entertainment,expense,NetBanking,False,0.0
3,2025-08-28 06:21:12.219276,Airtel broadband wifi,957.0,Bills,expense,Cash,False,0.0
3,2025-08-29 02:54:12.219276,Stationery shop notebook,3908.0,Shopping,expense,NetBanking,False,0.0
3,2025-08-29 11:14:12.219276,Water supply bill,470.0,Bills,expense,NetBanking,False,0.0
3,2025-08-30 07:22:12.219276,Concert ticket EDM show,1144.0,Entertainment,expense,Credit Card,False,0.0
3,2025-08-30 05:32:12.219276,Zara retail mall,1722.0,Shopping,expense,UPI,False,0.0
3,2025-08-30 00:59:12.219276,Gift box wrapper,378.0,Miscellaneous,expense,Cash,False,0.0
3,2025-09-01 23:34:12.219276,Infosys Salary account credit,143462.0,Income,income,Bank Transfer,False,0.0
3,2025-09-01 23:28:12.219276,GitHub Copilot Subscription,1549.0,Bills,expense,Credit Card,False,0.0
3,2025-09-03 03:09:12.219276,Petrol Pump HP,145.0,Transport,expense,UPI,False,0.0
3,2025-09-03 02:49:12.219276,H&M jeans,1521.0,Shopping,expense,UPI,False,0.0
3,2025-09-04 11:27:12.219276,BookMyShow Movie Ticket PVR,175.0,Entertainment,expense,UPI,False,0.0
3,2025-09-04 02:00:12.219276,Airbnb stay vacation room,6557.0,Travel,expense,Cash,False,0.0
3,2025-09-04 08:21:12.219276,Decathlon sports gear,2779.0,Shopping,expense,Cash,False,0.0
3,2025-09-05 06:08:12.219276,DTH TV recharge Tata Sky,1616.0,Bills,expense,UPI,False,0.0
3,2025-09-04 23:40:12.219276,Water supply bill,650.0,Bills,expense,UPI,False,0.0
3,2025-09-05 23:34:12.219276,Infosys Salary account credit,146422.0,Income,income,Bank Transfer,False,0.0
3,2025-09-06 21:03:12.219276,Bowling Alley Arena,608.0,Entertainment,expense,Cash,False,0.0
3,2025-09-06 20:09:12.219276,Airbnb stay vacation room,6841.0,Travel,expense,UPI,False,0.0
3,2025-09-07 11:29:12.219276,Luggage bag purchase Safari,7327.0,Travel,expense,NetBanking,False,0.0
3,2025-09-07 04:31:12.219276,Myntra t-shirt purchase,3193.0,Shopping,expense,NetBanking,False,0.0
3,2025-09-08 07:47:12.219276,Airbnb stay vacation room,7768.0,Travel,expense,UPI,False,0.0
3,2025-09-08 05:48:12.219276,Hotel room booking OYO,6410.0,Travel,expense,NetBanking,False,0.0
3,2025-09-08 06:29:12.219276,Laundry detergent detergent shop,123.0,Miscellaneous,expense,Cash,False,0.0
3,2025-09-07 23:23:12.219276,Biryani House Restaurant,107.0,Food,expense,NetBanking,False,0.0
3,2025-09-09 03:12:12.219276,Bike taxi Rapido,241.0,Transport,expense,UPI,False,0.0
3,2025-09-08 22:55:12.219276,Zara retail mall,520.0,Shopping,expense,Credit Card,False,0.0
3,2025-09-09 08:58:12.219276,Ola Cab Booking,236.0,Transport,expense,Credit Card,False,0.0
3,2025-09-09 06:45:12.219276,RedBus booking home town,4812.0,Travel,expense,NetBanking,False,0.0
3,2025-09-10 02:56:12.219276,MakeMyTrip flight Bangalore to Delhi,3511.0,Travel,expense,UPI,False,0.0
3,2025-09-10 03:35:12.219276,Petrol Pump HP,261.0,Transport,expense,Cash,False,0.0
3,2025-09-10 20:34:12.219276,Infosys Salary account credit,103991.0,Income,income,Bank Transfer,False,0.0
3,2025-09-12 07:28:12.219276,Swiggy Delivery Hyderabad,247.0,Food,expense,UPI,False,0.0
3,2025-09-12 01:08:12.219276,Metro Card Recharge Metro Station,126.0,Transport,expense,Credit Card,False,0.0
3,2025-09-12 07:10:12.219276,Bowling Alley Arena,348.0,Entertainment,expense,UPI,False,0.0
3,2025-09-12 00:26:12.219276,Stationery shop notebook,3293.0,Shopping,expense,UPI,False,0.0
3,2025-09-14 01:31:12.219276,Auto Fare Cash,179.0,Transport,expense,UPI,False,0.0
3,2025-09-14 06:03:12.219276,Train Ticket IRCTC,128.0,Transport,expense,Cash,False,0.0
3,2025-09-13 21:55:12.219276,Laundry detergent detergent shop,451.0,Miscellaneous,expense,UPI,False,0.0
3,2025-09-14 02:24:12.219276,Bowling Alley Arena,439.0,Entertainment,expense,Credit Card,False,0.0
3,2025-09-14 23:28:12.219276,Burger King combo,325.0,Food,expense,Cash,False,0.0
3,2025-09-15 08:22:12.219276,ATM Cash withdrawal Self,389.0,Miscellaneous,expense,Cash,False,0.0
3,2025-09-16 05:14:12.219276,Gas cylinder booking Indane,654.0,Bills,expense,UPI,False,0.0
3,2025-09-17 06:09:12.219276,Dentist consultation clinic,1204.0,Healthcare,expense,UPI,False,0.0
3,2025-09-16 21:07:12.219276,Luggage bag purchase Safari,5185.0,Travel,expense,NetBanking,False,0.0
3,2025-09-17 01:15:12.219276,Starbucks Coffee,125.0,Food,expense,Cash,False,0.0
3,2025-09-20 01:06:12.219276,Bowling Alley Arena,257.0,Entertainment,expense,Credit Card,False,0.0
3,2025-09-20 03:19:12.219276,Electricity bill board,978.0,Bills,expense,UPI,False,0.0
3,2025-09-19 19:36:12.219276,Water supply bill,933.0,Bills,expense,Cash,False,0.0
3,2025-09-21 00:58:12.219276,Auto Fare Cash,32.0,Transport,expense,NetBanking,False,0.0
3,2025-09-22 04:30:12.219276,Apollo Pharmacy medicines,519.0,Healthcare,expense,UPI,False,0.0
3,2025-09-22 09:18:12.219276,General Physician consultation fee,619.0,Healthcare,expense,NetBanking,False,0.0
3,2025-09-23 00:34:12.219276,Cred cash back points,81.0,Income,income,System Wallet,False,0.0
3,2025-09-23 00:16:12.219276,Electricity bill board,1719.0,Bills,expense,Credit Card,False,0.0
3,2025-09-22 21:45:12.219276,Spotify Premium monthly plan,384.0,Entertainment,expense,Credit Card,False,0.0
3,2025-09-23 07:52:12.219276,Lost cash wallet,135.0,Miscellaneous,expense,NetBanking,False,0.0
3,2025-09-23 22:09:12.219276,Water supply bill,589.0,Bills,expense,UPI,False,0.0
3,2025-09-24 11:04:12.219276,RedBus booking home town,3041.0,Travel,expense,UPI,False,0.0
3,2025-09-25 03:01:12.219276,KFC Chicken meal,278.0,Food,expense,UPI,False,0.0
3,2025-09-26 02:23:12.219276,Stationery shop notebook,2845.0,Shopping,expense,Cash,False,0.0
3,2025-09-26 06:29:12.219276,Bowling Alley Arena,239.0,Entertainment,expense,UPI,False,0.0
3,2025-09-26 07:58:12.219276,Airtel broadband wifi,1534.0,Bills,expense,UPI,False,0.0
3,2025-09-27 06:16:12.219276,ATM Cash withdrawal Self,165.0,Miscellaneous,expense,UPI,False,0.0
3,2025-09-27 05:09:12.219276,MakeMyTrip flight Bangalore to Delhi,5608.0,Travel,expense,UPI,False,0.0
3,2025-09-27 20:13:12.219276,Electricity bill board,556.0,Bills,expense,Credit Card,False,0.0
3,2025-09-27 23:17:12.219276,Sunglasses purchase store,1717.0,Shopping,expense,UPI,False,0.0
3,2025-09-27 14:22:12.219276,MIDNIGHT SUSPICIOUS - Netflix subscription premium,2790.0,Entertainment,expense,Cash,True,71.46043855952212
3,2025-09-28 07:52:12.219276,Biryani House Restaurant,359.0,Food,expense,Credit Card,False,0.0
3,2025-09-29 03:56:12.219276,Travel agent booking ticket,3946.0,Travel,expense,Cash,False,0.0
3,2025-09-29 02:43:12.219276,Airbnb stay vacation room,3254.0,Travel,expense,NetBanking,False,0.0
3,2025-09-29 07:21:12.219276,Airtel broadband wifi,1691.0,Bills,expense,UPI,False,0.0
3,2025-09-30 04:34:12.219276,GPay cashback reward,20.0,Income,income,System Wallet,False,0.0
3,2025-09-30 01:59:12.219276,Friend Splitwise repayment,255.0,Miscellaneous,expense,NetBanking,False,0.0
3,2025-09-30 08:03:12.219276,Gym membership monthly fee,1143.0,Healthcare,expense,Credit Card,False,0.0
3,2025-09-30 01:49:12.219276,Gas cylinder booking Indane,1435.0,Bills,expense,UPI,False,0.0
3,2025-10-01 08:57:12.219276,Pub weekend entry cover charge,894.0,Entertainment,expense,Cash,False,0.0
3,2025-10-01 23:34:12.219276,Wipro software engineer salary,113992.0,Income,income,Bank Transfer,False,0.0
3,2025-10-03 01:16:12.219276,DTH TV recharge Tata Sky,308.0,Bills,expense,NetBanking,False,0.0
3,2025-10-02 20:18:12.219276,First aid box bandage,1084.0,Healthcare,expense,Credit Card,False,0.0
3,2025-10-03 00:15:12.219276,Laser tag game weekend,502.0,Entertainment,expense,Cash,False,0.0
3,2025-10-04 10:54:12.219276,Book Store college textbooks,1696.0,Shopping,expense,UPI,False,0.0
3,2025-10-04 21:39:12.219276,Gift box wrapper,371.0,Miscellaneous,expense,UPI,False,0.0
3,2025-10-05 06:33:12.219276,Swiggy Delivery Hyderabad,107.0,Food,expense,UPI,False,0.0
3,2025-10-04 21:57:12.219276,Jio Prepaid Mobile Recharge,716.0,Bills,expense,NetBanking,False,0.0
3,2025-10-05 04:53:12.219276,Cloud storage Google One,2045.0,Bills,expense,UPI,False,0.0
3,2025-10-05 21:34:12.219276,Monthly Salary Net Credit,136823.0,Income,income,Bank Transfer,False,0.0
3,2025-10-06 08:44:12.219276,Book Store college textbooks,885.0,Shopping,expense,Cash,False,0.0
3,2025-10-07 09:40:12.219276,Jio Prepaid Mobile Recharge,564.0,Bills,expense,UPI,False,0.0
3,2025-10-07 01:23:12.219276,Dominos Pizza,275.0,Food,expense,Credit Card,False,0.0
3,2025-10-07 10:11:12.219276,Biryani House Restaurant,432.0,Food,expense,NetBanking,False,0.0
3,2025-10-07 22:30:12.219276,Noodles corner,423.0,Food,expense,NetBanking,False,0.0
3,2025-10-08 08:32:12.219276,Water supply bill,825.0,Bills,expense,NetBanking,False,0.0
3,2025-10-08 05:52:12.219276,Myntra t-shirt purchase,3639.0,Shopping,expense,UPI,False,0.0
3,2025-10-10 07:28:12.219276,Biryani House Restaurant,382.0,Food,expense,UPI,False,0.0
3,2025-10-09 20:05:12.219276,Jio Prepaid Mobile Recharge,2202.0,Bills,expense,Cash,False,0.0
3,2025-10-10 04:02:12.219276,Airtel broadband wifi,313.0,Bills,expense,NetBanking,False,0.0
3,2025-10-10 20:34:12.219276,Stipend Internship Google,122119.0,Income,income,Bank Transfer,False,0.0
3,2025-10-10 20:21:12.219276,Petrol Pump HP,312.0,Transport,expense,Cash,False,0.0
3,2025-10-11 07:58:12.219276,Campus Canteen Maggie,274.0,Food,expense,Credit Card,False,0.0
3,2025-10-11 05:57:12.219276,Local vegetable vendor,424.0,Food,expense,Credit Card,False,0.0
3,2025-10-12 02:05:12.219276,Cough syrup & vitamins,471.0,Healthcare,expense,NetBanking,False,0.0
3,2025-10-12 06:29:12.219276,Hostel Electricity surcharge,441.0,Bills,expense,UPI,False,0.0
3,2025-10-12 02:38:12.219276,ATM Cash withdrawal Self,61.0,Miscellaneous,expense,UPI,False,0.0
3,2025-10-13 21:43:12.219276,Ola Cab Booking,34.0,Transport,expense,NetBanking,False,0.0
3,2025-10-15 02:32:12.219276,Water supply bill,599.0,Bills,expense,UPI,False,0.0
3,2025-10-14 20:01:12.219276,Metro Card Recharge Metro Station,76.0,Transport,expense,UPI,False,0.0
3,2025-10-15 06:14:12.219276,Gaming Zone Arcade Mall,252.0,Entertainment,expense,Credit Card,False,0.0
3,2025-10-15 21:02:12.219276,Amusement park ticket,531.0,Entertainment,expense,Cash,False,0.0
3,2025-10-16 03:43:12.219276,Decathlon sports gear,425.0,Shopping,expense,UPI,False,0.0
3,2025-10-16 01:45:12.219276,Temple donation offering,146.0,Miscellaneous,expense,UPI,False,0.0
3,2025-10-17 09:06:12.219276,Book Store college textbooks,3002.0,Shopping,expense,NetBanking,False,0.0
3,2025-10-17 20:15:12.219276,General Physician consultation fee,906.0,Healthcare,expense,Cash,False,0.0
3,2025-10-19 07:31:12.219276,Airtel broadband wifi,364.0,Bills,expense,Credit Card,False,0.0
3,2025-10-18 20:21:12.219276,Biryani House Restaurant,300.0,Food,expense,Credit Card,False,0.0
3,2025-10-20 09:56:12.219276,Water supply bill,2431.0,Bills,expense,NetBanking,False,0.0
3,2025-10-20 06:08:12.219276,Hotel room booking OYO,6093.0,Travel,expense,Credit Card,False,0.0
3,2025-10-21 09:03:12.219276,Pub weekend entry cover charge,499.0,Entertainment,expense,NetBanking,False,0.0
3,2025-10-22 08:00:12.219276,Multivitamins health supplements,1151.0,Healthcare,expense,UPI,False,0.0
3,2025-10-21 23:59:12.219276,KFC Chicken meal,151.0,Food,expense,Credit Card,False,0.0
3,2025-10-22 22:35:12.219276,Zara retail mall,2828.0,Shopping,expense,UPI,False,0.0
3,2025-10-22 20:05:12.219276,Multivitamins health supplements,506.0,Healthcare,expense,UPI,False,0.0
3,2025-10-23 03:48:12.219276,Student health insurance premium,821.0,Healthcare,expense,Cash,False,0.0
3,2025-10-24 11:16:12.219276,Airbnb stay vacation room,5564.0,Travel,expense,UPI,False,0.0
3,2025-10-24 11:12:12.219276,Maggie Point Gate 2,134.0,Food,expense,NetBanking,False,0.0
3,2025-10-24 02:00:12.219276,Airtel broadband wifi,1063.0,Bills,expense,Credit Card,False,0.0
3,2025-10-24 05:17:12.219276,MakeMyTrip flight Bangalore to Delhi,4523.0,Travel,expense,NetBanking,False,0.0
3,2025-10-25 07:25:12.219276,Car rental service,96.0,Transport,expense,NetBanking,False,0.0
3,2025-10-24 20:02:12.219276,Shoppers Stop shoes,2715.0,Shopping,expense,UPI,False,0.0
3,2025-10-25 03:32:12.219276,DTH TV recharge Tata Sky,1108.0,Bills,expense,NetBanking,False,0.0
3,2025-10-25 06:18:12.219276,Cloud storage Google One,1249.0,Bills,expense,Cash,False,0.0
3,2025-10-26 11:10:12.219276,Jio Prepaid Mobile Recharge,1070.0,Bills,expense,UPI,False,0.0
3,2025-10-29 03:38:12.219276,Water supply bill,2267.0,Bills,expense,Cash,False,0.0
3,2025-10-30 10:49:12.219276,Airtel broadband wifi,1590.0,Bills,expense,UPI,False,0.0
3,2025-11-01 10:54:12.219276,Luggage bag purchase Safari,3197.0,Travel,expense,NetBanking,False,0.0
3,2025-10-31 22:52:12.219276,Friend Splitwise repayment,471.0,Miscellaneous,expense,UPI,False,0.0
3,2025-11-01 04:49:12.219276,Local vegetable vendor,179.0,Food,expense,Cash,False,0.0
3,2025-10-31 23:52:12.219276,Gym membership monthly fee,222.0,Healthcare,expense,UPI,False,0.0
3,2025-11-01 23:34:12.219276,Monthly Salary Net Credit,101888.0,Income,income,Bank Transfer,False,0.0
3,2025-11-02 03:34:12.219276,GPay cashback reward,124.0,Income,income,System Wallet,False,0.0
3,2025-11-02 04:03:12.219276,Nike showroom sneakers,2219.0,Shopping,expense,UPI,False,0.0
3,2025-11-01 23:54:12.219276,Jio Prepaid Mobile Recharge,1956.0,Bills,expense,Cash,False,0.0
3,2025-11-02 10:57:12.219276,Zomato Order,106.0,Food,expense,Cash,False,0.0
3,2025-11-01 20:14:12.219276,Shoppers Stop shoes,3807.0,Shopping,expense,Cash,False,0.0
3,2025-11-03 04:54:12.219276,Student health insurance premium,868.0,Healthcare,expense,UPI,False,0.0
3,2025-11-03 10:38:12.219276,Burger King combo,341.0,Food,expense,UPI,False,0.0
3,2025-11-03 22:22:12.219276,Myntra t-shirt purchase,2541.0,Shopping,expense,UPI,False,0.0
3,2025-11-05 10:59:12.219276,Water supply bill,1790.0,Bills,expense,UPI,False,0.0
3,2025-11-05 00:09:12.219276,ATM Cash withdrawal Self,318.0,Miscellaneous,expense,Credit Card,False,0.0
3,2025-11-05 23:34:12.219276,Monthly Salary Net Credit,113582.0,Income,income,Bank Transfer,False,0.0
3,2025-11-05 19:37:12.219276,Gaming Zone Arcade Mall,265.0,Entertainment,expense,Cash,False,0.0
3,2025-11-06 00:29:12.219276,Amusement park ticket,236.0,Entertainment,expense,UPI,False,0.0
3,2025-11-07 10:35:12.219276,DTH TV recharge Tata Sky,1721.0,Bills,expense,NetBanking,False,0.0
3,2025-11-06 20:47:12.219276,First aid box bandage,339.0,Healthcare,expense,Cash,False,0.0
3,2025-11-08 00:59:12.219276,Maggie Point Gate 2,439.0,Food,expense,NetBanking,False,0.0
3,2025-11-08 04:51:12.219276,BookMyShow Movie Ticket PVR,165.0,Entertainment,expense,Cash,False,0.0
3,2025-11-08 03:55:12.219276,Lost cash wallet,311.0,Miscellaneous,expense,UPI,False,0.0
3,2025-11-09 07:47:12.219276,Dentist consultation clinic,784.0,Healthcare,expense,Credit Card,False,0.0
3,2025-11-09 01:46:12.219276,Myntra t-shirt purchase,570.0,Shopping,expense,UPI,False,0.0
3,2025-11-10 03:10:12.219276,Pub weekend entry cover charge,771.0,Entertainment,expense,UPI,False,0.0
3,2025-11-10 02:27:12.219276,Jio Prepaid Mobile Recharge,2193.0,Bills,expense,UPI,False,0.0
3,2025-11-10 21:34:12.219276,TCS Payroll credit,121884.0,Income,income,Bank Transfer,False,0.0
3,2025-11-11 11:04:12.219276,Cloud storage Google One,1700.0,Bills,expense,UPI,False,0.0
3,2025-11-10 22:13:12.219276,Temple donation offering,196.0,Miscellaneous,expense,UPI,False,0.0
3,2025-11-11 04:33:12.219276,Uber Auto Ride,45.0,Transport,expense,UPI,False,0.0
3,2025-11-11 22:34:12.219276,Cred cash back points,50.0,Income,income,System Wallet,False,0.0
3,2025-11-13 05:23:12.219276,Cough syrup & vitamins,355.0,Healthcare,expense,UPI,False,0.0
3,2025-11-14 01:34:12.219276,Coding gig client work,780.0,Income,income,UPI,False,0.0
3,2025-11-14 00:34:12.219276,Spotify Premium monthly plan,212.0,Entertainment,expense,Credit Card,False,0.0
3,2025-11-14 03:51:12.219276,Ola Cab Booking,150.0,Transport,expense,Cash,False,0.0
3,2025-11-14 01:38:12.219276,Local vegetable vendor,368.0,Food,expense,UPI,False,0.0
3,2025-11-15 08:45:12.219276,Swiggy Delivery Hyderabad,334.0,Food,expense,Credit Card,False,0.0
3,2025-11-15 05:20:12.219276,Biryani House Restaurant,102.0,Food,expense,NetBanking,False,0.0
3,2025-11-15 01:49:12.219276,RedBus booking home town,4189.0,Travel,expense,NetBanking,False,0.0
3,2025-11-18 04:57:12.219276,Gift box wrapper,300.0,Miscellaneous,expense,UPI,False,0.0
3,2025-11-18 00:57:12.219276,Car rental service,218.0,Transport,expense,Credit Card,False,0.0
3,2025-11-18 08:45:12.219276,GitHub Copilot Subscription,2314.0,Bills,expense,NetBanking,False,0.0
3,2025-11-19 08:57:12.219276,Hotel room booking OYO,4395.0,Travel,expense,Credit Card,False,0.0
3,2025-11-19 06:33:12.219276,Dentist consultation clinic,1433.0,Healthcare,expense,UPI,False,0.0
3,2025-11-20 06:06:12.219276,Luggage bag purchase Safari,7573.0,Travel,expense,UPI,False,0.0
3,2025-11-20 00:26:12.219276,Nike showroom sneakers,1799.0,Shopping,expense,UPI,False,0.0
3,2025-11-19 21:07:12.219276,Laser tag game weekend,317.0,Entertainment,expense,UPI,False,0.0
3,2025-11-22 10:41:12.219276,Sunglasses purchase store,1328.0,Shopping,expense,NetBanking,False,0.0
3,2025-11-22 07:48:12.219276,Gas cylinder booking Indane,2346.0,Bills,expense,Cash,False,0.0
3,2025-11-22 00:27:12.219276,DTH TV recharge Tata Sky,535.0,Bills,expense,Credit Card,False,0.0
3,2025-11-22 00:32:12.219276,Netflix subscription premium,1183.0,Entertainment,expense,Credit Card,False,0.0
3,2025-11-23 01:34:12.219276,GPay cashback reward,113.0,Income,income,System Wallet,False,0.0
3,2025-11-22 19:35:12.219276,Gift box wrapper,99.0,Miscellaneous,expense,UPI,False,0.0
3,2025-11-23 22:34:12.219276,Freelance Web Design payment,960.0,Income,income,UPI,False,0.0
3,2025-11-26 06:47:12.219276,Apollo Pharmacy medicines,1423.0,Healthcare,expense,Credit Card,False,0.0
3,2025-11-25 21:17:12.219276,DTH TV recharge Tata Sky,2059.0,Bills,expense,Cash,False,0.0
3,2025-11-27 23:01:12.219276,Campus Canteen Maggie,438.0,Food,expense,Credit Card,False,0.0
3,2025-11-27 22:04:12.219276,Cloud storage Google One,211.0,Bills,expense,Credit Card,False,0.0
3,2025-12-01 09:47:12.219276,Pub weekend entry cover charge,1111.0,Entertainment,expense,NetBanking,False,0.0
3,2025-11-30 20:33:12.219276,Dentist consultation clinic,221.0,Healthcare,expense,Cash,False,0.0
3,2025-12-01 20:34:12.219276,Infosys Salary account credit,129126.0,Income,income,Bank Transfer,False,0.0
3,2025-12-02 04:11:12.219276,DTH TV recharge Tata Sky,2294.0,Bills,expense,UPI,False,0.0
3,2025-12-02 05:28:12.219276,Toll plaza fee,294.0,Transport,expense,Credit Card,False,0.0
3,2025-12-01 23:17:12.219276,Amazon shopping clothes,1589.0,Shopping,expense,Credit Card,False,0.0
3,2025-12-04 07:36:12.219276,Netflix subscription premium,943.0,Entertainment,expense,UPI,False,0.0
3,2025-12-04 10:48:12.219276,Airtel broadband wifi,1015.0,Bills,expense,Cash,False,0.0
3,2025-12-04 00:21:12.219276,Travel agent booking ticket,2951.0,Travel,expense,UPI,False,0.0
3,2025-12-04 20:19:12.219276,Noodles corner,334.0,Food,expense,Credit Card,False,0.0
3,2025-12-05 09:04:12.219276,Gift box wrapper,238.0,Miscellaneous,expense,UPI,False,0.0
3,2025-12-04 21:38:12.219276,Campus Canteen Maggie,303.0,Food,expense,Credit Card,False,0.0
3,2025-12-05 03:32:12.219276,Auto Fare Cash,213.0,Transport,expense,Cash,False,0.0
3,2025-12-05 20:34:12.219276,TCS Payroll credit,107930.0,Income,income,Bank Transfer,False,0.0
3,2025-12-06 07:09:12.219276,H&M jeans,1204.0,Shopping,expense,Cash,False,0.0
3,2025-12-06 08:41:12.219276,Cloud storage Google One,373.0,Bills,expense,UPI,False,0.0
3,2025-12-06 00:21:12.219276,ATM Cash withdrawal Self,168.0,Miscellaneous,expense,NetBanking,False,0.0
3,2025-12-05 23:07:12.219276,Apollo Pharmacy medicines,961.0,Healthcare,expense,UPI,False,0.0
3,2025-12-07 06:32:12.219276,ATM Cash withdrawal Self,205.0,Miscellaneous,expense,UPI,False,0.0
3,2025-12-07 11:04:12.219276,Amusement park ticket,587.0,Entertainment,expense,Credit Card,False,0.0
3,2025-12-06 21:43:12.219276,Spotify Premium monthly plan,503.0,Entertainment,expense,Cash,False,0.0
3,2025-12-07 11:06:12.219276,Decathlon sports gear,995.0,Shopping,expense,UPI,False,0.0
3,2025-12-08 21:22:12.219276,Cough syrup & vitamins,661.0,Healthcare,expense,Credit Card,False,0.0
3,2025-12-10 08:02:12.219276,Apollo Pharmacy medicines,594.0,Healthcare,expense,NetBanking,False,0.0
3,2025-12-10 09:15:12.219276,BookMyShow Movie Ticket PVR,1131.0,Entertainment,expense,Cash,False,0.0
3,2025-12-10 22:34:12.219276,TCS Payroll credit,115816.0,Income,income,Bank Transfer,False,0.0
3,2025-12-13 06:51:12.219276,Toll plaza fee,104.0,Transport,expense,UPI,False,0.0
3,2025-12-13 05:27:12.219276,General Physician consultation fee,1151.0,Healthcare,expense,NetBanking,False,0.0
3,2025-12-13 10:58:12.219276,Temple donation offering,217.0,Miscellaneous,expense,Credit Card,False,0.0
3,2025-12-13 00:04:12.219276,Gift box wrapper,359.0,Miscellaneous,expense,Cash,False,0.0
3,2025-12-14 04:14:12.219276,GitHub Copilot Subscription,2217.0,Bills,expense,UPI,False,0.0
3,2025-12-14 06:33:12.219276,Hostel Electricity surcharge,1283.0,Bills,expense,UPI,False,0.0
3,2025-12-14 02:26:12.219276,Jio Prepaid Mobile Recharge,2418.0,Bills,expense,NetBanking,False,0.0
3,2025-12-15 00:25:12.219276,Hostel Electricity surcharge,1836.0,Bills,expense,UPI,False,0.0
3,2025-12-15 05:47:12.219276,Jio Prepaid Mobile Recharge,1580.0,Bills,expense,Cash,False,0.0
3,2025-12-15 02:47:12.219276,Luggage bag purchase Safari,6260.0,Travel,expense,NetBanking,False,0.0
3,2025-12-16 08:04:12.219276,H&M jeans,3716.0,Shopping,expense,UPI,False,0.0
3,2025-12-15 21:50:12.219276,Cloud storage Google One,2301.0,Bills,expense,NetBanking,False,0.0
3,2025-12-17 11:03:12.219276,Laundry detergent detergent shop,51.0,Miscellaneous,expense,NetBanking,False,0.0
3,2025-12-17 08:46:12.219276,Temple donation offering,470.0,Miscellaneous,expense,Cash,False,0.0
3,2025-12-16 23:04:12.219276,Electricity bill board,1851.0,Bills,expense,Credit Card,False,0.0
3,2025-12-17 21:28:12.219276,Metro Card Recharge Metro Station,122.0,Transport,expense,UPI,False,0.0
3,2025-12-18 00:24:12.219276,Auto Fare Cash,85.0,Transport,expense,NetBanking,False,0.0
3,2025-12-19 08:49:12.219276,LUXURY DIAMOND RING JEWELLER,93164.0,Entertainment,expense,NetBanking,True,78.44014733598311
3,2025-12-19 02:43:12.219276,Gaming Zone Arcade Mall,696.0,Entertainment,expense,NetBanking,False,0.0
3,2025-12-19 01:25:12.219276,Juice Shop hostel,379.0,Food,expense,UPI,False,0.0
3,2025-12-20 04:25:12.219276,Board game cafe bill,185.0,Entertainment,expense,UPI,False,0.0
3,2025-12-20 02:49:12.219276,MakeMyTrip flight Bangalore to Delhi,2783.0,Travel,expense,Credit Card,False,0.0
3,2025-12-20 03:40:12.219276,Luggage bag purchase Safari,3356.0,Travel,expense,UPI,False,0.0
3,2025-12-21 04:34:12.219276,Cred cash back points,108.0,Income,income,System Wallet,False,0.0
3,2025-12-21 09:43:12.219276,Spotify Premium monthly plan,317.0,Entertainment,expense,Credit Card,False,0.0
3,2025-12-22 11:01:12.219276,Apollo Pharmacy medicines,1308.0,Healthcare,expense,UPI,False,0.0
3,2025-12-22 08:27:12.219276,Lost cash wallet,214.0,Miscellaneous,expense,Cash,False,0.0
3,2025-12-22 07:44:12.219276,Luggage bag purchase Safari,3683.0,Travel,expense,UPI,False,0.0
3,2025-12-23 05:31:12.219276,Bowling Alley Arena,873.0,Entertainment,expense,UPI,False,0.0
3,2025-12-23 22:02:12.219276,MakeMyTrip flight Bangalore to Delhi,7623.0,Travel,expense,UPI,False,0.0
3,2025-12-23 20:05:12.219276,Student Mess Fees Monthly,372.0,Food,expense,Credit Card,False,0.0
3,2025-12-24 06:48:12.219276,Multivitamins health supplements,1068.0,Healthcare,expense,NetBanking,False,0.0
3,2025-12-24 03:28:12.219276,Gas cylinder booking Indane,1164.0,Bills,expense,UPI,False,0.0
3,2025-12-25 06:37:12.219276,Friend Splitwise repayment,483.0,Miscellaneous,expense,Credit Card,False,0.0
3,2025-12-24 20:50:12.219276,Spotify Premium monthly plan,475.0,Entertainment,expense,Cash,False,0.0
3,2025-12-25 00:28:12.219276,Bike taxi Rapido,160.0,Transport,expense,NetBanking,False,0.0
3,2025-12-25 01:07:12.219276,General Physician consultation fee,580.0,Healthcare,expense,NetBanking,False,0.0
3,2025-12-25 23:34:12.219276,Social media management fee,413.0,Income,income,UPI,False,0.0
3,2025-12-25 20:25:12.219276,Laundry detergent detergent shop,266.0,Miscellaneous,expense,UPI,False,0.0
3,2025-12-26 04:26:12.219276,Pub weekend entry cover charge,307.0,Entertainment,expense,UPI,False,0.0
3,2025-12-27 00:08:12.219276,Train Ticket IRCTC,313.0,Transport,expense,UPI,False,0.0
3,2025-12-26 12:59:12.219276,MIDNIGHT SUSPICIOUS - Local thrift store jacket,10869.0,Shopping,expense,Cash,True,91.3851832173382
3,2025-12-27 03:29:12.219276,Zara retail mall,598.0,Shopping,expense,UPI,False,0.0
3,2025-12-26 23:19:12.219276,Hostel Electricity surcharge,1994.0,Bills,expense,UPI,False,0.0
3,2025-12-28 10:07:12.219276,Zomato Order,273.0,Food,expense,NetBanking,False,0.0
3,2025-12-28 10:15:12.219276,Travel agent booking ticket,5235.0,Travel,expense,Credit Card,False,0.0
3,2025-12-28 04:07:12.219276,Lost cash wallet,452.0,Miscellaneous,expense,Credit Card,False,0.0
3,2025-12-27 20:47:12.219276,Student health insurance premium,1230.0,Healthcare,expense,UPI,False,0.0
3,2025-12-29 03:34:12.219276,Cred cash back points,39.0,Income,income,System Wallet,False,0.0
3,2025-12-29 02:22:12.219276,General Physician consultation fee,965.0,Healthcare,expense,Credit Card,False,0.0
3,2025-12-29 10:29:12.219276,Starbucks Coffee,302.0,Food,expense,UPI,False,0.0
3,2025-12-28 23:35:12.219276,H&M jeans,3651.0,Shopping,expense,UPI,False,0.0
3,2025-12-30 07:30:12.219276,Cloud storage Google One,1735.0,Bills,expense,Credit Card,False,0.0
3,2025-12-30 02:43:12.219276,Amusement park ticket,417.0,Entertainment,expense,UPI,False,0.0
3,2025-12-30 08:30:12.219276,Auto Fare Cash,221.0,Transport,expense,Credit Card,False,0.0
3,2025-12-31 10:36:12.219276,Car rental service,180.0,Transport,expense,Cash,False,0.0
3,2025-12-31 00:34:12.219276,MakeMyTrip flight Bangalore to Delhi,4887.0,Travel,expense,NetBanking,False,0.0
3,2025-12-31 02:14:12.219276,Metro Card Recharge Metro Station,317.0,Transport,expense,UPI,False,0.0
3,2026-01-01 22:34:12.219276,Stipend Internship Google,126438.0,Income,income,Bank Transfer,False,0.0
3,2026-01-01 23:30:12.219276,Gas cylinder booking Indane,1267.0,Bills,expense,Cash,False,0.0
3,2026-01-01 21:43:12.219276,Airbnb stay vacation room,5550.0,Travel,expense,UPI,False,0.0
3,2026-01-01 23:43:12.219276,Cough syrup & vitamins,1100.0,Healthcare,expense,NetBanking,False,0.0
3,2026-01-02 20:36:12.219276,Car rental service,226.0,Transport,expense,UPI,False,0.0
3,2026-01-04 09:09:12.219276,Laser tag game weekend,546.0,Entertainment,expense,UPI,False,0.0
3,2026-01-05 11:24:12.219276,Zomato Order,163.0,Food,expense,NetBanking,False,0.0
3,2026-01-05 23:34:12.219276,Monthly Salary Net Credit,114358.0,Income,income,Bank Transfer,False,0.0
3,2026-01-06 07:28:12.219276,MakeMyTrip flight Bangalore to Delhi,2655.0,Travel,expense,NetBanking,False,0.0
3,2026-01-07 00:16:12.219276,Temple donation offering,466.0,Miscellaneous,expense,NetBanking,False,0.0
3,2026-01-07 03:26:12.219276,Gift box wrapper,192.0,Miscellaneous,expense,UPI,False,0.0
3,2026-01-08 05:34:12.219276,Cred cash back points,94.0,Income,income,System Wallet,False,0.0
3,2026-01-08 05:25:12.219276,Travel agent booking ticket,5315.0,Travel,expense,Cash,False,0.0
3,2026-01-08 03:03:12.219276,Water supply bill,706.0,Bills,expense,UPI,False,0.0
3,2026-01-10 04:39:12.219276,DTH TV recharge Tata Sky,1737.0,Bills,expense,NetBanking,False,0.0
3,2026-01-10 06:33:12.219276,BookMyShow Movie Ticket PVR,1135.0,Entertainment,expense,UPI,False,0.0
3,2026-01-10 09:04:12.219276,Student Mess Fees Monthly,287.0,Food,expense,UPI,False,0.0
3,2026-01-10 11:30:12.219276,Maggie Point Gate 2,269.0,Food,expense,UPI,False,0.0
3,2026-01-10 21:34:12.219276,Stipend Internship Google,125974.0,Income,income,Bank Transfer,False,0.0
3,2026-01-11 06:11:12.219276,Jio Prepaid Mobile Recharge,775.0,Bills,expense,Cash,False,0.0
3,2026-01-14 20:04:12.219276,MakeMyTrip flight Bangalore to Delhi,7712.0,Travel,expense,UPI,False,0.0
3,2026-01-15 07:16:12.219276,Amazon shopping clothes,946.0,Shopping,expense,NetBanking,False,0.0
3,2026-01-14 22:36:12.219276,Uber Auto Ride,114.0,Transport,expense,NetBanking,False,0.0
3,2026-01-17 10:40:12.219276,KFC Chicken meal,178.0,Food,expense,Credit Card,False,0.0
3,2026-01-17 04:42:12.219276,Hostel Electricity surcharge,2254.0,Bills,expense,Cash,False,0.0
3,2026-01-16 23:05:12.219276,Train Ticket IRCTC,340.0,Transport,expense,UPI,False,0.0
3,2026-01-17 01:18:12.219276,Concert ticket EDM show,215.0,Entertainment,expense,NetBanking,False,0.0
3,2026-01-18 09:25:12.219276,GitHub Copilot Subscription,1355.0,Bills,expense,Credit Card,False,0.0
3,2026-01-18 00:19:12.219276,Concert ticket EDM show,818.0,Entertainment,expense,Credit Card,False,0.0
3,2026-01-17 23:40:12.219276,Amazon shopping clothes,725.0,Shopping,expense,UPI,False,0.0
3,2026-01-19 06:11:12.219276,Sunglasses purchase store,700.0,Shopping,expense,NetBanking,False,0.0
3,2026-01-20 05:33:12.219276,Gym membership monthly fee,451.0,Healthcare,expense,Cash,False,0.0
3,2026-01-20 01:56:12.219276,Amusement park ticket,219.0,Entertainment,expense,Credit Card,False,0.0
3,2026-01-20 07:45:12.219276,Uber Auto Ride,46.0,Transport,expense,NetBanking,False,0.0
3,2026-01-21 09:16:12.219276,Cough syrup & vitamins,1120.0,Healthcare,expense,NetBanking,False,0.0
3,2026-01-21 04:00:12.219276,Airtel broadband wifi,130.0,Bills,expense,UPI,False,0.0
3,2026-01-21 03:06:12.219276,Train Ticket IRCTC,201.0,Transport,expense,UPI,False,0.0
3,2026-01-22 07:19:12.219276,BookMyShow Movie Ticket PVR,1005.0,Entertainment,expense,UPI,False,0.0
3,2026-01-21 23:55:12.219276,LUXURY DIAMOND RING JEWELLER,88219.0,Bills,expense,UPI,True,82.06995915091932
3,2026-01-23 02:01:12.219276,GitHub Copilot Subscription,1700.0,Bills,expense,Cash,False,0.0
3,2026-01-23 09:36:12.219276,Noodles corner,448.0,Food,expense,NetBanking,False,0.0
3,2026-01-23 11:27:12.219276,Gas cylinder booking Indane,173.0,Bills,expense,UPI,False,0.0
3,2026-01-23 03:02:12.219276,Multivitamins health supplements,1446.0,Healthcare,expense,NetBanking,False,0.0
3,2026-01-25 02:59:12.219276,CRITICAL SPIKE - DTH TV recharge Tata Sky,17790.0,Bills,expense,Credit Card,True,75.73052112768295
3,2026-01-25 08:35:12.219276,Student Mess Fees Monthly,104.0,Food,expense,NetBanking,False,0.0
3,2026-01-24 21:05:12.219276,Gift box wrapper,456.0,Miscellaneous,expense,NetBanking,False,0.0
3,2026-01-25 08:09:12.219276,Board game cafe bill,738.0,Entertainment,expense,UPI,False,0.0
3,2026-01-25 12:40:12.219276,MIDNIGHT SUSPICIOUS - Gift box wrapper,456.0,Miscellaneous,expense,UPI,True,80.7375120892519
3,2026-01-27 01:31:12.219276,H&M jeans,1597.0,Shopping,expense,Credit Card,False,0.0
3,2026-01-27 05:08:12.219276,Eye test & spectacles frames,535.0,Healthcare,expense,NetBanking,False,0.0
3,2026-01-29 00:34:12.219276,Part time tutoring kid,213.0,Income,income,UPI,False,0.0
3,2026-01-30 10:06:12.219276,Myntra t-shirt purchase,3533.0,Shopping,expense,UPI,False,0.0
3,2026-01-30 07:24:12.219276,Train Ticket IRCTC,344.0,Transport,expense,UPI,False,0.0
3,2026-01-30 21:38:12.219276,Eye test & spectacles frames,1316.0,Healthcare,expense,UPI,False,0.0
3,2026-02-01 11:33:12.219276,Decathlon sports gear,3739.0,Shopping,expense,UPI,False,0.0
3,2026-01-31 23:25:12.219276,Electricity bill board,1493.0,Bills,expense,Credit Card,False,0.0
3,2026-02-01 21:34:12.219276,Infosys Salary account credit,126375.0,Income,income,Bank Transfer,False,0.0
3,2026-02-02 11:09:12.219276,Luggage bag purchase Safari,7712.0,Travel,expense,UPI,False,0.0
3,2026-02-01 20:36:12.219276,Airbnb stay vacation room,4639.0,Travel,expense,UPI,False,0.0
3,2026-02-02 07:15:12.219276,RedBus booking home town,2030.0,Travel,expense,UPI,False,0.0
3,2026-02-01 21:42:12.219276,DTH TV recharge Tata Sky,130.0,Bills,expense,Credit Card,False,0.0
3,2026-02-03 11:05:12.219276,Temple donation offering,442.0,Miscellaneous,expense,UPI,False,0.0
3,2026-02-02 21:24:12.219276,Temple donation offering,421.0,Miscellaneous,expense,UPI,False,0.0
3,2026-02-03 04:36:12.219276,Jio Prepaid Mobile Recharge,1378.0,Bills,expense,Credit Card,False,0.0
3,2026-02-03 04:26:12.219276,Uber Auto Ride,183.0,Transport,expense,UPI,False,0.0
3,2026-02-04 06:38:12.219276,Gas cylinder booking Indane,1787.0,Bills,expense,Cash,False,0.0
3,2026-02-05 01:19:12.219276,Apollo Pharmacy medicines,253.0,Healthcare,expense,NetBanking,False,0.0
3,2026-02-05 06:41:12.219276,Metro Card Recharge Metro Station,298.0,Transport,expense,UPI,False,0.0
3,2026-02-05 22:34:12.219276,Monthly Salary Net Credit,117314.0,Income,income,Bank Transfer,False,0.0
3,2026-02-06 22:25:12.219276,Local Bus Ticket,55.0,Transport,expense,Cash,False,0.0
3,2026-02-08 08:22:12.219276,Lost cash wallet,332.0,Miscellaneous,expense,UPI,False,0.0
3,2026-02-08 04:21:12.219276,Campus Canteen Maggie,295.0,Food,expense,NetBanking,False,0.0
3,2026-02-07 19:40:12.219276,Dominos Pizza,115.0,Food,expense,Cash,False,0.0
3,2026-02-07 22:50:12.219276,MakeMyTrip flight Bangalore to Delhi,5843.0,Travel,expense,Credit Card,False,0.0
3,2026-02-08 23:14:12.219276,Spotify Premium monthly plan,834.0,Entertainment,expense,Cash,False,0.0
3,2026-02-09 01:21:12.219276,Noodles corner,191.0,Food,expense,UPI,False,0.0
3,2026-02-08 16:09:12.219276,MIDNIGHT SUSPICIOUS - Friend Splitwise repayment,774.0,Miscellaneous,expense,Cash,True,83.07437808719887
3,2026-02-09 02:26:12.219276,Netflix subscription premium,1030.0,Entertainment,expense,Credit Card,False,0.0
3,2026-02-10 04:51:12.219276,Book Store college textbooks,2819.0,Shopping,expense,Cash,False,0.0
3,2026-02-10 10:34:12.219276,Pub weekend entry cover charge,405.0,Entertainment,expense,NetBanking,False,0.0
3,2026-02-10 21:34:12.219276,Monthly Salary Net Credit,126577.0,Income,income,Bank Transfer,False,0.0
3,2026-02-11 00:19:12.219276,H&M jeans,2776.0,Shopping,expense,UPI,False,0.0
3,2026-02-12 03:34:12.219276,Part time tutoring kid,495.0,Income,income,UPI,False,0.0
3,2026-02-11 23:27:12.219276,Concert ticket EDM show,380.0,Entertainment,expense,UPI,False,0.0
3,2026-02-12 23:29:12.219276,Petrol Pump HP,135.0,Transport,expense,UPI,False,0.0
3,2026-02-13 04:02:12.219276,Gas cylinder booking Indane,1783.0,Bills,expense,Cash,False,0.0
3,2026-02-13 03:05:12.219276,BookMyShow Movie Ticket PVR,573.0,Entertainment,expense,UPI,False,0.0
3,2026-02-14 10:07:12.219276,CRITICAL SPIKE - Apollo Pharmacy medicines,10740.0,Healthcare,expense,UPI,True,81.58956273619181
3,2026-02-13 23:52:12.219276,Jio Prepaid Mobile Recharge,1793.0,Bills,expense,NetBanking,False,0.0
3,2026-02-15 06:53:12.219276,Noodles corner,351.0,Food,expense,Credit Card,False,0.0
3,2026-02-15 10:58:12.219276,Amusement park ticket,561.0,Entertainment,expense,NetBanking,False,0.0
3,2026-02-14 20:23:12.219276,Airtel broadband wifi,2067.0,Bills,expense,UPI,False,0.0
3,2026-02-15 22:51:12.219276,Eye test & spectacles frames,1329.0,Healthcare,expense,UPI,False,0.0
3,2026-02-16 05:21:12.219276,GitHub Copilot Subscription,1143.0,Bills,expense,NetBanking,False,0.0
3,2026-02-16 03:31:12.219276,Apollo Pharmacy medicines,328.0,Healthcare,expense,UPI,False,0.0
3,2026-02-17 01:14:12.219276,Temple donation offering,344.0,Miscellaneous,expense,Cash,False,0.0
3,2026-02-18 09:10:12.219276,Dominos Pizza,90.0,Food,expense,Cash,False,0.0
3,2026-02-18 05:20:12.219276,Electricity bill board,2070.0,Bills,expense,UPI,False,0.0
3,2026-02-18 06:40:12.219276,General Physician consultation fee,756.0,Healthcare,expense,Credit Card,False,0.0
3,2026-02-18 05:36:12.219276,Multivitamins health supplements,1479.0,Healthcare,expense,UPI,False,0.0
3,2026-02-19 09:09:12.219276,RedBus booking home town,6362.0,Travel,expense,UPI,False,0.0
3,2026-02-19 03:00:12.219276,Local vegetable vendor,119.0,Food,expense,UPI,False,0.0
3,2026-02-19 23:17:12.219276,Airbnb stay vacation room,6382.0,Travel,expense,UPI,False,0.0
3,2026-02-21 01:57:12.219276,Travel agent booking ticket,3111.0,Travel,expense,UPI,False,0.0
3,2026-02-21 10:31:12.219276,CRITICAL SPIKE - Uber Auto Ride,2415.0,Transport,expense,NetBanking,True,84.68749053946476
3,2026-02-20 22:39:12.219276,Spotify Premium monthly plan,847.0,Entertainment,expense,Cash,False,0.0
3,2026-02-21 01:16:12.219276,GitHub Copilot Subscription,1087.0,Bills,expense,NetBanking,False,0.0
3,2026-02-23 03:33:12.219276,Laser tag game weekend,827.0,Entertainment,expense,Cash,False,0.0
3,2026-02-23 10:09:12.219276,Electricity bill board,1849.0,Bills,expense,NetBanking,False,0.0
3,2026-02-22 20:16:12.219276,Amazon shopping clothes,3426.0,Shopping,expense,Cash,False,0.0
3,2026-02-24 02:26:12.219276,Local thrift store jacket,3420.0,Shopping,expense,UPI,False,0.0
3,2026-02-24 23:36:12.219276,Cloud storage Google One,350.0,Bills,expense,UPI,False,0.0
3,2026-02-26 01:04:12.219276,Hostel Electricity surcharge,1868.0,Bills,expense,UPI,False,0.0
3,2026-02-26 22:39:12.219276,Electricity bill board,2283.0,Bills,expense,Credit Card,False,0.0
3,2026-02-28 00:51:12.219276,Metro Card Recharge Metro Station,242.0,Transport,expense,UPI,False,0.0
3,2026-03-01 01:27:12.219276,Temple donation offering,349.0,Miscellaneous,expense,Credit Card,False,0.0
3,2026-03-01 08:45:12.219276,Gift box wrapper,340.0,Miscellaneous,expense,Credit Card,False,0.0
3,2026-02-28 19:46:12.219276,Hotel room booking OYO,4586.0,Travel,expense,UPI,False,0.0
3,2026-02-28 22:29:12.219276,General Physician consultation fee,969.0,Healthcare,expense,Credit Card,False,0.0
3,2026-03-01 21:34:12.219276,Infosys Salary account credit,107559.0,Income,income,Bank Transfer,False,0.0
3,2026-03-01 23:37:12.219276,ATM Cash withdrawal Self,336.0,Miscellaneous,expense,Cash,False,0.0
3,2026-03-02 21:49:12.219276,BookMyShow Movie Ticket PVR,642.0,Entertainment,expense,Cash,False,0.0
3,2026-03-02 21:50:12.219276,Temple donation offering,92.0,Miscellaneous,expense,Cash,False,0.0
3,2026-03-02 21:01:12.219276,Gas cylinder booking Indane,2348.0,Bills,expense,UPI,False,0.0
3,2026-03-02 22:07:12.219276,RedBus booking home town,3144.0,Travel,expense,UPI,False,0.0
3,2026-03-04 09:44:12.219276,Shell Fuel Station,309.0,Transport,expense,NetBanking,False,0.0
3,2026-03-03 20:23:12.219276,Gas cylinder booking Indane,222.0,Bills,expense,UPI,False,0.0
3,2026-03-04 01:22:12.219276,KFC Chicken meal,450.0,Food,expense,NetBanking,False,0.0
3,2026-03-05 10:24:12.219276,Ola Cab Booking,127.0,Transport,expense,UPI,False,0.0
3,2026-03-04 20:20:12.219276,Gift box wrapper,240.0,Miscellaneous,expense,Cash,False,0.0
3,2026-03-05 05:22:12.219276,Shoppers Stop shoes,1681.0,Shopping,expense,UPI,False,0.0
3,2026-03-05 10:52:12.219276,Hostel Electricity surcharge,752.0,Bills,expense,UPI,False,0.0
3,2026-03-05 20:34:12.219276,Stipend Internship Google,134224.0,Income,income,Bank Transfer,False,0.0
3,2026-03-06 10:36:12.219276,Temple donation offering,453.0,Miscellaneous,expense,Credit Card,False,0.0
3,2026-03-05 20:34:12.219276,Laundry detergent detergent shop,289.0,Miscellaneous,expense,Cash,False,0.0
3,2026-03-07 04:07:12.219276,Cough syrup & vitamins,899.0,Healthcare,expense,Cash,False,0.0
3,2026-03-08 02:54:12.219276,Local Bus Ticket,241.0,Transport,expense,NetBanking,False,0.0
3,2026-03-08 08:20:12.219276,Electricity bill board,1599.0,Bills,expense,UPI,False,0.0
3,2026-03-07 21:00:12.219276,Juice Shop hostel,445.0,Food,expense,Credit Card,False,0.0
3,2026-03-09 00:42:12.219276,Laundry detergent detergent shop,366.0,Miscellaneous,expense,UPI,False,0.0
3,2026-03-09 07:50:12.219276,Uber Auto Ride,167.0,Transport,expense,UPI,False,0.0
3,2026-03-09 04:14:12.219276,ATM Cash withdrawal Self,334.0,Miscellaneous,expense,UPI,False,0.0
3,2026-03-10 01:58:12.219276,Laundry detergent detergent shop,305.0,Miscellaneous,expense,UPI,False,0.0
3,2026-03-10 20:34:12.219276,TCS Payroll credit,134624.0,Income,income,Bank Transfer,False,0.0
3,2026-03-11 05:20:12.219276,H&M jeans,668.0,Shopping,expense,Credit Card,False,0.0
3,2026-03-12 09:22:12.219276,DTH TV recharge Tata Sky,1318.0,Bills,expense,UPI,False,0.0
3,2026-03-12 08:47:12.219276,Shoppers Stop shoes,3358.0,Shopping,expense,Cash,False,0.0
3,2026-03-12 07:52:12.219276,Auto Fare Cash,158.0,Transport,expense,UPI,False,0.0
3,2026-03-12 05:29:12.219276,Student health insurance premium,926.0,Healthcare,expense,NetBanking,False,0.0
3,2026-03-13 04:46:12.219276,Eye test & spectacles frames,955.0,Healthcare,expense,UPI,False,0.0
3,2026-03-14 20:23:12.219276,General Physician consultation fee,1042.0,Healthcare,expense,NetBanking,False,0.0
3,2026-03-15 01:27:12.219276,Spotify Premium monthly plan,904.0,Entertainment,expense,Cash,False,0.0
3,2026-03-15 05:36:12.219276,Gas cylinder booking Indane,649.0,Bills,expense,UPI,False,0.0
3,2026-03-17 02:27:12.219276,Gaming Zone Arcade Mall,592.0,Entertainment,expense,NetBanking,False,0.0
3,2026-03-17 08:20:12.219276,Lost cash wallet,350.0,Miscellaneous,expense,UPI,False,0.0
3,2026-03-18 10:20:12.219276,Ola Cab Booking,78.0,Transport,expense,Credit Card,False,0.0
3,2026-03-20 10:47:12.219276,Gaming Zone Arcade Mall,337.0,Entertainment,expense,UPI,False,0.0
3,2026-03-19 21:30:12.219276,Book Store college textbooks,3037.0,Shopping,expense,UPI,False,0.0
3,2026-03-20 11:22:12.219276,Apollo Pharmacy medicines,357.0,Healthcare,expense,Cash,False,0.0
3,2026-03-20 09:23:12.219276,DTH TV recharge Tata Sky,490.0,Bills,expense,Cash,False,0.0
3,2026-03-20 20:11:12.219276,Swiggy Delivery Hyderabad,174.0,Food,expense,UPI,False,0.0
3,2026-03-20 19:49:12.219276,Petrol Pump HP,242.0,Transport,expense,UPI,False,0.0
3,2026-03-21 04:20:12.219276,Cough syrup & vitamins,1167.0,Healthcare,expense,Credit Card,False,0.0
3,2026-03-21 01:59:12.219276,Water supply bill,1801.0,Bills,expense,Cash,False,0.0
3,2026-03-21 23:29:12.219276,Amazon shopping clothes,712.0,Shopping,expense,UPI,False,0.0
3,2026-03-22 04:48:12.219276,Gift box wrapper,445.0,Miscellaneous,expense,UPI,False,0.0
3,2026-03-23 01:44:12.219276,Hotel room booking OYO,2216.0,Travel,expense,Credit Card,False,0.0
3,2026-03-22 21:49:12.219276,Local thrift store jacket,2884.0,Shopping,expense,UPI,False,0.0
3,2026-03-22 21:50:12.219276,Hotel room booking OYO,4745.0,Travel,expense,UPI,False,0.0
3,2026-03-23 09:21:12.219276,Local vegetable vendor,230.0,Food,expense,Cash,False,0.0
3,2026-03-24 02:34:12.219276,Credit card cash back reward,15.0,Income,income,System Wallet,False,0.0
3,2026-03-23 22:41:12.219276,Airbnb stay vacation room,5511.0,Travel,expense,UPI,False,0.0
3,2026-03-25 01:57:12.219276,Swiggy Delivery Hyderabad,178.0,Food,expense,UPI,False,0.0
3,2026-03-25 07:43:12.219276,Gym membership monthly fee,1444.0,Healthcare,expense,UPI,False,0.0
3,2026-03-24 22:45:12.219276,MakeMyTrip flight Bangalore to Delhi,4624.0,Travel,expense,UPI,False,0.0
3,2026-03-26 01:01:12.219276,Gas cylinder booking Indane,313.0,Bills,expense,Cash,False,0.0
3,2026-03-26 00:13:12.219276,Train Ticket IRCTC,350.0,Transport,expense,Credit Card,False,0.0
3,2026-03-26 20:24:12.219276,Hostel Electricity surcharge,265.0,Bills,expense,NetBanking,False,0.0
3,2026-03-27 03:04:12.219276,Laundry detergent detergent shop,449.0,Miscellaneous,expense,NetBanking,False,0.0
3,2026-03-27 01:48:12.219276,Gift box wrapper,320.0,Miscellaneous,expense,UPI,False,0.0
3,2026-03-27 10:18:12.219276,Water supply bill,318.0,Bills,expense,NetBanking,False,0.0
3,2026-03-27 22:25:12.219276,Juice Shop hostel,268.0,Food,expense,Cash,False,0.0
3,2026-03-28 09:50:12.219276,Hostel Electricity surcharge,2451.0,Bills,expense,UPI,False,0.0
3,2026-03-28 09:23:12.219276,Book Store college textbooks,3497.0,Shopping,expense,Cash,False,0.0
3,2026-03-28 09:39:12.219276,General Physician consultation fee,1331.0,Healthcare,expense,Cash,False,0.0
3,2026-03-29 02:43:12.219276,Decathlon sports gear,3609.0,Shopping,expense,Credit Card,False,0.0
3,2026-03-29 05:10:12.219276,Water supply bill,1305.0,Bills,expense,Cash,False,0.0
3,2026-03-30 05:23:12.219276,Local thrift store jacket,843.0,Shopping,expense,UPI,False,0.0
3,2026-03-31 10:43:12.219276,First aid box bandage,312.0,Healthcare,expense,UPI,False,0.0
3,2026-03-31 09:45:12.219276,Dentist consultation clinic,1136.0,Healthcare,expense,UPI,False,0.0
3,2026-03-31 06:16:12.219276,Concert ticket EDM show,617.0,Entertainment,expense,UPI,False,0.0
3,2026-03-31 20:27:12.219276,Board game cafe bill,433.0,Entertainment,expense,Cash,False,0.0
3,2026-04-01 00:31:12.219276,Electricity bill board,1511.0,Bills,expense,UPI,False,0.0
3,2026-04-01 23:34:12.219276,Infosys Salary account credit,139977.0,Income,income,Bank Transfer,False,0.0
3,2026-04-02 00:01:12.219276,Book Store college textbooks,2818.0,Shopping,expense,Cash,False,0.0
3,2026-04-02 07:00:12.219276,Water supply bill,2355.0,Bills,expense,Credit Card,False,0.0
3,2026-04-01 23:17:12.219276,Local Bus Ticket,37.0,Transport,expense,Credit Card,False,0.0
3,2026-04-02 06:33:12.219276,Local thrift store jacket,3706.0,Shopping,expense,Cash,False,0.0
3,2026-04-03 05:28:12.219276,Concert ticket EDM show,966.0,Entertainment,expense,UPI,False,0.0
3,2026-04-03 01:04:12.219276,Lost cash wallet,370.0,Miscellaneous,expense,UPI,False,0.0
3,2026-04-05 03:34:12.219276,Credit card cash back reward,110.0,Income,income,System Wallet,False,0.0
3,2026-04-05 23:34:12.219276,Monthly Salary Net Credit,107653.0,Income,income,Bank Transfer,False,0.0
3,2026-04-06 21:13:12.219276,Electricity bill board,296.0,Bills,expense,Credit Card,False,0.0
3,2026-04-09 01:29:12.219276,Toll plaza fee,194.0,Transport,expense,Credit Card,False,0.0
3,2026-04-09 09:14:12.219276,Friend Splitwise repayment,496.0,Miscellaneous,expense,Credit Card,False,0.0
3,2026-04-09 03:35:12.219276,Amazon shopping clothes,3389.0,Shopping,expense,NetBanking,False,0.0
3,2026-04-09 00:37:12.219276,Airbnb stay vacation room,5626.0,Travel,expense,Credit Card,False,0.0
3,2026-04-10 00:12:12.219276,Sunglasses purchase store,2051.0,Shopping,expense,Credit Card,False,0.0
3,2026-04-10 11:20:12.219276,Shoppers Stop shoes,479.0,Shopping,expense,UPI,False,0.0
3,2026-04-09 22:23:12.219276,Airbnb stay vacation room,2390.0,Travel,expense,Cash,False,0.0
3,2026-04-10 23:34:12.219276,Wipro software engineer salary,101489.0,Income,income,Bank Transfer,False,0.0
3,2026-04-11 02:39:12.219276,Water supply bill,899.0,Bills,expense,Credit Card,False,0.0
3,2026-04-11 01:56:12.219276,Shoppers Stop shoes,1865.0,Shopping,expense,UPI,False,0.0
3,2026-04-11 09:34:12.219276,Dentist consultation clinic,1156.0,Healthcare,expense,UPI,False,0.0
3,2026-04-10 19:58:12.219276,BookMyShow Movie Ticket PVR,358.0,Entertainment,expense,UPI,False,0.0
3,2026-04-12 06:58:12.219276,Board game cafe bill,800.0,Entertainment,expense,Credit Card,False,0.0
3,2026-04-12 04:53:12.219276,Local Bus Ticket,141.0,Transport,expense,Cash,False,0.0
3,2026-04-11 20:43:12.219276,Electricity bill board,790.0,Bills,expense,NetBanking,False,0.0
3,2026-04-13 04:37:12.219276,ATM Cash withdrawal Self,468.0,Miscellaneous,expense,NetBanking,False,0.0
3,2026-04-13 08:04:12.219276,Amusement park ticket,569.0,Entertainment,expense,UPI,False,0.0
3,2026-04-14 00:38:12.219276,Travel agent booking ticket,6093.0,Travel,expense,UPI,False,0.0
3,2026-04-15 05:34:12.219276,Part time tutoring kid,2213.0,Income,income,UPI,False,0.0
3,2026-04-15 01:10:12.219276,Parking charges mall,129.0,Transport,expense,Credit Card,False,0.0
3,2026-04-16 03:30:12.219276,RedBus booking home town,5489.0,Travel,expense,UPI,False,0.0
3,2026-04-16 08:35:12.219276,Bike taxi Rapido,120.0,Transport,expense,NetBanking,False,0.0
3,2026-04-16 11:24:12.219276,Jio Prepaid Mobile Recharge,2444.0,Bills,expense,UPI,False,0.0
3,2026-04-17 08:29:12.219276,Gym membership monthly fee,443.0,Healthcare,expense,UPI,False,0.0
3,2026-04-16 19:57:12.219276,RedBus booking home town,5318.0,Travel,expense,UPI,False,0.0
3,2026-04-17 00:48:12.219276,Student Mess Fees Monthly,356.0,Food,expense,UPI,False,0.0
3,2026-04-17 06:34:12.219276,Gas cylinder booking Indane,752.0,Bills,expense,Credit Card,False,0.0
3,2026-04-18 00:20:12.219276,MakeMyTrip flight Bangalore to Delhi,7625.0,Travel,expense,Cash,False,0.0
3,2026-04-17 23:54:12.219276,Bike taxi Rapido,119.0,Transport,expense,Cash,False,0.0
3,2026-04-18 03:49:12.219276,Multivitamins health supplements,1416.0,Healthcare,expense,Cash,False,0.0
3,2026-04-18 00:42:12.219276,First aid box bandage,791.0,Healthcare,expense,UPI,False,0.0
3,2026-04-21 05:15:12.219276,Laundry detergent detergent shop,418.0,Miscellaneous,expense,NetBanking,False,0.0
3,2026-04-22 04:56:12.219276,GitHub Copilot Subscription,2367.0,Bills,expense,UPI,False,0.0
3,2026-04-22 09:39:12.219276,Travel agent booking ticket,6470.0,Travel,expense,UPI,False,0.0
3,2026-04-22 09:58:12.219276,Airtel broadband wifi,1063.0,Bills,expense,Credit Card,False,0.0
3,2026-04-21 20:33:12.219276,RedBus booking home town,6417.0,Travel,expense,UPI,False,0.0
3,2026-04-23 11:13:12.219276,Dentist consultation clinic,1457.0,Healthcare,expense,Credit Card,False,0.0
3,2026-04-23 09:06:12.219276,Laundry detergent detergent shop,246.0,Miscellaneous,expense,Cash,False,0.0
3,2026-04-23 21:24:12.219276,Shoppers Stop shoes,2514.0,Shopping,expense,Credit Card,False,0.0
3,2026-04-25 06:37:12.219276,ATM Cash withdrawal Self,254.0,Miscellaneous,expense,UPI,False,0.0
3,2026-04-25 08:20:12.219276,Electricity bill board,1576.0,Bills,expense,Credit Card,False,0.0
3,2026-04-26 01:23:12.219276,Swiggy Delivery Hyderabad,424.0,Food,expense,NetBanking,False,0.0
3,2026-04-26 08:03:12.219276,Gas cylinder booking Indane,1199.0,Bills,expense,Cash,False,0.0
3,2026-04-26 04:45:12.219276,Eye test & spectacles frames,487.0,Healthcare,expense,Cash,False,0.0
3,2026-04-27 03:29:12.219276,Gift box wrapper,344.0,Miscellaneous,expense,Credit Card,False,0.0
3,2026-04-28 05:45:12.219276,Petrol Pump HP,237.0,Transport,expense,UPI,False,0.0
3,2026-04-28 01:32:12.219276,Lost cash wallet,419.0,Miscellaneous,expense,Credit Card,False,0.0
3,2026-04-28 08:11:12.219276,DTH TV recharge Tata Sky,786.0,Bills,expense,UPI,False,0.0
3,2026-04-27 22:48:12.219276,Gaming Zone Arcade Mall,853.0,Entertainment,expense,NetBanking,False,0.0
3,2026-04-29 11:07:12.219276,Bike taxi Rapido,230.0,Transport,expense,UPI,False,0.0
3,2026-04-29 06:22:12.219276,DTH TV recharge Tata Sky,2388.0,Bills,expense,Cash,False,0.0
3,2026-04-28 19:46:12.219276,Travel agent booking ticket,4353.0,Travel,expense,UPI,False,0.0
3,2026-04-28 23:32:12.219276,Water supply bill,2198.0,Bills,expense,UPI,False,0.0
3,2026-04-30 02:51:12.219276,Amazon shopping clothes,1215.0,Shopping,expense,NetBanking,False,0.0
3,2026-04-29 21:54:12.219276,Zomato Order,266.0,Food,expense,NetBanking,False,0.0
3,2026-04-30 01:40:12.219276,Cloud storage Google One,540.0,Bills,expense,NetBanking,False,0.0
3,2026-04-30 22:49:12.219276,Jio Prepaid Mobile Recharge,1818.0,Bills,expense,Cash,False,0.0
3,2026-05-01 22:34:12.219276,Stipend Internship Google,129316.0,Income,income,Bank Transfer,False,0.0
3,2026-05-02 01:34:12.219276,GPay cashback reward,37.0,Income,income,System Wallet,False,0.0
3,2026-05-03 03:34:12.219276,GPay cashback reward,126.0,Income,income,System Wallet,False,0.0
3,2026-05-02 21:12:12.219276,ATM Cash withdrawal Self,406.0,Miscellaneous,expense,Credit Card,False,0.0
3,2026-05-03 03:28:12.219276,Stationery shop notebook,427.0,Shopping,expense,UPI,False,0.0
3,2026-05-03 07:44:12.219276,Temple donation offering,335.0,Miscellaneous,expense,NetBanking,False,0.0
3,2026-05-03 08:37:12.219276,Shoppers Stop shoes,2683.0,Shopping,expense,Credit Card,False,0.0
3,2026-05-04 09:51:12.219276,Laundry detergent detergent shop,455.0,Miscellaneous,expense,Cash,False,0.0
3,2026-05-04 06:21:12.219276,Airtel broadband wifi,666.0,Bills,expense,NetBanking,False,0.0
3,2026-05-04 07:24:12.219276,GitHub Copilot Subscription,1490.0,Bills,expense,Credit Card,False,0.0
3,2026-05-03 22:39:12.219276,Hostel Electricity surcharge,828.0,Bills,expense,NetBanking,False,0.0
3,2026-05-04 20:36:12.219276,Electricity bill board,657.0,Bills,expense,UPI,False,0.0
3,2026-05-05 02:38:12.219276,Flipkart electronics gadget,1925.0,Shopping,expense,Cash,False,0.0
3,2026-05-04 21:47:12.219276,BookMyShow Movie Ticket PVR,387.0,Entertainment,expense,NetBanking,False,0.0
3,2026-05-05 22:34:12.219276,Monthly Salary Net Credit,121232.0,Income,income,Bank Transfer,False,0.0
3,2026-05-06 04:52:12.219276,Laser tag game weekend,523.0,Entertainment,expense,NetBanking,False,0.0
3,2026-05-06 10:43:12.219276,Temple donation offering,365.0,Miscellaneous,expense,Cash,False,0.0
3,2026-05-06 05:15:12.219276,Travel agent booking ticket,3819.0,Travel,expense,Credit Card,False,0.0
3,2026-05-06 01:32:12.219276,Student health insurance premium,213.0,Healthcare,expense,Cash,False,0.0
3,2026-05-06 23:21:12.219276,Bike taxi Rapido,141.0,Transport,expense,UPI,False,0.0
3,2026-05-08 21:37:12.219276,H&M jeans,429.0,Shopping,expense,Cash,False,0.0
3,2026-05-09 04:05:12.219276,Apollo Pharmacy medicines,384.0,Healthcare,expense,Credit Card,False,0.0
3,2026-05-08 20:08:12.219276,Local thrift store jacket,3339.0,Shopping,expense,NetBanking,False,0.0
3,2026-05-09 09:45:12.219276,Stationery shop notebook,2054.0,Shopping,expense,UPI,False,0.0
3,2026-05-10 04:04:12.219276,Airbnb stay vacation room,4628.0,Travel,expense,NetBanking,False,0.0
3,2026-05-10 05:43:12.219276,Book Store college textbooks,1033.0,Shopping,expense,UPI,False,0.0
3,2026-05-10 23:34:12.219276,Infosys Salary account credit,105913.0,Income,income,Bank Transfer,False,0.0
3,2026-05-11 09:41:12.219276,Spotify Premium monthly plan,953.0,Entertainment,expense,UPI,False,0.0
3,2026-05-11 02:02:12.219276,RedBus booking home town,2518.0,Travel,expense,UPI,False,0.0
3,2026-05-11 05:45:12.219276,Pub weekend entry cover charge,531.0,Entertainment,expense,UPI,False,0.0
3,2026-05-11 02:21:12.219276,Zara retail mall,2761.0,Shopping,expense,Cash,False,0.0
3,2026-05-11 22:14:12.219276,Toll plaza fee,248.0,Transport,expense,Cash,False,0.0
3,2026-05-13 07:18:12.219276,Friend Splitwise repayment,171.0,Miscellaneous,expense,NetBanking,False,0.0
3,2026-05-13 04:00:12.219276,Pub weekend entry cover charge,566.0,Entertainment,expense,NetBanking,False,0.0
3,2026-05-13 02:44:12.219276,Train Ticket IRCTC,267.0,Transport,expense,Credit Card,False,0.0
3,2026-05-13 05:50:12.219276,General Physician consultation fee,706.0,Healthcare,expense,Cash,False,0.0
3,2026-05-14 10:12:12.219276,Luggage bag purchase Safari,7861.0,Travel,expense,UPI,False,0.0
3,2026-05-13 21:44:12.219276,MakeMyTrip flight Bangalore to Delhi,3530.0,Travel,expense,Credit Card,False,0.0
3,2026-05-14 10:22:12.219276,Maggie Point Gate 2,206.0,Food,expense,Cash,False,0.0
3,2026-05-14 05:42:12.219276,Laundry detergent detergent shop,418.0,Miscellaneous,expense,Credit Card,False,0.0
3,2026-05-15 00:24:12.219276,Friend Splitwise repayment,116.0,Miscellaneous,expense,UPI,False,0.0
3,2026-05-14 21:30:12.219276,DTH TV recharge Tata Sky,322.0,Bills,expense,UPI,False,0.0
3,2026-05-15 09:56:12.219276,Campus Canteen Maggie,363.0,Food,expense,Credit Card,False,0.0
3,2026-05-15 08:33:12.219276,Bowling Alley Arena,881.0,Entertainment,expense,Cash,False,0.0
3,2026-05-16 01:34:12.219276,Freelance Web Design payment,271.0,Income,income,UPI,False,0.0
3,2026-05-16 05:41:12.219276,Laser tag game weekend,317.0,Entertainment,expense,Cash,False,0.0
3,2026-05-16 02:29:12.219276,MakeMyTrip flight Bangalore to Delhi,4841.0,Travel,expense,UPI,False,0.0
3,2026-05-18 02:34:12.219276,Social media management fee,885.0,Income,income,UPI,False,0.0
3,2026-05-19 01:37:12.219276,Hotel room booking OYO,7355.0,Travel,expense,Cash,False,0.0
3,2026-05-20 02:17:12.219276,Biryani House Restaurant,292.0,Food,expense,UPI,False,0.0
