AF3,F7,F3,FC5,T7,P7,O1,O2,P8,T8,FC6,F4,F8,AF4
-107.85045017616952,-42.906163503463254,-48.69265301123048,-22.354724693567345,-220.04507947535092,-23.673011071615807,-2.040120200237581,-65.92034763898268,103.417973620957,-37.9460212106467,181.54053734182656,-37.42447742847197,-57.23667757987489,-27.5277163737769
-95.10179656021724,-24.32527687087737,106.93426823086799,-66.48254819417049,-130.6244381868442,-2.060849340213492,-34.85278755585276,-88.0181297257123,37.42371192212576,16.407305982537558,-268.16441460951415,-114.64740265128366,54.773902197945965,132.0539571903428
15.011345356426062,-165.05554940074387,-43.612684250382266,-170.95860231683014,29.016500700562087,155.82800891517613,-77.3139312732788,71.24234392894134,-264.08650073210555,49.12426705860258,18.125470211712937,34.64710146213943,-121.59053808986809,38.693426079990346
75.47374269350753,-16.071248929471587,-199.69543703836027,27.401257828957014,-22.845471630217173,145.05814297078675,-182.06240569668302,-5.654142734662509,-37.88627382794833,-62.37703429754179,-35.3955146597019,66.5036390759138,-57.77975868213,118.98892819270517
1.745736833649818,57.65762179384119,-87.70734183281414,-37.94211355630443,-25.43478044500217,-55.713605721066294,-193.3536225587964,76.05284415737616,154.45508176725912,69.59564476896894,96.6647334652826,-198.28677882845062,-50.70087730329246,17.23561095892416
99.23349921289926,-52.205688900317504,206.74597487958354,43.47636548440085,54.797384321934615,98.68308335627067,-96.44438671752667,-41.23380713443541,22.70279983598555,-9.32581582341938,-59.14564532600828,31.440889284415398,20.564560991080015,-154.5734614136643
-166.57487693990322,-21.284864391719395,-115.74091357797114,-39.48490050595209,10.26991016415818,29.288201828638062,151.98635409099893,57.56168522046428,32.58678666818543,10.066325980295508,-28.419566474559264,137.4626124730519,65.96470266172243,-151.90098790781317
66.6084242334018,145.17110597951836,-34.77396755919215,14.055191343450831,-129.51653256616402,-163.7898279707983,73.36296111539481,-19.069990306558175,0.7650442973679064,-31.639902661951503,63.11927774296002,181.1765161199945,143.7319543340656,129.87240599411177
0.9651276874446182,-20.747076022777357,86.13872965502502,-35.86466593626286,130.3874253228872,-48.635843628938744,186.28501953463513,136.87095807053095,112.97472642990184,16.401782930794695,150.81400033828353,91.33899201094007,-38.80781529362626,9.745727449891687
147.47004981636624,62.31813688295974,263.3562827477126,53.684454265537184,15.376126175113741,158.78535241378265,120.7618992822992,34.44056546551006,-9.250958223055395,-47.42351886287344,-7.5994955614711355,31.494039653882734,26.658421824122115,220.31482388377782
81.98575767192202,96.77197834072422,-3.2360024278457646,49.50507792178922,52.953478450476744,108.88928974458597,-148.1702767371186,-135.596311534751,169.0012651214128,-76.62123212691964,129.2324358047462,-30.754633685310584,41.12388079268104,-5.646180422207768
226.10510191227684,59.963694596036355,-109.46613037816721,219.8881561398689,95.04750052127677,-76.03786217519807,-11.77388934802245,-14.769875464179163,153.04285327680063,14.736591409959813,-8.591288781488993,-186.58775105711817,-9.709330570745992,39.90807938028152
-264.2652668027199,124.80814363812873,-33.01098597498483,62.488999891996855,-17.05810372280752,19.852786885184234,-79.39454996373794,123.06792869595628,-332.2015004093196,-41.93308557855237,36.64151391543516,115.19404324500637,17.10843741901471,53.56228270417073
-155.40008617677304,96.93922702154374,-19.701418916116726,-80.09777819490259,208.00193869897083,47.745647669918874,-31.674695177973284,16.17139474161978,112.79174414458797,-298.8579728335961,127.88512539956503,-68.94064963426635,26.901822355979583,-15.305799653541163
-62.02465118116155,-23.397855933349547,43.99649700054909,13.632605506994071,112.22014834921244,-58.319634617700835,-96.48484092945844,-19.0096739476013,165.5489606517829,45.944021475694186,-55.88924703328577,-32.37075420191714,-59.65866119143073,-148.79312674915766
-22.54516339000686,41.0101562401003,159.6287782665946,77.42887000864295,13.393668517139446,195.77990952865792,29.443276400589298,-19.20902870869183,246.2822348291369,-42.52075963589213,-133.91854629290657,-106.8258346207388,0.25883531827326856,107.14107144311677
-21.615340803664918,222.0246120084882,-76.33155592220479,-158.81806631672137,-19.402932386920575,-18.916524366085582,72.6029779295117,49.88277877609257,-151.3568350590296,-136.2909393195458,13.193146479348009,84.25558148916838,41.74241128253933,-38.75582915179025
-123.58745485843107,125.25717875711297,-101.9250651633606,-36.62974869996112,15.19603888910005,34.34286630046828,-113.55878727689792,21.189062489741573,155.7438432641138,216.3558903006501,7.010046928927226,-101.32399434371628,-11.836436217367865,16.249509544157554
-15.422451707007035,-26.875896254463406,189.49230603044847,37.64486977421196,24.78585587784088,244.2401570231389,59.24053773859338,-52.156407857640566,-8.478205407510819,-4.924699900805115,-62.3035667610324,174.9453115391609,-3.4903384293858,-13.859974180263926
-128.256966849363,-258.52812813099285,-21.596679445448977,21.543605974373598,103.49710760227926,-70.78643942487611,-72.39462495785804,-142.04744593257303,99.54968245251388,120.50608034572868,167.8549136758569,-94.11292110246954,189.24612286149775,53.77178837714879
133.8976944086484,65.69130205522372,-209.52226263191972,-8.965645035120936,-160.3954366800772,136.0108842456082,-17.02761267057268,-159.37498957091728,122.0400947684923,-17.5660348460534,-19.50359394731297,25.01293402338302,29.418359038833298,-179.23107324670994
-193.6908435476675,6.600368843807668,41.77270673726635,-45.65765504505569,31.280691338804484,66.01326053866998,78.3796675874229,-0.43853369804136894,118.96733932562998,35.49418183756649,-12.916752832583938,-110.0181443920778,-88.76184121861927,155.36417760006336
2.057218703215909,-10.362297699148192,117.30553414317968,23.56183059780456,-41.79262822806634,26.578039872050237,-9.749394489826537,-4.078493501257094,-4.527724648342986,-70.53543132641583,157.97200887361493,229.97060732127875,29.583023886364234,-40.34193155529507
-19.187056278651884,150.8690044247816,81.77216436729337,168.0144454294102,-68.49365319693396,-111.46984711347542,-65.9033751413498,-45.61408773944953,74.32804142548227,-69.2810659604714,-18.914969333508637,-10.506697634485173,-46.148481696906536,-12.259716996470607
-42.48697421742803,-67.31415967408115,72.84442822200464,106.02314278692762,210.47372484579188,-121.1523719999631,-185.2341038582622,-125.50116272708371,33.63259277624128,-6.064074916834674,-23.12381188576985,-8.012859478424312,-119.08905566489364,-192.40735874795288
145.28981404777102,64.91191351680908,-31.162076604252597,47.223353822109914,17.942182632532646,-114.26843764060048,-123.32520268125036,-149.79837781089077,-54.60798104739318,-190.43647132788647,94.79877364290537,-23.888193161069264,-187.159353595508,11.117500704045046
-178.755236131552,107.12431648149408,-88.93550299832505,87.26116351861711,4.700944383680593,-240.84121769808763,-94.61306673983378,28.53622147381879,-61.321812916680194,206.88181364085838,67.2734649718414,-46.86961894475793,-5.881429352796533,115.24635914999924
0.7822358570734479,-38.58482405254994,-150.5889261629758,70.03148415342105,2.44589202299282,-179.2653975353014,-6.667664669153544,-64.60731979910824,41.22833951559509,-1.3397086289786808,-86.8836050330539,-126.03676167327727,-16.76811523500705,20.174646151318605
113.69027046780384,-10.760090545850998,-93.55905617159252,155.9553665127665,64.88607276079517,-92.10658965517563,-108.58902548051108,-130.7218696859265,-110.07776699192216,20.410850648942123,6.709372252032758,146.37791769283493,-205.58077302110655,-16.41916991930269
-116.93708782515415,200.6713892789878,-51.91042018282691,66.32605689298813,243.59439777268986,-34.20684743619834,95.502536746109,-58.91814033014352,-25.011335543694862,98.5644927769063,-17.777811444976816,21.568438959416874,49.1671011579098,149.179242208651
-59.24800817603186,74.85540587793274,15.681652526044784,-100.85349766783074,-121.14948986304812,32.40937368507459,-23.890410871717744,-298.01524105977137,35.414842142817626,-58.9735627384944,-39.556395337196484,75.08724221129917,-115.12010017252379,-58.66870735158901
12.379248829502844,145.11747529572602,-42.95004722907934,7.641118906717671,-54.7752412677437,196.49285993207153,-20.42019694859051,122.21225805288532,-56.85968591806596,-18.766815750783433,204.96164324432377,43.9650615807224,-113.42545716411759,80.06987791847546
-62.891376341907936,-72.40601068060066,-47.964455952892074,130.17391299404977,115.50723709281867,-30.734668114337417,144.7289206211374,-152.9095354416502,61.74824920951267,-79.64327019908703,11.61158035978061,18.658489613395407,-136.6652942636877,144.41562827503287
-12.939661575552291,74.48583450387227,62.42178737486579,81.35316637628273,-155.7105412996868,-37.358630622455216,-117.64975989844721,-38.086452693007786,-96.1764500965376,-165.67482070243142,91.92140384364804,-42.00818509988183,-153.72675929172337,37.61408765301272
51.25375521035447,61.049995083640084,208.73397753674078,-35.91525114554843,22.47725928777059,-66.96942262542512,6.241764313589337,103.68790398820057,-15.009522458092164,94.06698566880782,-160.82135091668766,85.87533623547414,-40.8285641886599,108.43579457545076
-16.45726609343445,24.17108952222594,-17.872891754126904,-90.74701828796537,108.37259748752376,-37.6421339516019,-68.85664386429546,127.7683289477303,60.934050246281814,-96.53049665971201,-146.14085515465385,-46.087109005213904,-63.0903331513197,164.40084109491423
16.027816913453403,198.06401001188308,-111.23327094324458,-93.9273164940285,114.1809003807827,117.87034779212371,-120.79556583264232,83.04031393200485,-73.58062231281033,-11.32387883871015,-14.23038511819404,57.37196911085536,4.817334438412237,-188.56814736728975
117.01377362920387,150.980139880176,-66.62392302405992,-27.823347713783374,5.759471255628776,-167.10025382044256,198.10571746069257,17.261296130456227,100.43122850756923,36.38325092386532,25.470589306109375,-18.04653856245029,-17.919816548937145,17.88437519628463
-26.677673065568037,-5.813658607449057,-15.19375228443609,91.1981024777676,-90.7779095442587,66.02905034744228,-22.27571314931722,-99.81654159835797,95.40684986815461,68.30641224012903,-15.62462072812479,11.164287364493745,7.713770164145201,34.59005833337196
-82.3054328186506,4.444068535917916,146.0673722256217,121.61348590721789,14.56190197362139,92.81368807798316,140.42263129644877,59.47125950159453,52.90004737097057,29.40229884884674,-70.00986440034153,74.66269865807803,114.19941821809323,124.94174212197315
-66.05059928577435,35.15902296774611,-160.30688715264537,-30.73720005965413,-81.44199152526623,225.19550728080247,18.642454814854474,-65.35962992688012,-10.797336810213961,91.86013264548684,-8.641107967617087,48.11820248718674,-15.154460171425017,-111.25567911161977
-139.7982109145197,-1.335119939455271,-120.06704140003875,-61.843277416007005,56.69109848617519,68.09684039830178,-109.8020747723648,-2.9832754854378742,63.1409568379074,11.74998057921558,-121.15485412103118,7.366243824217716,-104.88019637360149,115.55608870970877
-147.036553359467,175.15525658017233,-133.15530311307106,57.075917665176334,14.838337867522478,71.91039989817263,-31.93879382944101,-12.855284624490757,30.40278153626481,-4.332889144208371,82.30473899645456,-61.36463526163881,56.042086822263485,-105.28970479021315
-92.91237570717341,-142.90987703152058,-123.3585016092002,-24.319254685733856,-99.35405922355817,-130.47910288917151,31.215228581861652,197.9952222037673,160.6152321997482,121.68779381788364,-19.894994104371648,-155.24932306943228,107.3342215325225,-7.509714760767254
136.05108834056284,50.11170088051505,22.38993297036381,116.92365561582794,-7.5253951780895525,-97.36749005630887,-156.98838866772556,-183.09290708557432,-38.30504449497793,70.90156020568318,66.96302243431272,-97.64852680643071,133.57721586105683,-115.03567684533864
-7.644619158603695,-95.17016722606293,-148.02335580048816,-41.50432974855565,-121.36532378280107,-70.71177622495809,58.53306037158475,60.841252581497194,-96.84521405370596,-56.158095134653564,46.44252405151012,27.498633473527505,16.98129063485277,95.10582073450571
121.77319900972753,98.521064542366,51.93906463257926,28.06659883164186,-264.8262379898206,-7.734630483512222,10.874695843968178,167.392138703009,-126.91456873674952,-1.542937125460018,-19.731175603043734,-104.10138804882487,90.40753561727185,-170.02037902350995
34.72049608627344,-156.60365024442683,102.51331440182905,-55.6225181783359,-27.53394577884258,-9.240456464914029,34.04600425818475,-120.10916950998339,110.2886675614054,54.93286507322891,81.00365650202697,15.899752003018522,-68.34258334977629,56.788231589019404
-39.96694308527252,-34.34787933559643,-32.17195224755863,-71.2057695361785,-24.409678190119884,68.8880327883764,86.69193076986073,-84.99083116483101,-25.252723942659568,117.69217732687768,-8.808609492825056,-81.99412609937107,128.5713514064138,38.448045733195016
34.05293462294773,28.2178300849876,85.77159827214783,-4.856421509169041,244.62344260485378,-36.094333579297775,141.90323465258044,-135.5128284517249,-41.064570809226225,32.16197493391964,-51.69151411946499,-63.363733708168326,65.89079386852086,-30.300827454578133
58.94174965952492,-134.81681275769324,141.62831011881772,-181.26775780176408,36.917379526840016,134.92805004170296,-66.18497344798989,-76.91944535197982,172.26541039679157,-22.32440844702682,-92.12138096616947,-110.20115263536441,28.325525882325774,-222.71134994654167
-5.6014857837818255,47.405357182136584,42.83624200868888,-19.995327168493965,-188.85604995510306,130.88294096687116,-117.14519742576029,-276.9440307783798,102.04740475986908,-63.521736578618494,-46.3422533667483,78.46984063655616,132.15220226895715,-24.775458934464623
-13.031393186383134,39.662070755493815,7.077560713588624,-54.48732750242535,-49.04513811288118,-49.95300505982037,29.69225874095552,59.00350845517296,-56.58116519319915,-84.52837122772543,159.80718252688766,-148.85845057938025,130.8270708635363,60.572388728335824
82.26477339867724,95.86029317605521,214.18652784629154,228.52647337105577,-93.00450071547031,-57.56671470028748,-78.76403782855212,-41.45025633800903,15.854241296782973,53.285708439103615,110.7149781579249,-2.7271813115181223,3.9264434033543627,-157.26183267831058
-59.74069406170969,-99.20997210508814,-23.833475252828134,-100.16122096990495,57.67649802676136,138.64017088424401,148.16974844481703,0.4922633190753648,-67.19348976931205,114.49715585756286,-113.64211903473414,-139.7892379817141,-56.054737828797926,166.2794377431421
-119.29486408943393,-46.30977861315514,66.52408914457969,-71.20101804480323,7.385525241092932,-16.14843336081681,39.36778336024299,-270.26791431219186,-86.45471167023295,-43.521433052766554,30.550870866902542,-69.16958619264626,8.22634131080478,30.45672335055508
10.038757724409084,32.637484665517455,-60.224310176427466,121.91262074407388,-148.34945257977105,20.392846764858035,-2.6185674755632946,176.91528750342246,133.38709029482928,245.004790806722,-59.706660434539415,7.18470983067091,-119.36531016011548,-75.72222801079594
12.33725630822473,-102.360185824499,187.67207182431395,139.47377046153184,58.17538440200759,132.03329475397564,127.11845680634195,-58.1911927368596,110.33395391835548,-12.4922899602817,-178.9563071047864,21.546945276338864,10.9885216798302,-131.40436299615598
1.368889970798548,-6.379152681195889,-131.84362736087255,-16.674388351529757,20.52439099004403,166.79562338815944,103.2302695137233,-91.11692218334946,-142.52450986057266,-65.68283574478853,92.04179875305508,-21.77223598366311,-170.25330774631493,144.62646157222008
15.02539525966389,54.343010119986815,131.64578819715186,-134.7062224742824,3.4925539500497282,-61.43962170535156,-28.905537695529915,-196.88770504664285,2.738751892878399,-59.55315773419972,28.362497303769686,71.94310128659271,-151.4691227024925,28.62488391384277
30.010990640504055,63.80468329159045,-142.85841319452982,-135.91514964096405,31.93902265299372,12.71459015750674,-92.92376511875058,15.636671287670408,6.980133556691761,-128.31362665966884,14.013334193319723,21.716846444752637,2.5094700732083295,-6.8611974110241505
-237.84806852013176,-64.41257299862262,50.11971703843769,83.20673984611578,-81.5096317226298,120.03027450917747,-17.150526929544586,-39.76362085402197,-44.138817219268695,47.511432203916684,112.22471186358665,-124.1293129661886,26.510113825898678,3.5917337707023536
5.633734966683709,109.92843512036816,-113.37800639493037,-42.95167332000685,-21.536388360448285,147.65280075972078,-136.85006694244302,130.82306168162893,131.78215995629083,-27.067081757374112,52.66084180334546,-27.15944548943488,-46.086189392564656,69.31026681692832
-93.99568756901036,107.5046413968571,-108.75837934451076,-4.107006942252599,-192.06671788445914,-80.7566381034767,9.986331143540493,65.81032030733459,61.11976904398596,93.87732502596803,-60.096156357331395,25.02250667413799,157.67441018240206,10.111389248243231
28.770528870217404,167.88886965478684,77.6455269981719,-23.376700043956127,60.516714008134144,-62.86920394535187,77.01975393089093,104.63237949964521,66.68030109765421,101.43911497755195,-91.18672200921499,-111.79468772628971,-69.89564005650432,9.804733939514223
4.07884982971638,80.51991135595613,61.68465298744725,-86.68227222501827,41.37277273906525,19.742989760903125,59.834990428980085,165.39383794931433,10.757822628196328,-128.8598788152578,-4.08868853274768,112.19818941027285,9.789859971473893,-72.6058483782643
50.206590303414025,-92.25580996867154,-213.5530516693149,45.15304081517253,143.1784499153118,134.68212131255396,-101.74066477967827,65.62753149681267,-48.890595206704596,-9.328721480877812,-0.7739687418574104,-68.19705627087681,72.20488484798106,36.10787649218737
90.35428611164976,-162.60735789452937,78.71748954246607,-145.4529903575069,-121.6704669355157,41.93123872601748,-64.67017532858314,53.668213680188884,10.086195406442473,27.092155357781362,4.645297676257864,114.70261636137869,-106.00245571699185,-83.79947073489474
-42.66050902188135,-151.5905429395329,4.215908157167743,47.558273931315675,92.04504916328024,-52.371996245325924,-55.884598061583944,52.401377267391204,113.97819987263699,30.709563112483767,-27.27837470126625,299.81836715809663,-119.51185063593512,-5.282127062504096
106.18324196441782,-24.441535570864566,124.54021711240333,-9.04268033430008,-75.77348211917426,59.94173249168659,186.80211779312506,-98.81835380707274,-135.86793151569887,20.63326387959517,-81.00220758894906,110.53565358117604,-147.23091286850072,-309.099062126066
-29.426911641421682,89.538189584921,82.60522043853487,-88.1722361818438,65.12580982067784,-27.819608576270095,4.7532810374805585,38.56981192147179,-37.716538070453424,-24.648820415538605,-76.46723633327785,-38.73493412330068,-44.60872063755483,-58.82841416547815
-162.39443301818423,139.64008416833613,-204.17538258591694,-33.38791308396973,-82.23330144035049,-69.06861989546188,-35.93439359272275,101.83092066488544,48.13644806647783,60.351230852193474,-37.59771856930737,14.801776290829538,1.9331742758841357,144.6039095032237
-119.68225450679965,136.2645876514297,17.75262786869026,91.17338012217598,-31.608047485749484,116.71704574109256,-130.59649475017306,-17.921826357694837,139.11226736841965,33.59866225001196,231.09483653770093,-39.91126780277844,0.7891571095983232,-216.97208101680644
-12.358072211842257,-5.554489125219053,104.84728287337504,-183.53311807105322,68.79114268718286,77.50453531289823,-55.32916335608513,-69.38237049079456,6.855786584372221,-92.0456856711668,-5.98114557239707,25.723681143697263,-8.343907088624546,3.363489295706313
34.490805517997494,139.22528586187147,74.89887769872216,141.27003967882453,29.169044027558826,3.254472998503498,34.68361003292087,-158.4208779812355,70.29149979705703,-26.896736867715976,-95.03014249634582,113.30464329473592,-86.89642652503696,-65.82025136863963
168.28604928359601,1.5442674439979907,-143.25243462412516,33.768607329053765,-99.59422148438614,-40.12859927284139,14.20874304549922,-94.49070420722167,116.88463813513026,122.3565675936902,11.530591876335382,-77.20379223580626,104.99907152958083,124.65733668082788
-134.37366700628962,39.3694093935183,97.326592780853,-26.626080003870396,24.319157055769768,-50.06192117432211,206.01507178811028,9.813437943210584,162.4072195751803,-42.80550601001777,-38.74442929698523,22.30554480837355,-88.85195034699737,108.47190033300636
-45.47341287772019,-248.4529788824885,-177.9023640523712,71.18976924710985,75.85570031664665,-53.545543201212695,-62.967497881333635,14.385589695659698,96.03087832700255,-41.8896996535196,70.69380303585517,22.3337548946762,88.59851719861693,68.26726505900935
-56.156004058057555,-115.87384600093034,197.03320333130162,1.4999536591843527,-151.85494589132585,109.99351442452334,14.29294482236408,-27.25929698781468,-19.04240721511933,-101.0914535276661,139.27264007704918,52.446620380655496,-95.9846117771071,-38.54179340386209
200.43217655161735,25.298698351636013,7.955593978855539,-73.21426404671746,182.20605633086407,-15.773480492622893,-80.70809922375412,-33.332363462308734,49.58910384657637,55.820141594027625,17.52437837852517,7.1239006414193105,58.48383598567665,20.285004076493315
83.88159418573566,255.618906329951,17.378095870820623,52.27997731686377,-178.31311511531692,53.61356740169675,-109.59921762660167,20.772435989392708,-58.859392852591306,30.207367405440223,20.85156566457589,-5.275922239922273,28.29115099048559,0.6409994368208424
-201.54068243847476,-35.799031249112716,-4.070953450501662,-22.89404155201803,-83.5618534053709,-32.7558851204783,-121.80532509892133,22.237100666326832,-176.7673927030621,25.26452788983256,42.901142752303144,102.885736203593,56.9660423312665,-113.30409469286127
-0.6068788131394157,-1.860901702358678,-67.10838090422303,138.87806353463262,38.65947201241007,-113.82782438000483,-63.74432829133519,-28.389471373847027,185.73061910572795,-20.097451249278144,69.94950342600848,-38.46159539525202,-64.8552806250149,-103.41630163624961
104.89068145139682,-35.60973497081778,1.071726874769726,78.03019834202658,-60.82923245342153,26.094177718960026,132.8504349978396,-136.0446730757972,-91.76695811596457,-102.0797599418509,63.82348052428176,99.73672129114223,96.45177726220831,83.48659480614819
17.601690902157667,-51.54894957819137,106.73269410108492,52.49047123910611,5.639399468376033,-29.331732945617777,-210.99936090602873,-144.45675843032467,-226.59684318660032,3.735416636122556,-45.527521860572655,68.60790699941542,19.285956878064923,-13.182160304200178
-194.9535428137796,145.43729559861026,-105.90656196738041,-101.68668698570575,17.723431108864514,58.03021789133265,-159.16224114202387,95.79660122828048,42.37370098711619,-0.1332105476693937,-76.53244425089036,29.705836487253283,-72.76654843947688,-115.55364463295177
-91.93055441978942,169.09242187532897,6.6158969784908175,-36.83348542706113,57.83809544385509,-113.7027069420413,-26.031524103023436,83.92670507930046,39.537991586493746,-26.65552943744777,129.4099228607654,-74.89024412474444,36.98617834498114,-13.024528978891883
16.614339581443467,93.85963011922757,-188.66143880257601,72.30413142931793,-56.30802871746419,-25.05476327208077,-66.22695961102613,-10.171762138216197,119.11893057067695,213.37160154568667,23.923415301012255,13.223929785478553,-2.6126661216265843,100.71005632012839
22.83641503955654,160.91347353936166,46.55346349689719,197.17237209980092,148.01760619029437,-166.96549047738424,108.56399536557674,-45.66925580588384,135.27347332507662,-7.446409876037737,-178.04325996741147,-72.37614011616135,-49.995791471267985,-76.4511838123754
54.498340922402754,-33.42885257568472,-13.289932465094868,162.11478873799712,49.05332602688424,23.485585982197097,255.24761657160968,-49.27233638339914,108.21278695213856,27.81251971441545,-73.60073065722014,-15.695283940223165,-169.90355770459223,-106.59905852981947
-40.38284116222265,-144.45815516295212,24.672001846999787,-8.019505220630148,65.64133634136657,-24.53473193527952,-72.71200478782566,133.80893218671048,213.56380295122386,-111.79679451650968,110.03982255306619,11.70601888272623,74.29092212212592,43.815675480887116
-81.30950221098679,181.50255899596607,25.00053352700908,-55.003251751500905,-129.43800651340328,-130.89998061947853,85.59242155020573,18.025277208950776,4.817992616597007,-176.7774092937229,-12.8652996230818,-127.44179600323488,75.89993233224422,-13.999225477874736
87.40188333576123,126.95068281812325,-125.66137395189986,-86.74056194357874,-1.1030730865843308,-130.00335737056324,0.8454763449674693,125.77041205391961,118.95720165113876,-0.37004116226797923,224.07756652372836,-18.648155482166374,22.62606416244565,-40.62217224440792
-50.85505052167881,116.92841806753107,-18.119702207443193,-113.62524469566229,-9.421372897004705,-90.10864354487386,-131.20783906351255,48.94815067691372,-79.13910782361128,-114.73293762708808,-61.23287873114326,8.533090026030004,13.315074022233256,-51.41038169472289
-19.260627595476148,-9.50758348712406,131.92197407668317,40.01769982232711,-74.90684792740984,-155.99265646229185,2.7097129518685907,-83.34496998051524,-58.982121005416325,-125.76322463842745,-263.70158664168366,-48.6723120074273,55.21554177280782,-85.73597742331478
-15.65933905983377,-12.660634948807555,91.13016148966985,81.34804160615298,-137.59287681048338,173.94415131482543,96.14800637942723,67.87981267292498,-9.427830264011618,170.1501498380503,103.08621113216259,128.96418957715997,-25.563161949449338,-17.089656854825037
-134.98549825278906,-89.8802865058958,90.49688637727917,250.04764757192004,-100.66416211058922,18.300154888976298,47.32132678376076,-42.73160494603101,125.93062677813207,73.63536439746665,91.37117983983876,65.34897192556905,-86.05672952520693,-102.30869239401966
157.54125745275957,49.04514525251183,126.43704181653821,57.33239089630517,-155.58552435286109,16.6804765857153,26.74472056688519,-1.522430536663952,85.67593748525228,21.255214268663153,66.01186704543508,-24.205456465757145,-127.9093889318831,-19.87606662523582
268.9012273944144,102.30342779016253,75.36091956171354,18.09191889676459,-78.91880800816298,-55.65031657185442,99.39858773749776,-22.865392726298545,-83.83246716630765,-94.63746522044207,49.26901196269047,41.90557829112455,48.00942877926004,58.474743760398454
16.947601909641136,16.999760025642104,235.4565585213143,13.340757651444429,-17.14123524552318,-15.697393937548693,-72.60043745383572,192.0290496327149,76.84530714506343,145.89415055092843,133.13592293993796,-51.12288199931265,-123.52911111948104,-169.94167705978916
2.697044039995479,61.790780630672046,73.72856477336236,103.11201639291335,2.2903734138930862,98.27507064367204,60.836730928668025,7.371495249191133,71.00082041798271,-62.135628367263486,40.40730322706933,162.99709714474852,-24.944012461222965,127.69542838444481
-27.97973169577436,-68.77461399101017,98.91723174305328,-56.360846175049936,292.1625911378669,82.90760217287794,-86.91486805516185,0.8115038411805646,-124.96512024059281,-16.113316620755548,227.3897554246343,69.26688459891605,-208.55927833002244,76.81883895108741
-38.60771712966072,-97.5014379692245,-97.99145528827586,-161.43294178347313,-177.53507453389136,145.16433333200126,15.434372454809523,145.9376568965481,-24.730097963032094,12.235993086502884,-54.602444097015734,15.057677458298846,-117.06729636456635,60.80181208347839
-4.4528451395586846,-59.295797473529056,55.68029854753812,-71.89981451880975,-11.426262932015565,25.764241398779617,-32.210398219806564,158.78489918299778,150.7225167500343,90.68332586709596,-24.45175980570988,-14.3696154936718,-107.91764806452788,83.65671791569656
-56.63609277131978,34.80436790490913,-185.91254058728686,-180.92467007973562,-45.92589902479441,-32.1942613444441,65.39916631584815,-97.88662771007182,-98.52716009722803,41.08480291894518,54.25743066015241,21.55058503284477,-41.51619325722934,114.2736505355571
-37.81944635189595,99.66268499071256,28.285615323692763,-47.71691593372603,92.0287691370138,127.10957765057222,142.53071592565473,43.51210827623005,70.49318822020783,78.26360341535214,-338.43803110564335,-26.987662910080388,72.67028610628735,-27.85665832209124
119.31088889288813,-66.3027541015975,-15.107535757320708,60.35136826298888,-67.29491244117756,-8.155519239322444,183.67704705639892,-142.47057555474385,37.63508342131711,-87.05463644472478,49.223043034923315,-34.97117110048165,3.379822606368812,107.21620972629975
163.53981698809338,-40.895355567472905,12.348036114192674,-30.62541068683205,43.75872227067522,-33.489867000806306,-137.47782470965086,77.04257652615117,-117.7705715064719,-44.78339929552273,28.25827599524416,-196.55189635651482,91.82526068330989,18.713162979410725
27.083717450758265,43.14824241398688,70.99080907677525,8.99289201298851,-10.180073593785458,146.4476647017657,49.084296964920625,-149.6888001539485,-80.43984484413001,-28.6785165469809,-20.429938968842045,161.8268672519027,191.6784847593339,116.79621773900448
-13.79234042796688,47.31139165055246,-118.69148284292272,157.96656010622047,-12.045319550953444,46.9936568309098,-299.2126303100043,27.4085692262666,-31.079396519184428,-69.44118749619744,39.24917886242946,-186.31162282699188,-40.483658027936016,74.9195934084958
-25.69726168560111,-30.18741627249219,1.190886533990736,-2.3238791871689246,27.02948484471807,164.30902153507304,25.18032164451846,21.115625269500104,113.92419376561169,6.456993348961332,62.4787165052365,52.626468908066656,-51.63618940477851,27.14749585140955
41.5561514219319,-134.51578735180343,-50.71942670824162,-38.54065519073996,-53.31738507699429,148.69985740863962,-30.18913958276898,17.462060188267323,-28.137168380782267,-62.4803602517426,70.8145703695348,-152.47192089127583,-4.019453750035136,18.6224062495862
163.00346155522905,-117.14246273648214,-192.67085469479716,-90.54545886023027,124.11989493617843,10.253627680095823,218.42719445811568,-12.642616500524248,72.55502712977892,111.41725513010034,182.62940188066622,95.73332546404797,-13.836304043926825,74.80313322800323
66.84061933153568,125.433566159112,49.89115064240369,-25.34068406211547,67.45116735217853,-168.25306719154204,-20.282478427881927,30.765686710570115,-96.81983924209402,-236.3964940754505,71.49568711911152,56.44425401305034,-19.06250266004859,34.008655219157895
42.13854315246552,0.32952482200497046,113.11008705293857,64.12558513081773,-263.25761732209656,-61.069078759340414,-159.5612853600449,-125.91292916465481,13.128150795362767,-25.378352851724795,45.384212160101605,112.37857141842412,42.701893555225894,-138.32475911895173
-142.31404127342918,152.85220935241512,-96.3268393065565,-24.271061010140453,197.590867481124,-69.24349450835072,52.14097938800426,-24.856084339789824,39.787008091236714,-19.29130116039092,8.479828931735229,82.04959348379161,6.086720446755462,-66.53448398418678
-2.643549340723591,-102.69323549990581,-72.20412788523392,-160.57595155354267,13.703868575308118,-11.528715727617527,-86.978719486919,-118.16914396188665,-10.839633216029112,-147.18700339963274,-60.322619167910084,-142.48326775709447,170.0646197958178,5.740060018573001
116.4403514521708,73.11013940608562,19.598482798746822,3.8429906292230225,82.57432677687477,-89.51486897301059,110.82321786307763,-126.6382556783407,61.62061207895169,75.65999467409688,-141.83391780975808,-52.62316734160295,43.366583149540496,168.49547578747558
-98.64104932649792,-253.34351475417205,-39.87922061049041,100.88265624148,136.8731234614562,-31.075016750972996,45.79732936583332,-127.7478729657676,-2.675968998377206,-241.21035353451074,24.01197617121386,-33.636821278786904,-102.38975598378603,101.49603725409766
55.9478036113405,188.18698111561358,-31.494978369853932,-276.1089100371666,39.241750666344,-19.710381825132483,-10.943729467332396,57.67577043815372,-17.28736298215336,55.417420376187486,-73.31609311492745,-142.89787789437074,-7.601340594098745,70.73932347986892
-178.15520772858437,125.01079546545375,25.30710853992486,5.906485167063592,-290.0495047411063,110.50462837728006,-23.15603340909603,-72.43430408758033,79.11719255144676,-82.5126375996358,59.68240960948378,5.7458671462120385,-76.19894184415935,-178.9121340135654
-132.0732693507431,-177.377090203466,68.19083380415452,-62.49218112912165,-1.47564023876814,65.84481064000555,-72.77384681466935,123.11860876412891,-34.39096869825635,-71.86806062586366,-57.66644801961742,-18.618839743103386,21.237283825418565,-21.011418661524083
-42.953485460050814,140.88842366290194,-57.07425949647388,-25.72822892581554,-91.7651032464322,66.11390473196793,56.41610563118922,114.27108879288934,28.15143586672693,59.70042898045812,57.92890480115018,22.253724777639523,1.06075388266376,-11.694025789297683
-145.4737963593302,-64.97536638469744,126.03342838083988,-85.37907988885225,236.19119153150763,-139.11483778238744,-73.9518627289178,-106.54367101836868,-80.1286549491251,23.960078729258193,-242.1962216700273,6.04766907886772,26.54184887224777,23.7543581904319
77.94741110133502,116.26486484553682,-56.38058206179623,91.68089663449354,47.051844806788175,85.13321436982332,115.89681860893053,70.24433849660807,-104.80660182517758,-157.51488493880322,24.659331063374285,131.17024644544023,173.10887126031665,-43.840526236202244
-27.05142250046922,-162.22424494039717,213.25066088959846,-257.80855560924243,145.4136779063749,-23.78216614276879,-130.2126093802222,-121.29360731382941,101.30316858739548,31.355674270298106,185.52000778349858,-112.424492074183,-210.30639665959603,-72.18103327270167
-81.08912517124574,125.20256402943821,-42.16213401572388,28.75338981540284,39.50026422003941,-34.724119168879916,6.236165030429419,90.08821775348991,-7.054324758626997,-87.8504175314849,63.63649513628877,-140.27635832101245,99.33897647078587,-110.44344168400828
-9.511096340580814,-172.2027277695057,-53.15964273337135,35.75232050449991,16.037361672627558,-169.67122584638184,52.29857159604201,74.41019005969191,-86.87954156700832,-63.94529252740657,-65.9932393147558,60.35883483287654,23.823160742157842,50.362857289808325
130.82050981520956,-4.724348839999614,-11.152371659204684,33.09464238506755,-124.73105534860353,93.85519497628519,80.74151480716053,0.16150060279274964,-58.08761581830705,-35.909474977229685,184.3588657150677,-89.28903197644273,-6.331598546314289,50.73827239139074
177.56645231359778,-134.08532212949189,90.45744685937377,-46.081441404650334,-0.34570920984144116,-93.0654235872231,-31.341517035343987,5.373508842885027,141.25584665372378,33.43571065457861,-74.55833498922412,52.69053867393294,-14.45121928243031,-62.151915714640836
51.07889727809473,13.888699660578862,134.76770716859787,-183.71568201979912,69.85152576772566,-4.17628574280361,42.669272961519454,-59.38856418397555,44.17653528825413,9.864462594638972,-165.6559405804073,-40.12408493563277,30.07631102791596,125.82494803565368
9.079179650782512,101.09670197976224,-51.2947424082546,-22.632321640091842,146.5426700030312,18.511380813148122,40.47735400167226,33.70254684826675,-40.60741860961101,-89.19867683459614,-71.03454173598114,84.7181037046042,-107.76268088115883,64.50776422272133
55.92143561626868,228.80073583107043,-70.61617353303974,63.22564514924064,131.1773845335204,52.25914694775074,18.622766079529228,-25.79968650038301,86.93701217486715,136.5443595200031,28.22221084094401,-31.05236198799362,-1.0631892405876036,16.02668388080593
-19.042059906288024,-111.22948077060842,-62.566585364899666,-116.25474424952765,-116.00195072384365,57.087247875597654,-54.305094290309,18.28667263777848,147.4998618738995,43.955390190858026,-24.941020288898624,-98.69016999831328,-73.69600956107291,-41.90280729478096
22.525665416432606,33.27051183315362,-31.12794667649071,-50.6224853313651,-97.24856248605518,90.85823890454806,-29.86646771784179,-46.16240543990079,-58.038853120273394,-12.422203476041046,-133.4570318509781,-85.69241398858269,31.071326113379993,-11.291923266960145
-43.537911060348065,-25.098590433657375,-74.28055053431159,100.93473220363379,68.76400538627163,-117.08404472128811,57.73126493200187,61.94631816955457,1.8784162343745543,-18.349484557727674,-15.894224643010416,-77.7333008585679,61.226819372913695,1.3765301433064991
-41.27891652589739,65.0088661956556,-96.43408506765502,77.52398207739212,-33.329821024531945,-31.640448077329943,196.18945718384217,-170.39789963114723,-30.80354420041578,93.3145637554646,42.28017098089689,-17.183761960195472,48.999173780649784,-173.23715802013865
-134.14012902266674,184.98883522317468,127.10896252518329,-168.70987775280193,-1.0161617872364075,-151.73021803693118,-62.10279890936469,-96.93400207087373,-34.287991100447975,-19.20928196641902,-122.10690326361203,-40.69434086662583,-35.3723409616751,64.4692362496253
-32.99434200337739,-178.11338962044243,57.8906200964113,-62.32184460471417,-160.5284860251239,91.09617741479887,-43.8612189906142,95.40921827656577,-125.26258840557279,149.2109153966948,78.58268484626866,-7.794191303292856,70.89364016217642,7.916853173754084
-106.99868212629778,-130.01444739242015,-162.3018822862879,147.22643106670063,-57.98712079313676,-131.81681582957145,-22.474016790815746,-41.288234348010434,-44.82868905792851,101.6241929301392,-17.247453201929293,-57.268407152112246,116.98596446837382,19.27761875955631
65.50680688477895,-2.6477313175334323,-49.608915124251986,109.21909076985305,-267.1937973782334,89.03549314914989,79.07502819499264,188.2517915080151,12.85744420951346,-181.72489345625473,-191.14800779568057,290.42943668630016,-55.35228632812563,14.286342095985116
216.55286051619834,-100.43031282293924,12.007708014669829,-114.71504337168082,9.687337481964164,-3.9201559896705596,145.21796225154736,29.337507353709764,11.278650944512378,62.27596845026744,110.78652777327822,24.86077608325309,43.27335589021145,50.21748200229123
-32.052942448837776,-117.43245360888332,-84.46003726689159,-18.294301969926625,-109.66951974427298,-206.75294294426774,-57.413989941802946,-154.68706364562325,-35.36986859479554,157.15279388554083,109.59449094012518,10.076866073793154,27.6251851769958,-64.38984421603979
140.30959346195138,93.63602618453437,-13.458028081495693,-216.11629955560505,-42.747616225394744,92.86007227222953,-15.041735186403136,28.710137897125215,32.76758145015838,44.89961198253486,-20.08688692564347,210.7739433033768,-16.999549392430335,189.00663784377105
127.91286049188972,-100.25156792051781,24.87791149727879,16.168422377075505,158.4691174210348,-70.09641783430708,50.07163728475352,49.557312398255526,-71.08280955659396,0.2783315240593186,127.39212347960658,-101.25358750057347,-54.9620502841224,82.79423207630725
5.215897262816335,-12.222006820251607,101.23393382651713,-102.77337734548793,-143.0043415687779,73.50029370821315,125.40665674108311,-37.32080907194284,0.10227658848978749,129.43451186529592,-33.219293979857994,17.46079187288288,39.62880721423089,-51.535934100771264
204.76850095676494,61.30842704420927,-77.8119933053317,62.1336482952743,-78.08024457867023,-147.52183001076895,-152.9029653170489,-26.457391827935567,165.19870409749785,-155.9382864431562,31.835639461378936,37.33908991832681,136.08467160706138,68.96957100556504
-43.39751953475466,-4.489783840460521,-55.63196250375739,84.03237193043654,-26.012989611372113,-8.273437557422776,-28.77898672033501,124.75406085031548,-104.74905537910088,-148.26890784465934,-155.8390204165161,24.63174066861243,-2.3415497306813795,14.95897936866419
-47.480875352986445,-40.89814641404868,-191.24687511565796,-35.999538051736465,81.09705429798647,88.67358262380215,-125.73172878142856,-112.19026623424222,45.33506221424329,-101.0910546321622,137.8028005286306,67.02201075309002,-36.89452499897864,-114.76100882436957
-4.117845906272415,-118.49753325910694,50.441686106409165,-201.80410646774072,-50.8484035085291,-35.8662109201364,-144.76631277725903,89.85865076117999,6.389592213401435,-29.7560723159379,-97.22694699339044,-63.15330792607465,-1.3297412448575499,-31.2461458037273
-113.59247719151398,-221.61927470297292,12.268927073698748,22.41168999281255,112.14250098605363,-95.96814177944285,-45.274361746396046,-46.20715508710324,-153.6363724451052,8.356686675828842,-168.78199729889982,11.978278637056768,-164.11974633342604,23.32968578423947
-48.70248972310785,-41.92184530846081,222.76377943904154,90.90306016208622,71.02582615553813,20.61818329202232,-145.66431056100419,76.70289765192749,-21.407789399595913,-27.571706646827764,56.80315128298683,-139.32104588093372,-11.335564336864886,-44.43871756548551
-115.15682695070953,152.87654097216665,22.160881503211343,179.39868794462288,36.42251595220616,-92.34588485939148,-31.629865945304086,96.97213442202411,143.49106783418654,164.27485148588218,-129.16612799867605,20.571724238966862,-123.2593538574479,-212.70177106967324
-62.49234657814115,-83.63962589987753,211.06509433012755,-67.90536124432818,0.9826855228827523,49.4166768576269,45.817720539239424,-153.44185356947287,232.79005659863589,-159.00502048408978,-70.0903262726514,-139.79550600148778,65.3631361661844,-41.16869346312945
-75.34064875851568,60.64231354970452,119.93762986682255,-11.621950068425086,3.977784522926993,-133.8296867823466,-181.75042040217193,76.48147615007773,3.0243874392137995,58.412109049634665,-113.77885779775927,53.842965876586476,-284.1953583995989,-144.44511556071245
34.800232348186874,-129.41833499519885,-61.16208520580375,-179.09932046296356,-135.80918727175728,17.37477449589208,-0.671215485014549,-69.60993035366364,13.061092749681938,140.9406491978659,-43.81370899994878,-8.743747362968067,100.3258037458757,72.18665366385076
-134.16853135401485,-144.34324958195702,-55.41243730394992,-67.72694201361656,-34.04174736104148,-53.88601758688254,32.757583336146965,75.09291970516193,-296.91283717305026,-18.38377266128653,-67.64030440818492,-113.26270697429382,114.91268692923549,87.51689288294571
-34.63465654745787,140.74602681040722,-49.55411630833298,-73.22820693545312,-68.1530449251464,182.73252859308988,-114.04683226515684,-19.150033143215797,-93.66717230514969,120.5643282014045,-71.31871679879596,111.53259613955836,-2.5829327590227282,-4.3261766368760535
20.472685499173007,83.2584743782441,18.099909932352055,31.941523758017688,-12.443844896294765,-20.608339349934603,-60.099673609180634,98.00160448977766,-18.94683158947493,-57.68483835411465,27.084919186240498,21.902303042642195,-176.80276864508576,87.98960421630262
-7.581589672650177,69.34122405561506,-112.05840906863023,-146.5370412363996,4.557956144401084,-71.42328218487208,-7.2773426438078825,-38.22731116402265,36.99339713602402,36.520882825734525,113.75508767895496,93.18743719078464,-254.25696241908753,-111.93913488883508
43.616393389905056,-53.73057469123299,119.71735078292308,59.02806745236104,-46.751140106032956,-2.051922562708857,-9.070097762209528,29.402729236720543,55.306908764061106,75.97569827717564,59.858204422088455,-38.20791857133353,14.648148415430532,61.39014691520093
54.03494979627082,33.553623949291804,-119.23980651160497,18.60764689793519,240.37772046010892,99.84848734407916,34.47119937075294,237.56974133155055,-100.50806394474117,-61.6496375023697,-181.38713860305455,58.62355660591335,40.558531696010995,-105.78681666806852
-218.39753010628357,-35.09626218459177,0.01883832483731315,193.87902473004925,53.41319563202753,-192.4375419556705,69.39009704730707,-31.98913672928217,-20.844741547635664,95.66881573132494,-140.51726871530647,154.38353007118616,25.501408161848076,-0.572459598166629
-45.64562970086643,-66.911855934257,53.85394134481057,155.19281199796893,-118.15848054942542,189.48732853794127,49.064578668503074,5.325308595332521,23.72159213078888,-29.810867220061247,28.808469308373073,-79.30477146188237,167.8656307306477,-178.97897769499548
1.0963875730610395,45.81202646289903,157.5935178512961,119.87630885235214,2.2371906431732063,37.990804670619276,-6.222841978868735,156.48402375412215,-68.26262767075012,-18.416520906060406,-56.166102869179404,-76.00604427346003,-142.71238671159026,-37.42182259599714
-112.34578841780677,74.3797748152248,125.32603693966581,38.90942133707655,3.5361031155774922,-42.39553139542282,-164.52997061993904,30.98141153481937,-41.78357501416908,-26.058303598761935,-83.30378065435426,-146.32304458949014,-139.0905999283294,43.09958132310081
97.54006227078817,116.42607440821473,-92.28517306221022,-22.60155389871226,31.641499855638138,165.0771439788233,-114.61827531804698,155.04822762348215,100.1244127948731,48.78482629408396,-1.8636906411868905,-83.75796473981505,43.313865588509906,36.200432758628914
100.76534863389747,-115.68081855533703,76.64922841069937,39.999137256435645,153.14661970581025,-24.0134199424503,144.63494124117886,-107.18770347041246,-20.187505083171235,134.71837674566777,-44.929259156218805,-80.10992945433576,7.243465987989561,181.90433909666245
-15.045921200420523,265.2194942833123,54.02852702253094,67.5210103581356,-54.58183722124777,47.39996244807267,139.42086734528556,-125.45885723411787,159.31691442827494,68.06437102104708,159.23550870026992,-61.87526096443806,-123.8445840253615,-132.4516737448003
-15.82799700660082,71.52424188305008,37.22779716972274,-206.97480918152502,-62.45704847316177,-23.909210548726694,-43.85575323039035,-22.494025522834423,-53.37271712514971,-85.77794141690262,-202.08473816264623,83.28523434999047,104.27224430591045,-41.46299303324687
-101.63299034539612,35.940497103399906,38.132956430286974,18.467432640270335,-9.546353756125306,-169.69918965742704,37.07378366878793,44.69740174325497,-66.46102275225107,-95.92150736786192,-35.570343729250624,34.17274163669764,30.7926780019612,-94.08976402424317
-69.92629380080577,40.37500450590932,-20.748687879488692,-122.86186955520301,-30.677607414421587,-47.782682176179236,21.15893948875301,-242.83477802071155,92.77326586916796,241.75220895796735,-101.93369830048277,1.7977583812172608,3.794634718697549,-23.591816521557845
22.10767262716474,-95.15155330052988,135.21565471512346,-0.2958600688327284,140.80843579103453,49.701228727429324,49.54712435498235,121.21147761265605,141.58810054114332,193.6270118593224,211.05423148305235,-55.9779334695092,223.35781314158615,-153.8051943809084
4.405017249905733,-83.16149881304469,173.39181360199206,99.16372377696881,-69.2679076882016,148.03820818645175,154.29773691825852,96.57587709265444,22.688335370516754,76.05637863492701,-2.910121651084267,24.493341521352292,-43.7222064915375,154.7102341894458
-179.07395579749945,-54.03819099662503,-22.532706581234606,5.408575089815542,24.230179479617068,-56.432988474054866,101.97425402642546,-15.052659499519963,105.77350684093825,-180.8891855234955,-40.58130647143961,-133.00697969764536,-45.96012867104517,-85.76199766238341
35.40994165318731,-19.41126694241049,-6.913335234771134,-175.7883333083291,-25.393806210942138,-228.98609754580846,-47.74120531881413,-101.05118343246244,-21.283084370133228,35.86537965493118,10.41491870735658,-99.64536158290703,88.47411761377899,122.87815156956063
2.4713699740624913,-22.125048223766257,-63.98203617831426,-37.47932974400882,49.8375941924532,23.63510573921685,81.00890172878033,-6.4067947567487185,-31.40802214062112,-145.31428019290627,21.903715890191595,-71.09959589996012,-18.465867883212837,-67.31435746270576
-133.26366188574187,-4.527653552984892,103.84765080072968,-72.88888205763593,35.100198200922485,-2.069745736027934,80.64527168996895,-28.593588710577862,-66.90884412535047,194.5638826162777,-146.53949351672478,1.575084558588212,-33.484578346802266,-134.74803054997926
11.002202218856585,-30.121191822605457,106.072616787829,-54.45065368530238,325.1107603581468,108.7615756106284,50.21161853343822,-200.79690041600102,75.02723973521972,-35.247578611924425,-18.936881957960335,-63.476387230729024,62.7141081726727,10.149710804165254
47.63096371552027,-192.56854714799738,-30.149117053768858,113.00427610298345,-28.387012216526976,-91.66000879574082,-7.228750619008284,-79.84683453729897,51.103955410199156,36.434060313061046,-25.426485281987226,-48.288742379041835,12.224549400745884,-38.364514647494055
22.778040170494005,-60.60006591727429,3.120103176066338,76.50935088289368,-28.07209949906373,29.701408466500784,132.63643545254573,195.47509067071798,-35.40211607661936,48.260442366961506,115.89923776024077,269.7568162789194,-46.375799605890705,1.5337555988846274
-64.877649133649,-27.37277113727975,-19.675944481025955,-44.159441142081754,-8.424519304066374,28.931814777380676,-91.40326281557134,129.32313722946694,-107.4040357467909,19.672041462618747,-31.79498434387015,168.93803034629718,-55.14282014492067,-67.89149677236246
6.28186468015795,-50.92466411092628,-4.686507775244569,-50.11300983190019,78.64705502223262,-56.36251482229909,-8.511114268651362,155.0879498337031,-42.46612001170735,-32.19214174798764,-42.81817465976821,19.447026903750864,-168.81018929571746,32.77434795161926
57.63083758439522,-40.952216223144966,130.3087072371459,84.66005560523293,64.09200607101897,-55.25909204237629,-75.38161889148489,9.672793993624428,305.045304301297,-94.08860211017691,158.6859969881888,-18.080735195194006,-58.352193890778445,-50.18641116514312
-77.37943329341604,107.86182201149497,-40.20034216677338,-35.903357233237166,-22.02641132516451,7.8419370193648525,69.37153264632605,-96.51725208381991,-146.24207087430656,178.8061665900806,-5.995137586178949,68.05037808353147,288.6872684139696,-70.04175634601987
4.4997865971323305,-187.0987125953319,-131.33046715173197,-15.595101571326806,78.49248214681785,-121.36320264644137,-44.184549967715796,-28.02844090302978,-88.83005599942318,-6.869862323010051,65.64516187470147,-39.94079942704211,58.710433690341404,-7.748579519273996
46.38514351141974,-79.76271841255384,-59.053433299060856,-114.01807409905697,166.48794453652266,-163.26090508240475,26.783616675095768,46.07328976464149,-222.58431207202278,87.94310853493447,-42.239233234722434,101.65640835782419,-8.694227272616683,46.63945496224143
77.00871291263329,111.68798658180899,38.490539432187084,9.160383726998926,55.39536290290983,-40.708965520435434,24.40379942152536,-75.28395137063725,-26.05128015073425,7.533702936071797,71.24142913821309,-145.32529545587275,-84.13801125892358,68.39905255970446
-195.89783628656835,10.955218919446446,2.2664471994355306,-5.678002515496182,188.78118609775066,38.39985580402186,-69.20708780335046,-91.8992182835047,-85.14614064874914,39.83938292499913,88.7313097786946,-8.661393396147433,204.13878490881737,-8.78234908642635
144.76702795457007,105.80084949720596,-159.18541619278284,-140.56909288863594,79.7214048768186,48.107022338234444,0.07587297238158676,-13.06438238888992,-312.50066460943566,148.79794696316512,82.28035511041037,1.0866037743591432,92.6051141368185,101.07129626245334
-166.94401000306885,50.93756005685667,-5.041376896204344,-124.82668027783018,110.24386482272593,-38.016713338267,-30.88118442019286,162.0306933163739,165.62282677446026,93.34805706551764,19.37529327128602,183.32877401694734,203.4174786426124,-170.9388611156583
52.357395094727806,260.7988338805503,-188.06377074328776,-102.61490968169271,10.15275719589987,-198.58532759710698,-63.33793421313533,98.53029803324672,-54.71273021263687,-0.9014740369668961,23.202979916736343,-53.466627520725694,-32.09395426382985,60.13618635536824
33.56026968481912,-66.14437331475177,113.0048417395177,104.4874453089952,-25.26150980545786,-156.20661719283072,99.9890316643483,-10.671682768659457,-3.566547469624432,-117.9794779629527,16.983356248371734,-51.0442422437673,14.610754526283287,84.9806504387658
-1.7450757625267594,201.41691094205524,19.683223088934827,65.94736504824729,-85.17510578469162,77.98007322457069,90.34010589774482,47.23857126288141,-267.8734247555293,98.07061576921528,-87.26327126033725,-135.3340408045921,3.509571818602465,-161.10432701854978
20.9014595422089,-141.943378977103,-215.91052478605656,-38.365076782484934,90.27933967303264,-12.638734162623265,96.97725761570013,3.497055400438028,152.34999666285012,-136.77555126778356,-177.97511104238478,254.26610268683746,105.06392675971352,13.480678697235854
80.75337547902548,72.78708410313372,-123.0224163625112,-22.97726960894228,-50.639588077450135,-189.93014314485615,-95.12318716433997,20.416244005782545,-33.628282955976886,-84.86426963797136,-78.02059542734406,71.05612616797815,-26.972723451692538,126.83734499251781
-34.29430954435732,4.6859008596107055,7.9512881768841694,-76.13240579698626,-48.10395853470862,71.87714652782351,72.54543183850647,24.846907052432254,-68.2258546284167,175.3908675712876,-122.6727253286922,190.49314919812898,-70.15368783663116,76.7398685789912
-25.080008869580684,20.72657103270485,58.07475383630434,39.91945139773384,4.270002747666768,-20.876287602851285,-134.63997009195475,5.862894398396289,-157.86249409669077,43.66675556687969,100.05200784074817,-47.22701517829653,175.2060610055169,187.3310965421542
-6.537647656994822,-187.26636881611674,-9.748840780431719,-12.896449577607896,-183.37271339318326,36.36417545640609,100.27312769678002,-72.79107248191046,23.188033018171133,43.02332199560276,22.102223859772323,-113.52161749875094,-109.46265285636207,4.921572074485886
-55.03679272128865,61.73556370096214,-77.47390778848394,-184.3100617715445,-156.04482748614456,80.72995200018306,-49.85337304736569,-78.62842574983192,-170.18411263646885,-63.72018119057207,-33.19166728670603,-80.60184161029433,-89.8468074477944,-173.36281273297885
-35.36200358037503,34.302545740460346,70.03751504617345,-101.70678909915199,248.751184387369,76.7601325190206,83.66439184597012,1.1081451622539937,-48.97603631039616,-26.599577159705888,50.467081306343,13.428326987248504,25.01527322302664,83.712517754159
-12.651484886468351,-86.26189697795577,102.22195160313173,-14.75596692526618,164.03937167468956,138.0096062014145,105.61812814271102,63.33666301649773,110.14013622564975,5.082748748070753,36.36626752026545,209.22605460794222,-80.22739370841842,-64.05620993363941
-124.68805334406395,-109.25727547499173,-22.172204086554405,52.98154840708753,-129.74107299255434,-32.22519389332688,-127.976076925464,1.3617301407534312,87.09980373067759,-38.38490550841324,30.981350381814433,-78.06883982266557,4.626616694962508,83.00390528910738
-48.350660251836075,-251.32175657627207,-26.812570561362705,35.04067062336219,29.78920087516576,66.65881911633956,-160.6565846019649,50.897855166212956,-73.72777953729988,-111.31720571304442,16.686811717091263,-40.998136833620435,36.290582284372,26.080168026547778
-59.54762272299323,-268.2512314798367,-14.923765789762388,-8.501782731592368,-67.95934350629173,153.11152868858736,91.13914904635251,42.65484507942534,175.9419779618523,5.061397180615442,107.58798561057897,48.08788700975442,-69.31375493312896,85.70847468583015
-11.883832202345687,-32.42965061182094,61.283336191769486,-59.52332373278205,-170.3094259488605,222.40143176523125,-137.57634122268064,33.19793094407276,12.254305931785368,33.24752822043845,-57.536787769286725,85.28632421819457,193.50484341508013,90.6912141143007
-95.07822858834362,-88.99434744275536,-175.64815140030498,108.24732664186551,74.99727741763348,201.47501876708625,-36.14593137581924,-148.2129550527291,-101.356790236926,-108.90255919147691,-153.46683197640132,54.95339253478966,100.12897399256464,10.042092271938047
14.354215658145794,76.53179640877066,26.16237693612987,28.180114895368202,174.6333626949202,-33.774263762801034,7.159561511281025,167.08922233921083,56.17120524294966,-27.87738624744669,181.94797526649285,60.5168487612843,-45.58285812779459,-119.77590716025472
35.38692520076413,-26.645224878578798,5.419605202815529,25.13160297806593,103.78011056011891,66.77155554627619,125.53950915851803,1.9904826085345753,124.35007489857561,-174.11690620186346,36.12431419007516,52.89687421626791,-217.86629495199335,-107.56664030979321
161.04328595379022,-4.196871506974077,71.86390310212374,4.980009500026072,33.68353706284535,-15.774546391706966,-70.43474435372559,-72.2987137144409,56.12081532204952,-28.030039192068863,-86.90981763805657,127.05602131111348,-54.451550852618205,-67.47654878362339
-21.320197860735963,33.630354782579566,35.80877300334859,3.8016808867941143,-58.40253424042162,-79.0098193228859,-118.42072975316134,-90.78341757345378,189.81958052901567,50.272778456908405,50.426288186251554,123.14177837869889,-29.83530130622461,77.16635427800348
101.96263532256948,46.330139084564536,73.4440483041011,-55.384233882134595,-131.05960395040248,-70.2367800716896,34.614949477071626,154.92658040620552,71.21658532335657,195.75994012888503,95.53032227407813,7.347017679451434,32.28640769635489,-192.9598764325441
47.26842526413253,54.86045325908873,-12.212875621155815,24.6314902856807,-3.1280486395862663,-125.92024650994415,-134.9661922325638,17.48694563512572,-74.34689919351041,114.10746921649758,-78.74145808012575,-31.77723769479491,106.4136926097871,-48.64010959533528
-110.75355517987813,121.74637425939532,191.37594965622606,118.35490371869261,87.70613761809751,14.62797633795713,20.119117452463893,39.559870976517985,178.61531782586678,123.9677116430927,-4.631512742441711,-140.02446760405675,-62.75608059864376,-23.501936620801413
16.357991447995484,49.78310246180935,-55.76202325475291,-12.118814498151048,-67.77252165798451,-73.30946653363259,-26.373679431739923,54.907692533924916,36.990846239792525,23.23872311884362,38.321280908903866,-131.0612991133989,226.8131199950078,58.998316849496604
-35.8444037831887,86.4165569251332,96.95523587974859,290.87744968953405,-12.29185648923369,12.44081123356444,104.02021500606492,101.86516105202716,252.07287460712377,11.253181553494459,-180.7730131019047,32.19355680141186,47.52669466233612,71.49481953716773
-115.14655812369088,-54.062853780754125,-29.207783714347794,56.83907435603556,-26.99963221823285,18.588533586392096,69.2295004760179,32.353415305009534,-103.49198374741609,24.980782173863677,-181.00315869066011,-41.85316861897776,137.59783378263614,-77.83304509950108
158.66943833239,-17.57022008213755,-157.08354806019312,136.54462907779333,-98.55354118972708,91.28373982319036,-42.81047144373298,161.24453631451212,189.55330648132517,-105.70596556731925,55.61436003529039,-76.21245990744664,50.5806463974654,14.11295232787981
-45.97299044813894,69.15172723584078,74.16955095573586,-10.880156346503558,20.122714761881173,-112.41640540527476,-37.120835582115234,83.26527885949679,-113.6805549479787,-45.97479492503633,130.55925412344044,-26.84349679070182,-27.38033501683762,-91.57896562530884
-96.26791395279852,-81.99594639636345,145.66216439466083,11.318876623767455,44.3642464463759,-116.64409460785731,-38.51238235879892,35.12837040872502,8.329822713196117,50.703496553972215,4.711704732489295,76.35580562243197,6.816802447375779,170.19195397354906
-21.573001670175117,-104.13695192797097,-74.1843759245994,-182.92754798660965,22.615198308723688,-5.78504908335205,65.68137996237989,-100.9281549506024,35.27160053297752,51.95087964127561,142.63074169693465,-90.42242687123945,-25.266873172203464,-239.11717185412022
-116.54248110407426,43.36538098744649,116.88861279144646,-37.29290877134663,60.02736316684002,-65.31505270232475,7.296913914078589,-21.80399694038419,-114.64513548730282,97.70646545945158,-172.04545507392788,159.97122110173592,-33.116516757885066,-34.586368274890305
172.04126068280675,-129.65678123738536,278.50708722101734,-29.108961154204856,-10.228630561970805,161.79312030706532,36.645702301953186,47.58438275173501,-47.23125486157404,-31.498188368352086,-28.386045564860407,-111.09609143158414,3.981251186229531,35.71227484696869
-59.673217835886994,-287.67307302632685,98.40067741727633,121.42817684473435,-105.38554319881446,-50.58681569942598,-7.879421606718749,-2.0690207597726653,108.98290599930438,-24.700261804279773,85.5310891415922,-1.349415579090332,87.4151843167784,173.63358159377663
-107.43485378152036,147.36672471225023,119.67243839217016,-43.007556290511204,-77.85376349760512,51.6377901048522,-142.0590720111246,75.57280839329833,-16.38896066195656,11.304280062306706,302.10491623939436,-184.73433134834445,-93.39018310880488,-95.6422504198633
30.843169403412098,-60.31272100212909,-129.1970453660134,17.198430280633993,-23.674766627234586,-218.6709930905419,-38.3397467572163,-196.64432295111,166.050718640037,1.3409214101432114,-85.51034246783422,58.98091931977019,-202.59764080446612,-59.43334251950354
276.8431490138244,-143.42186841198196,27.86583878865917,61.510003288664514,87.97714072598693,-71.52382005073991,-210.26851984335013,-155.3463054439312,90.99185707507537,-75.44208444879936,300.500616121126,120.6063710112894,108.96114252151612,-83.1357342134964
67.87794102006218,-49.217118811957384,20.13388507328756,42.92426337912182,86.1011183188534,-13.197550338700676,-24.996879376645648,67.62874998184387,-217.95686495308973,81.87608878716114,37.145138506215915,-15.54992227618495,-69.01703801323146,189.66650576510432
28.173799435199054,61.15559987626112,-58.39486057614155,96.92546917168163,111.74255188537632,188.8695431772388,-229.60023696179545,85.92634427936643,0.7655125437882279,-4.902757635823763,159.7168512126497,-3.0753289781675197,13.786151231085697,-94.86723249720961
67.40880928883489,113.06102934716,79.51591226312769,-195.62042238737249,-67.39592921692893,-47.029371572917825,-45.489934016401634,-87.56597160235745,-89.05047390793032,40.69809697230615,32.00346724955027,7.909205840152904,-82.92111406902521,-89.17865887596047
-9.543551315271262,300.4222996758108,56.419022526592045,-104.81081030793133,108.5585900800651,-111.52624178970822,49.3206387961239,-158.19837962600417,38.505701146100414,130.48679163339466,-154.52420148876917,-20.1965418567467,77.66152690548009,-107.0477588027528
64.96656665272492,19.89091838385324,187.60710613881258,117.3311351266187,79.38840197724568,-116.53638331386638,-25.385485275115766,133.61628379354065,16.287962579021695,80.63955683782058,-76.55681144816032,-139.14029431463095,210.97683880456916,-196.43884170651873
-3.2139083088253466,64.11514320916729,-158.7688179866838,59.76652043700359,-211.51206712790992,-78.50393265485788,96.08406067067033,-33.75693299824686,33.392265477131915,67.52430022617018,-205.86571409457383,113.12827266708902,-70.08344335778538,75.90675213711773
-147.03854675842098,68.57597883783278,-165.45497334091027,126.55531240326417,-64.92414652803407,-75.55895397465243,83.99644509983248,79.9243378211834,-49.195171021555836,41.5023512727233,125.54034021260783,-35.46690828147125,18.756871766185178,-3.304998679988571
-186.98587208262538,103.25587356212871,-66.60162286973095,-146.20085921592886,66.47818228555144,-15.375331405772638,114.40756723872454,56.33062770348355,-142.10256581612884,13.025630047581412,2.237032451446976,120.57941519194848,89.24520133580698,120.42621373473759
-75.17966065374215,36.26782456354075,37.63644156728846,-183.4714669476022,-115.48135264523019,-187.02425139528324,89.90130423395604,10.476372649845027,73.84039437188163,-66.27951667957572,170.3552330299288,21.182233767388915,-16.708161926408096,70.79239433562152
-42.69170377175406,-50.68134014982238,-26.881158962574276,-66.10391397411126,69.41655318063759,-12.199002821051343,-53.67348845764456,-55.88940099308326,16.658017847549207,-55.78899773801258,84.37883262754208,79.64502984864843,68.25947032259259,-68.55712496543495
23.74015908227827,5.893128329165414,-50.98699452645904,188.03593954330884,-95.70581372382857,14.30974664667908,-3.759283230292158,-82.42396623095175,-3.144863252504921,-36.692883297151916,106.16625106349777,137.98393901867718,18.21935929246637,-55.634458374264575
-83.40712498021024,-28.778736997933034,51.99776923575159,-4.400441132959824,-118.75191881514706,-89.61440075085369,101.87139551431828,-45.93019100385772,-49.429963500365965,-116.5539337744515,151.3330548763834,124.11933569321576,-23.099383463581745,71.05025401500185
107.50991035968865,117.2745776557242,58.270870104766914,-88.18117618249175,-44.29152185044446,199.09525225049128,151.34566906882495,83.91636246057072,-57.154967812991565,142.33109863900108,-65.52075301973711,126.23727049054798,-66.40770478441324,-212.53760377539223
-14.14664788370043,-36.049767559433576,192.31420665185595,-77.6510944041979,-304.292206441005,34.381294913191574,-159.73304640299406,42.735418323786014,155.22990533319333,99.8730122823661,-43.30942295518748,-78.07138924608672,29.160793912881005,-41.510687501682746
94.1497168668824,-24.129364470175076,32.362276755037335,-32.67897647866011,20.809417773991704,-132.82080573003338,177.9087282474651,62.14331616299085,124.81864715146106,-114.87107186351489,0.9212050867911593,-76.04436756036752,47.36374748771961,-45.100282041584585
-125.43348116053797,0.41542971164634035,-60.99896748300564,90.07963880780918,-65.45944859955797,34.16170867040975,21.525016247874053,-114.50078072153747,153.59453192642732,-70.03666224095336,178.00692097090945,123.77628852999858,92.5408134686778,-55.09436549330672
35.746171147678304,-10.51748936106623,-60.73557360045545,76.18094535301938,27.869041495472608,83.60384544922469,-8.866496659925703,172.31643424131892,79.5349269599357,99.02021446340017,-10.77634702958331,99.80716619481798,-87.60277076458289,-6.106782796207144
-136.7079263561612,116.46166355517016,-147.77885858642452,-102.97853747752892,62.930207908028315,-84.30598942381975,-142.30167972091584,114.6459955123462,60.974187298018315,112.67040248923985,-7.859473362238123,-35.66566370010062,4.791097065402048,23.250063417453376
24.46130157810801,-6.3244662658348245,-18.931615864666274,82.48585902117442,-8.181619493494745,41.12855771482,-76.82672874515004,114.74914899492872,43.87821156738186,54.27730446162828,-103.34981334778344,-214.17908011659298,-5.790671334955419,-124.91358209028895
80.56914601464268,77.51041634043756,207.96037949853968,162.99466444262913,36.71044132887706,-50.42690067019661,56.0400088670855,48.95502721889745,-38.90512004751187,-54.544502107636774,8.800252455440226,-116.14348183221297,-131.87505958547433,198.99869838415455
-57.18781311479534,137.88539553828417,43.71557423821439,75.07039744715811,89.19700035238704,-116.90404439103996,-34.69393717614821,61.67388397406322,195.87347751737028,-75.43223333987373,-34.474102195194995,44.73027722769241,-125.49329010107905,58.54287391326479
95.78422721349769,118.56754433409624,-1.3959431406841116,-108.8786980919715,-214.38739880973796,-106.09038246978695,9.064238705936434,54.15918210203904,255.29237321132484,-31.92955825676853,105.94508338688892,105.57659223208695,-126.70340786239593,-91.27570418975023
-177.80168407019772,53.33792232049008,-49.16143913057924,-55.572972999043365,110.3239453885111,14.881883397561774,-6.81997708115249,64.65188764723281,152.46567540715975,-88.45440367407751,84.21829793091953,-115.3354126757534,55.25337239645353,24.065812087571885
-9.093114820123633,84.76414809476512,105.08417786038595,121.32956096831369,81.16378360540692,70.37086619858479,18.678471872312223,8.480423281549642,78.9970120727054,33.69448431554709,-48.39600075770541,39.53019619241096,94.46155272725593,120.40889629836407
145.71307225792344,-75.73479451849603,-172.75339664105002,106.45614457868867,-105.91366968782464,-40.1518571704348,112.77072886849795,139.2685442815206,35.531380121577946,1.4067945608762624,-138.25894650595586,-7.720162805518048,24.8191070845569,128.09767475823216
-57.74359699517472,37.3662926056919,28.991313587113066,114.01016263977553,-46.806207786631546,-222.45577748741758,-23.046420283268915,245.7279987831773,-0.6162126103200971,-46.60250939300678,-78.86062378922082,-2.806145987712897,-138.2175841646049,33.54636406702799
8.382935720241177,60.12246877623271,253.01963781161314,-16.274840001571345,29.71634010123605,-127.21113644994739,-52.220693587319,-37.30246537728506,34.18418088921867,28.78047182450379,151.51272842413766,61.858984867578116,27.5708204426999,-141.14556152132042
-28.605484900857626,-103.49748760642703,43.42333215891089,136.03110842435785,-243.6170429486591,33.57264749646974,1.0328604778376078,-28.745280531247612,-57.31622372934343,55.1288489927941,-75.68038559760848,-40.77069792443617,-13.129248546794866,-6.074507509030709
-59.68991823841085,73.67801460408852,36.22118190055886,286.6752068576902,81.47178126980546,16.43026329150321,-114.4758204620546,36.758098498342626,40.06853595429647,-69.2739661200181,129.69406868230587,-53.75380216347857,4.861861712818784,20.761594237480345
53.8583917729668,41.48267966592839,-85.04669446184239,100.33434241746357,49.70731034888505,-121.7344590425514,-168.244796107646,49.51595716859155,43.3373533571618,18.77544601746692,77.32724956679054,32.93832690417836,-48.43767423729229,167.51429024640407
81.36464180680525,-14.993099660774945,69.77491342486158,23.494654269120126,-104.25807909244855,151.31600486898685,120.81822179044018,72.36737116869784,-26.28810390468706,-74.8095581285478,-75.1351290782005,-83.53804651843927,-98.36726371968594,78.01470686602826
80.5375267774073,21.01595432243698,-57.55564092443349,-90.90233279261393,123.7149543519545,49.61081406882934,111.01378117619134,-22.1525548798034,30.64806644582316,-51.47431264165313,-15.993507312157963,-85.51375211958559,106.60055028590212,-124.05195829907592
-53.74394961522489,-58.12266711359643,127.95996953371555,71.72401757133616,-50.579405443889705,64.85621017117548,21.280596162856362,-6.454592479587197,-27.989891487352164,10.873682586520083,-10.995764763465527,100.72228929183153,-171.4873214883607,93.2006213000524
-31.510675996399584,-19.239091202628252,-72.27395917685197,73.98346408276527,14.655761626179006,89.34078667599023,-53.18208622796462,211.6248263829832,43.50242415416762,95.75442456406412,170.48972974148234,161.4321090238281,-35.221389735888735,117.01265551413762
88.94865267477357,2.5901104754744253,199.71243830469223,41.05442497224841,88.5357631974964,133.26311684845993,108.00792238882364,-41.35005837760436,108.50865984081597,-1.8965304307083473,-67.93125338659831,159.6426401367254,-137.5634574462272,69.75404422427847
-23.382150602052256,-57.98269978391769,-70.84142286314287,72.12816792141115,-1.458377582611519,3.5652979991339873,-105.8017680143863,110.07540973952213,-78.6176735408202,-19.576605967887584,8.085868893449707,-58.9493807026177,53.990501859389674,-49.97515173026275
67.43777702725669,24.362106195481502,7.657437429548828,-47.61194928121114,151.49817689050263,-52.04345215258416,-25.81529499552948,130.98580847413953,-101.99505134832529,31.75213303289242,-17.60638306756677,72.05936343104561,53.51889681366848,-6.465075801007121
173.18653752558257,-21.862708380182482,-222.91404308908685,38.13232787352967,-60.79753119805339,147.37063570465983,80.27185744723161,296.99816270178064,54.729394087970974,-126.85484561612729,164.19512188407714,108.49389422183755,87.99827521889704,112.37105550603881
68.31632115395456,154.53183452776423,-17.861480822038235,99.84462681353561,84.59278932875553,-96.63996731048883,-33.79077060322974,74.1895241238318,8.336787298417512,117.92666457381362,168.1396019479425,-104.05945354626327,-230.13802560131563,-88.02317264284002
219.28498474144521,134.82979027669032,27.000012194605986,-54.613496182252916,65.50729260116705,164.37182540043548,-26.028884539403847,125.33995769982698,157.86910722034503,41.58210862559489,-77.45605869013373,36.45681235895383,22.59912342002221,-17.599908879165454
32.93363181649674,133.30019134636905,-78.79257955670182,86.7694935565265,210.03277096540955,-94.75489762133444,-83.56382363020114,50.64694619057904,7.811034353377557,9.388003225717867,-65.70721227069531,-104.32273599582034,-64.03385447342093,90.79350049410667
101.04433957359622,-68.06484572324389,-33.23505521681277,46.412602908146035,27.37213812886572,166.59632892568865,1.6472456831093336,60.757292441384294,-88.10366265415787,123.90706096380124,68.5183788066448,-42.94942736051086,-34.8083753629202,-7.516782442846968
-104.70985318413226,-77.79445216653077,-5.372045511398796,35.364706239636995,-171.2422096687272,-107.51942692840966,37.36479540957764,154.62492292399682,-84.28267803413168,47.569456711226344,-12.242812756584968,17.089192315905198,165.73198578967381,-23.91682704313264
-273.2008501500033,-88.48138645096554,258.5696484513642,212.08475741037128,-9.554224827590813,-22.70966355606862,-104.1582636225425,-51.42290230576199,-231.9213223468838,-66.79868793562747,22.00453793728885,102.86634171205166,-109.01883812720506,-63.0749354105139
-55.83925213503538,-12.92188668723436,-127.54173069801067,104.69529836046505,28.828156935216175,-54.40996714502768,-191.1988269081467,-252.6571349434798,141.56050347696905,40.04496271024654,92.67348545915753,-44.85721729563467,-144.31829355573646,-12.285397076810394
-27.007854792607596,3.638953157102408,-32.03364596063098,161.3206237231179,-48.71521465423811,4.858113873836191,40.47821640725313,112.32180274494405,51.8778292674588,206.3973082545397,44.61273028308895,0.6931207107605041,52.76825435590035,85.34943620990651
4.364538289732506,130.04862107516797,136.38168454165097,-80.73479469407371,-1.5582728845162037,1.5377487640220293,83.0561867985282,-37.95067465109959,71.12311428699637,-37.427124061934556,-4.7708684724136825,42.09238905162077,-36.809950933126984,-71.11878715206745
-76.77276988577442,63.04684662733919,84.57826395637643,-169.4693676588274,57.09132971288145,-33.351852345728936,96.95532238751309,50.396388319910734,-110.21472430590033,-102.5616527304599,30.008267508811205,90.6756409938497,-103.71675994066453,-14.179231084346355
212.3189470303813,86.36732528663705,83.6401191032036,5.54993096874974,54.06028121679878,140.67701134420133,76.80652092361463,-56.89340484298761,-12.440281430595931,66.95672676038681,-200.9031850942676,116.26344889707312,163.2543676404766,15.38975956466911
-35.678051587596094,-65.20734721769914,116.74391119536438,56.570478852215224,67.62572641044363,262.3859839474884,-58.399731411328226,-64.07184561021889,-160.49405316465183,-146.13052475885198,127.22697646414703,46.87059783740881,-36.62906784975413,16.345131473076023
-32.0047084003512,16.837483943265912,-99.86780271340051,53.082903458578365,3.4902888314499356,-125.54985841039404,130.95266561197542,-130.79032541708463,-102.0327120324888,-138.77520386604243,41.95602803558822,-138.3617096147253,-119.97098743592736,-100.66211981439118
-96.769528910614,58.9473233534619,-72.185041844352,-102.29409663457665,-62.12335919218616,63.24218516071708,-21.107983932760607,-77.23036389285019,-70.37281882714593,114.06557414868026,-49.01039670830035,49.677269517803985,14.538599260428162,-80.22975747782824
70.65441048740998,101.50751403570695,-48.14723076534316,10.263904677306138,80.0396350648491,64.59690117647064,167.1373474631404,-46.85076357057626,122.99017944383341,71.72682682099796,156.96189574130767,75.36783110786082,-165.3189600483963,210.94019641879123
-49.897955916877066,-52.135994513176634,266.5545062284411,-47.92666281523579,-115.19926897762048,-10.251790899383542,-215.53115369042035,-46.06536196526751,111.00061429976118,-0.1231923460585345,267.04563959161743,-61.24588164958463,-71.6834658768187,-90.83588765247555
-19.8583578765678,-6.650941901838761,-3.7562711766695625,4.822587665061398,-24.803286262189893,27.973288676551732,19.6149686914976,-153.16036406934495,66.20156410995257,55.0203992691769,-68.45989923373129,-23.252224578624652,113.62180459917192,37.68584048171942
-60.423086727081255,-6.453022892864979,-136.92398299468795,-1.1589670716398786,107.88230475004508,-171.0926720100235,-32.81404451770015,151.77943634483242,128.24563381414592,-36.850201695371595,127.21220480460742,110.96069190303723,-44.75212524579453,72.03048233480929
65.06319735907026,72.14596420201356,-16.063822107317144,175.96320138862393,195.51156227052863,16.53043377038922,39.16857969576163,7.06049271740459,39.40641273555704,72.86697702200333,26.494616225327444,63.54819524561691,-54.57552756565613,45.758587927435634
104.01662600387465,-111.80505334205031,78.74070150095858,20.25856864328083,-95.90425647161075,-88.70188764959,-14.84476077675973,23.531711144932736,90.04187319964261,39.58932817425428,19.719963998600853,130.71476804805476,-88.36487261349701,84.3290802563757
-178.14376368928583,28.058515435166314,-43.43709481649128,-227.08116475773275,-140.25176076185247,-73.07050916692666,-30.60641875858574,16.929531467342994,96.84798192271809,41.09012749073291,-30.906823732692878,-195.85503818682574,85.5810897074625,84.06675448595294
-62.05248046849275,105.59782201866908,107.78072977339465,-75.4316924640113,143.12084183544712,51.063629413778834,-92.97137206522376,-32.29834246604351,38.93246866473062,38.390089055335245,24.99456592389477,-169.33367824744434,-20.89254318782042,47.76361535484852
150.08663984745243,-76.50338929204041,99.57019137117966,112.77639929470425,-4.619476122809642,-109.6462153549147,114.95126339261228,59.43651635819961,48.129699451509424,-24.21278474180091,21.990821869862824,-63.34045745579533,203.4917214208322,25.88651212653483
2.0284040459484753,140.7067796867918,43.56273877999667,-18.807568861151953,-32.56472851438068,246.64259949711584,23.12377781254307,-26.481346943020927,-10.143904556122285,78.92554728470324,-13.59370860547004,17.445673576913563,53.49703181986868,-99.63588171917463
70.48449940193522,-148.82797208856823,55.94360373315771,-65.31020035629656,-50.658222240472696,17.16358952412661,-8.870327578200602,107.55327552445158,3.3719438336245013,-68.89528365608525,-85.6112807125372,-54.92437569029134,-27.16962692400452,-121.93296215885519
-16.677529520089607,-93.00100703683943,11.420096309417703,-122.6620156012468,168.53146573700045,26.940910665930947,26.351002907662203,15.209315251439198,-168.08227275852633,60.160725193065815,14.03254800152224,-6.228806550791957,142.3471135952921,64.04209222211323
-48.8874836645228,49.77207148426503,-199.7300925115346,-10.950559055763941,-1.3792194619807236,-31.421971383582775,106.63141851405827,-146.6235899454156,135.8070189939367,-88.13285630198709,-78.98598692986177,203.7427536047605,-24.53085382290351,-108.28610122525049
-76.81175114946515,34.790041974327586,-13.541903837721058,-14.681504104462832,-89.45762250936899,46.3119913550394,214.69029816324664,-83.71998944323205,88.18570441759212,-180.48435022739935,270.49572004638577,48.197679441161135,63.932120712047876,-139.2615840126252
-81.89855154632734,30.13505268663171,-51.138207894161084,-132.8763055039314,-57.35238429205546,-50.329988962225826,-162.07622918749573,110.59106667654825,-28.73914855412162,40.11241096099934,-79.32584399583573,-24.67290561915757,83.21439831681742,-202.27174818440443
72.83087315565324,-3.623327932636951,-49.38417317582833,118.37847096635457,-183.43520227260365,55.59224534019728,-22.51307118962575,35.53806948728116,-114.68546886184727,-4.580672752907457,-38.23458333331517,-33.95448124628499,-14.987056100618748,-18.057396777875702
179.6856261351168,78.51313156549007,-62.54346436162892,-36.54163915682504,-45.090843181557396,44.544050557465006,61.939098192819195,27.064757628684895,95.4554172618699,109.95271758811673,-13.263290144291204,77.68402896386347,26.127680889719013,-62.31723138836737
61.631421320136766,23.603925289316994,-131.36503320298908,-109.7556055072607,79.01942647134067,57.54024803495851,89.8168899334407,-156.75032397377936,10.865565057851454,-59.907880097513114,-20.216372509715146,-96.73324754225646,-87.67845735880783,43.18314583895382
66.91079933765491,143.43230286289378,40.46687705460192,-186.62594290109558,-104.61508567342834,106.11476229421979,127.06754384462286,37.543019629173905,-200.15942684778437,-79.98102570983899,-35.69238373305998,-67.45513552688604,-141.02609310442332,32.91710453356096
-93.24569937872779,178.12080338317125,86.36604674505386,17.558026821124393,-138.90898521903193,83.96697703763269,-10.289431686551959,-98.3498042365888,-21.85847659950356,-144.1115009349843,193.5068393876191,206.03999757511608,61.187504808258076,-9.80792340414495
100.70269956325602,-115.67021185414437,-31.6886544438511,48.398145701564964,144.0321058210995,-77.4741852276634,-18.015617778896566,-70.30002398047553,-21.749459621121588,-40.743145084033,21.26152902501088,-84.01520080060278,121.65252489894898,89.3803941562054
-60.94699827739747,-22.592341189873295,-139.18575194178675,-21.52536505524913,-101.65376392018047,-58.120088212622115,-1.8600202445295564,-109.71928493552787,-114.71547846739061,222.62081644911174,215.74253835001517,-29.32394160586636,-19.2994858059382,87.22393423955505
112.52069295636251,42.97005687004633,51.51936691112141,42.33279048210759,69.57225783429998,135.7905505520874,-65.12373995017302,23.979724997011306,-176.98633359100916,-232.12026713222485,-73.26930746964992,29.946616479970334,-46.98063766125167,-9.299672692013363
53.137121797312524,-117.82526423174696,38.75070033241391,-134.87664997157216,162.93528458799926,51.090048114303514,-149.557889847839,181.55432596095343,-139.32169915549554,164.3869538495148,9.28104673132094,-52.48906835345356,81.11734851696475,134.43331049263577
-79.30470855953425,76.69199112941173,-262.94621014457834,-96.41252333076588,103.89586839032575,-87.82215828413571,43.0712338163938,-129.78782904504246,74.8383342945767,-35.71818992676867,55.8422548831335,-61.95417644681132,28.942286849440848,-61.93057520439008
91.52265738400634,-212.7292980411011,-98.89325075372643,-48.351006594024376,-29.453249128928682,22.793645839534147,-201.81164270499607,166.40317351754092,-5.211902703299623,-135.14108676478972,-119.37368566100035,83.10453078660578,71.02868782851071,-269.6647019086941
140.98870144410938,-42.491030380980746,-88.80189658884365,-79.02372564378443,-59.653915532899205,52.74432752326551,28.091288890762723,-233.19276508320095,-27.20924760706441,-5.625950102389922,-57.52661685271521,22.70743249014721,50.15781195310787,13.235029977106969
64.87669047135999,-131.27204553306134,-73.17650465234405,120.5460823781755,-214.91580299507942,-149.91339032071227,-141.9905640874389,60.29057401995361,-70.88340277771702,-126.68217319767541,9.440843539149952,-112.12423599093076,116.66345285982007,-64.14191212746147
-76.33940179775962,-51.25150194592608,-162.06496846464742,33.668217374451025,-80.21425842072532,-94.52591291720945,-14.37440863880857,28.86442765718971,-54.80006444094455,-38.10300741920295,-71.67766826375093,83.71981420288391,-72.82723722549031,-18.983009066503072
170.17483779336862,-30.982308279021954,-96.81621052433572,67.86207512788853,-30.765564016945767,-36.67510542131849,-15.106220016390747,130.368943467345,198.50376545060436,173.64970185932782,-50.56682643706708,92.07376643148073,-118.84817972889572,-131.74925198751072
70.00278511507881,4.659322526896727,-315.5417331273111,13.439574542662314,24.234274410217342,-57.79372874724369,-63.73735382095761,163.43941915912538,179.87586693441665,-21.75188015488672,11.478046394894715,154.62634364239963,-99.27825796666679,219.08772048997207
52.13612835635906,225.48067661608115,-60.80341782075922,-117.45732487994005,-31.86777778575281,-150.82624502997697,-96.26739078417621,33.51986973088866,133.4130539046902,-42.2496216060341,-54.83794369426259,90.82297337930562,16.513367270765293,-39.44911847992575
-107.44489389934738,13.294143187678317,136.45079950041347,-161.7783566213494,85.75787606329487,5.403987529403139,70.23921790118766,76.29243271672227,48.11049492353784,-151.46424077652486,138.60566371559526,-24.355155362036506,166.93447739181804,15.380951441671364
-135.27529574019258,0.804053738188739,-156.223248930537,-48.66632867298151,40.83637945656068,30.596027745237674,43.59927763128966,-10.313862332648691,152.66533700568527,93.16317069826037,31.654508379298722,26.000049472565674,72.24570502702564,-98.69263732502891
179.93746340819155,-202.39877548326913,202.9084852943753,-74.02310581878727,-39.22647832811981,-52.85476485502877,141.45282134132367,-106.69218417815429,20.773274419350017,119.55827038844103,90.9087591594245,82.43549105741424,163.56217134184394,-15.03029425185579
12.120662888174088,-50.013555952663836,143.12430211991114,-33.07675573245113,-86.72595235821206,9.428600725076269,-39.06404955376674,-56.077883147170674,40.74924811149946,-17.60902981836588,-74.25626230184102,-42.796905874544876,-106.4698326846494,218.46734453746404
62.460176408640336,200.40469672415506,5.774510694280628,32.74670297864395,-227.85890004101157,-66.94688718028257,49.20293714852123,-88.95902761939898,-43.22065956474436,-31.81451014012284,4.351644240533257,-159.27022315487645,146.9971392501763,1.0493584537754759
-48.883077306486776,-254.43462281424365,166.00929519349367,222.340512021335,-24.638977234940988,35.863786388341126,66.13597529569878,-27.776998648139152,-104.44194710188779,-60.11758396526064,-28.425753635077804,61.666458627602104,61.84169728164761,68.74601701121654
-126.97733758063585,-6.593712710200764,-25.936779351965672,10.775239934369141,42.86927624756153,-31.030973653742226,56.289237797123704,-125.77032867143099,10.779642260362774,19.455165558371068,71.82885774537081,-237.83905872230818,-9.94012151225375,-103.9680101948222
54.76723796614996,-3.5659142169097082,-17.063436903974395,84.73227320036796,39.147052482261,-180.11163356834814,95.28941059098366,93.71758638386945,-7.271821255288173,32.90509599627604,-23.290604035251153,183.24432954101331,-58.96971001729104,85.89197558593283
-254.45404242700255,-98.71274044473614,-67.41996037593394,-41.644715756693095,-4.621032392688876,156.1440696797825,69.70604424014009,-137.38712846477713,76.73297736114691,64.63353405944662,2.7640035152912152,-41.52365586272155,33.59932821951825,47.9058044258738
291.3629501194487,-198.1729150816834,-51.46126705843408,62.66883630958375,-54.01467528934698,-57.829615491130625,21.57500836119476,-22.956986782220067,18.834236465198888,-58.299625761822085,-24.894561193805167,101.44636402113345,42.60385090990068,-133.02508320475482
45.365538176145286,132.47244380185833,-10.330419580559107,-15.300610771402711,-134.01191556348232,34.5017911331559,70.56852994844513,-93.58525590838907,-100.22885670199162,21.250210726221585,-133.80842093208997,49.079572969697146,44.39076503204523,-46.83935157607088
-54.880400845269406,156.47723531846594,-76.11552736236374,-85.91519089474133,-8.821131712575738,91.42332380778305,-52.754747382207626,1.0526691336317635,88.09330203503747,-42.41533267816623,86.57403918466018,31.358842477733933,13.175733734845199,-190.91943475902897
-5.259530705809672,-25.5377686748677,135.58534974135367,74.11146077518315,37.422521026462185,-4.747632011978066,21.480773517792542,-89.10072761352762,84.83804179485057,-70.7058193432221,25.36331987727518,182.61569958052317,211.89074457802016,46.78246791658866
64.15389546244357,25.63730642475082,-80.80583683099921,124.26163668608072,62.05430374833531,-142.85313323535635,64.87825600975593,17.68154942719049,241.46488953704414,268.995619820368,-88.71268805718285,-81.84089959813878,-113.87886612205995,-18.115137969144477
124.97242028890909,101.91190957163548,-49.487904923442315,-72.96389069699042,-9.207126340322285,64.5826746465085,142.712774632464,-91.29240442189956,133.96798150408696,44.984309229789176,-33.516248428156445,-73.12769324478606,-25.36364029367514,308.9213965501755
147.356680104185,-81.90192632664042,0.2709450127492498,-79.18763543356974,87.0397902780261,-150.1118472195499,14.074780779433254,117.4971514341483,8.434887348819759,33.53673290036851,49.036481283562836,171.5690513700516,-49.798894448548666,-62.72064642867532
8.48395323396142,161.21991032544273,-145.91524189191497,49.227834350564045,31.54282077574789,28.48393629891871,-50.99102359988228,200.74552460932657,-43.37099001611347,265.16740011377766,79.09348618891495,174.56543834211047,-14.879313609860766,47.10364982137732
59.585409279257625,-25.768064952450764,90.40856244508431,-11.505329869298036,52.65688805007973,-147.86325663062107,-29.105379768363804,-125.13151195889355,-96.01657458377247,-183.581438501728,-36.03745341368931,8.63299599305619,111.98374077586983,58.0246890773511
132.4455571482571,-6.620662208221718,68.02110196747135,85.3315617501259,-15.422943623007146,-10.718452511621878,6.88097725669929,1.8769382039482942,114.58285179044326,-92.14610924991376,8.447500409209512,72.33800371375989,7.3110844412332785,-11.782542015854295
-78.22297908833316,7.532615371966197,-22.32799940087453,71.20978822049226,-141.42395823164668,36.46851525750294,-90.34283766914187,-3.4603800377822167,-28.795549191522163,123.26103356104971,52.98995996552023,107.98973872480155,-54.90675183052195,110.14283999141267
-102.7246713354186,-11.87356701093667,41.251057559443964,111.42493226511971,97.91287473980033,2.808549417900558,-77.18278663577105,-46.25785238569591,-76.8462358130414,140.9974124333342,-170.47743604449636,-54.40970778682347,99.58153632135338,51.72683164789903
-114.52587573749918,-165.00864502639664,-40.80712334224094,-138.2111606957322,-36.19302593731103,57.87696244905366,77.1462351443138,-99.99469962531342,27.38214671493198,181.8741484970276,62.15904232907763,97.06404018564841,-130.52086846374695,-12.084152414070733
85.32335841163464,-105.4172886601643,39.7169059293291,-42.69576566682859,150.5877630666733,-156.20264801022702,-151.62805983374034,-62.83774252981552,-79.35038319555028,-44.08945322065673,-42.09836520563986,20.598582561548454,21.784375737563963,24.43957996791884
123.64652017985162,79.99510924284846,-126.26862914954138,-73.37697185704104,88.96879598619564,114.75253052259558,-8.330496746630239,78.7367876869311,34.87332244498954,-179.39976960881964,190.00168521468837,-29.448770634126408,-124.80618961743082,99.01517869667904
-14.108833681049601,163.0976048059556,-15.64413746915829,152.72148847714257,34.82010854698437,-42.75938339028445,38.1774163513314,-149.73570654927082,-18.580731067440563,-54.069497621047745,7.552292179166571,-111.52045159890613,71.23300216698067,40.19939755441411
-139.10215287725714,-34.748152231827184,4.233357646961463,-43.57493494541283,-191.99286971035153,-50.26294725412019,-0.42287422508476186,-80.32369713499718,-14.033957641538963,27.059877167691027,-49.544687942881716,234.63250406467927,-145.91900073951808,29.83260917268602
125.14029622362337,-19.723024070845504,107.19094029399714,-56.23202195027257,-73.37964986776316,-105.14693151993475,173.7398422712295,176.1200611477731,-65.03279939814286,136.78324135494495,-18.120469266436295,-11.819687404256824,-78.4070848486975,-10.12017057896517
71.34915401473857,-136.24564259703388,163.22603795394005,-32.807531885664496,-160.82207291615205,-0.6135684765412548,-86.03966445483758,-196.15046676432812,42.48149944030654,50.90449326505508,-136.14482760522918,-205.84415068444466,54.97655523832553,-221.64700540854585
-4.051509695495129,-71.33664618121566,22.557365584283005,21.626638821577128,-193.76400929332198,154.442013479316,-190.69361795103586,-116.92988812941903,-2.3091375071020552,-25.97651025868364,104.2519993542883,6.138138801395692,-222.17925486419824,-77.26334673163282
-45.70776464874476,100.406633222091,-43.33309459434898,48.63629598148456,-15.064237451946608,0.7231707480580886,-129.09556139224648,135.47674101368216,-46.98088084486752,-30.45033527304742,-41.88059863668187,265.86659292201153,-35.57847183014158,145.43734736655452
145.30211863590475,-226.37640752263746,-8.501464164742242,-31.52484060947368,85.28952407450312,-1.2870597197125277,50.033971149582925,-49.261966277632624,123.60332952059836,41.2042816305456,-43.18918563799804,16.764204810008685,-165.23672217636235,77.47943596370067
159.9947234069346,16.21665815548554,65.24749677116219,90.81351842453249,-221.60786476555106,70.14316289296877,-43.20524893353948,51.64442916165319,110.62790640484693,-152.74197765557784,-200.71578340709678,-4.532113906542035,21.178385554972127,-57.73455487908501
67.17635530673492,-52.840231688356155,-88.05296186991404,-79.13480244219441,69.07131962733389,195.36395360254267,-3.6470563692013984,-160.16573959169656,1.8736714186355763,-61.512921155791254,117.0732019872956,123.34491435789205,36.01171670363299,-95.88870931480366
181.34685551383473,-88.54663461728029,-49.57912905144875,-30.138861457121855,64.35638933819715,66.98167438155065,20.830795736674386,-108.18627994597449,-203.4629650160264,-40.473618838287365,-23.82824125344751,73.10644695495176,141.581830135912,-55.8933445666674
-148.73480076250243,102.5963376948247,21.752585144667083,203.032954819267,-107.6957181109777,-119.78682790868771,-168.73762517190394,54.48277634086006,-51.11831106469333,98.86746908363298,111.23134873420493,94.43452647469232,-49.12966610180797,89.49310431762714
88.49036375954347,-123.33993167246395,-35.66746534991421,-115.26607669868456,13.54660372558223,40.4053777122883,95.19512625468576,-94.53336235861988,15.815586680149124,-185.04479257709835,-2.6100515192826914,28.711680700043292,-134.8596689423906,-53.147691390419105
98.87088199898344,14.825695300030494,15.979850293252357,1.134457728778252,112.51251137878226,48.00338980785594,-58.16244320434936,65.4240408064932,130.237416882589,141.54646454941712,-72.51360524317599,41.6662121698784,-78.0743842787735,-109.34283462762558
44.177204398656514,-136.6739894728706,-128.77927411099975,165.2020881204757,-150.41474469857857,-63.35069516864383,-20.684260880488353,-1.571715670796828,39.33903442187986,-123.43212016170273,-53.48050834986437,38.50686878975168,34.21663369911254,-5.15169328086641
51.90019154838428,-20.845658281554076,-16.013728715615677,0.3353634115844377,-161.38299633731484,166.20364724264496,126.99309935469532,3.7105240692559542,126.19013874807953,-47.712434728929544,38.57958556778047,-130.72537512751592,-8.14161740936604,-113.54757961741365
-193.24312451355627,164.70376495482785,31.595823902674447,-164.9500824876365,153.58678601488626,69.81189083870902,-91.24961584394642,-26.82982010362222,-141.6257689419954,107.70953578596745,-32.76615733285212,53.707415977640025,-134.52001725952582,-77.27417262637812
23.540009084842044,-180.086750241439,256.5643522135945,59.85528463944482,-77.91437034761192,-27.696572927986384,13.88720339332952,-36.140752336731985,82.39200819798207,88.29358021208779,-7.202422064501741,88.62033842777993,-111.4270382702061,121.25980446345355
-32.713970881445455,-174.0603794064984,45.14491296649506,104.67658651907621,-24.684986478934952,-82.5158944813623,85.74688916679838,7.661922115109091,8.29493745502278,28.19079861085594,144.41855499014557,116.1585087321,-52.85605326315873,68.60213930065794
-52.48469353586026,61.635777268185734,-65.18290640402617,-212.97813961317723,21.456055398557844,-62.29926268481647,-16.65057147932152,42.32007894408661,160.49605039387845,-83.18374728820997,66.52446067525547,-16.824032319543786,-72.39060019835445,35.76026882024191
-37.75679174735918,-13.254594124068381,41.13657218431753,80.75504479566953,32.418729774030986,-33.13111508132125,11.391308711843894,38.18810723531574,74.65713182045084,-3.4686445090042533,41.08600463548059,-211.28715316196556,-128.57676818893484,-87.0245760884188
-46.572099186380505,35.92272692851857,44.66672228988306,-29.797057964331508,-71.693957851475,129.1095066276749,-79.84855053600862,-81.78904394782005,85.95963583086267,-138.53274810889957,212.1750136663105,195.36104227801627,-100.62970310797535,-19.92201132537096
-25.113283123173808,-46.33944902114484,-102.44423877867372,96.05331035589246,50.06087526372182,70.76227613973796,-253.26884990116864,-2.604742435758385,19.09938977455578,48.6526545727776,9.538568749279317,84.40979894514483,-68.04985988027646,-209.46954941257036
147.6083202043984,2.014140482877186,-22.52316249929954,3.3852632673320717,146.4460604602848,35.26714058281635,-49.517566865305426,125.08245032503503,79.50930872122288,-91.66262904240511,-86.43410559999326,-40.50460463673135,75.0958717984741,-34.918150268824256
-81.0544116201204,120.06076976672051,32.76426888219191,-237.51424965507653,-297.58090241646727,49.179684626724175,-60.64522544762069,-32.75057906879576,41.11363187418887,59.639908296406915,113.65420357441917,-53.977866439483016,-2.045587490213007,82.33952419518015
-185.1626508366816,128.1194811592156,-76.78435136481308,108.55281771340508,-74.19870317087323,-8.46676660398978,41.225220778396285,-7.790021870886281,178.4854742885434,-152.89072166514194,-3.737672798438259,-102.7183702859396,127.64088934561495,-79.32426081431647
-3.2896885378180194,31.731699885438847,51.17591809191037,25.755938066371424,-180.88030663806865,-145.53640343291414,67.54665882925542,-2.008309820793958,200.66250493057066,-128.1695213041071,59.86697231790298,-92.33970293785742,-56.774836272019556,83.94867795674527
-59.38983941112067,34.37850304645735,-35.309360741350034,-91.29018474860432,-105.45839377088542,-84.9395870966548,-153.63861230172782,53.25785780714492,179.41317780714536,-31.091749311356313,64.4472673797943,-70.52299219612851,70.27015349344086,123.00357051858839
55.60161616861248,23.978794509861903,153.88109948977456,0.7413948744631494,187.66164042233004,79.69369768038686,-20.159273098199254,15.720476674642917,-118.17075213420112,110.37575725940296,-250.7545284939404,-93.37991142101356,-5.649131050893348,-57.64214852626052
67.40259698506758,15.731067811024785,14.263238548488264,-102.32332062725997,86.49213309413012,-28.968424733447605,-46.08494381727227,57.04839665687113,-54.09669441387507,110.12038458273219,-44.340035260888456,-150.05214954063825,219.3726816574006,30.2881815529764
137.9777158057202,-20.19375937063747,1.8122101730702667,90.2088330448564,-47.87493095293429,9.198968914552262,-122.073888215721,158.58998594869027,40.876573068656704,-8.291594406152097,4.9850179637494145,29.137477585758724,149.69842459823516,-72.67470752259874
-155.58088926926598,-124.79571214488716,-151.9463132054796,56.895735139793935,-54.02922364833975,-140.12958902342993,-86.10963636638255,62.34085952633449,5.715642382209571,91.90446364820095,61.82564515929801,239.62841857826257,63.12626707063211,165.78772460946254
58.03182130124222,-105.36896498498413,126.59432770218366,83.23140480506521,51.05171179621798,-75.57025887853129,109.49595924757057,-60.68535736170373,67.69154494529276,-128.85436774351936,-31.8992939450336,13.593915168314247,57.353937098334264,-18.826686893026242
-68.88430065174028,-94.24027245644862,-64.91493509533998,109.02291284975567,-6.215434382466587,61.529250678394256,-154.0045622285058,-16.643587329181017,-58.43934958586631,72.74436604960923,102.43297030651486,193.7862408962454,-59.63337417566472,3.5708479920293503
-321.3145376937304,61.2932074765307,-164.3169371800032,-70.3948443587654,-183.50969602250424,-0.8570867302821935,150.80494714977343,-63.180472585206914,13.078634237328654,-156.52037753879725,200.54449838850954,-6.686422478276912,161.1116983964193,-29.66533103549629
51.17317179469608,-20.429253088523392,187.88968628306029,-31.836286717750195,95.61632549979504,36.04840836224608,-228.80097765762355,-30.95753972817915,-9.089664925447106,16.191398364505925,119.38041521364988,-114.53108361466444,124.14420321442405,-78.33283136145906
-41.08560717367885,12.304127902330414,-48.96138128769607,20.65079002572032,-56.5395653342466,31.161713228527322,56.81400115409565,104.18921276385258,101.40566773796674,-51.05146673128761,-66.3980654380036,-86.99600717924669,59.000099683463084,-29.33812295574655
-31.778281355449284,-73.21470733760658,40.37996572113317,16.969991208627818,-134.179636811414,-34.922125507090726,-98.8562686394276,-76.58447854391613,152.56652947707278,-199.6711712234915,-4.290419836531207,53.554701475556264,6.603197003932147,-145.44353581099006
-105.08561999214659,-95.54450108548247,-28.39303442243038,44.266432273025714,33.244782108025746,88.18773110403174,-83.48239057907509,-13.628373813041136,41.2984237990285,22.160747367893364,4.389710916419515,-126.5105181101041,-9.12289664750545,-133.5418462142318
-36.44092240045107,-142.67290744047688,34.4877627477393,-196.51796026443654,12.854141054440682,-114.58111267466693,38.11233220151914,81.83008789625845,-37.346776863960436,43.34409706908659,119.52859865207832,-120.67684059160568,-39.649746253702816,-4.51519445689702
102.376377504873,-108.07561952000997,-4.009633329952718,38.57261316202097,-309.0496967910183,-136.46366988924262,-51.229353626340824,97.70638131471306,49.257632721921986,-99.80642085975516,106.5682168370163,70.46597723286557,-30.42547185551065,-230.6976435898762
-75.1150842007726,197.62831500706932,40.19800257802723,52.51735508592199,170.57514871273455,147.29291961205902,-116.40278493152367,71.31217882594382,153.63184567103585,3.871666906782957,-46.56747565925649,-46.87914762384098,-124.08156037626519,-27.552607288848215
-211.17117591818774,-112.27163018890131,20.16334458237226,123.54731708529332,-15.842610834185844,8.215645664916096,4.351032211860709,-289.33582691346135,-44.9543984864327,207.54406924075343,24.179561836541748,49.65098676466733,39.83614907441541,-155.4939093507566
-59.706500546826724,125.963704404337,65.2313701576043,-11.55728246639099,-38.74939950725963,-181.9605926008821,156.082259885329,72.71287103027842,-93.98259608886718,-39.24030614905605,-4.474699859535212,74.97323280772916,84.50520399846143,-79.36436316584773
-1.053092039591949,106.41999737865511,-201.3771818956287,75.92850077234523,66.93274256100955,47.35322974800537,133.5272406872804,33.87204934085772,-118.34566673549907,-119.82251286681011,164.47323956561058,63.198389870947324,212.7527041446623,49.39786142028912
-57.05840107841266,162.12048626251612,184.79990018433327,64.33525814035258,47.019404109850505,60.45276667095856,60.91814607584749,-12.091771557565414,-5.971782751489074,-139.2410142033971,168.97080609825233,46.472240340452,143.70536478596478,155.40896398212413
12.373870786653757,18.87202367108061,9.828140957734695,55.65534152118716,30.60547113923707,-23.750675189067927,-77.32098151228118,149.19403393072707,82.63340732235098,-115.38142787664307,59.4638003680904,-51.32552576042865,-86.4828016179171,86.10630311175413
53.4264329629808,133.6827891960327,-27.364783251157654,83.928448212607,90.29721533509442,5.352660753711966,-45.99703486636929,111.41363431783556,166.21786374650839,83.67470796598131,127.50468445637667,-133.16076949556134,-91.6841715219455,-31.8271102733561
-31.416261577638476,-11.722973337133949,114.02612474485281,109.02348538831082,-39.8710808538315,123.52087857192566,54.828219614526056,-111.92525886486995,24.17054259543389,-158.89745972479318,-122.54168118788505,-32.982536028346374,-1.5615518223948088,181.177349902863
-20.277706709631055,30.14310523418851,91.00009312104409,40.94415762240952,-14.2581194589078,1.7643833563346396,121.03706367138672,-67.8337308247923,-35.558224739009916,-141.92511104047102,-46.31668829191729,-69.41339518135071,-116.88724128265034,124.20597959993933
-29.035985798343873,104.46747476662168,203.7342725038413,-1.3320784681903162,58.14840543784292,49.55079740936633,55.9146233134441,55.472343332783744,38.44319939285049,-65.87574353438048,-21.5268550471689,-87.48816517329209,86.49452143187308,-125.69556189083389
5.449659898863916,-53.8382672951942,93.29612538250052,-70.2210717137348,-23.398559445185796,92.69987611258709,-70.02650240568181,-56.39698202510275,57.47985193540185,197.85755019925148,-11.158579069480492,14.691274759933847,-105.00958444009238,31.906642809136486
99.48727585695171,160.6188722955617,-63.52557627513388,-45.64213366692639,-277.5124620682976,-66.93655653116842,115.74114729992309,-14.48340041637908,16.062416064676494,-14.947938633568025,49.66193158255252,-60.830911424950074,-200.19273345938294,125.51598926083818
191.59879232512085,64.76641892127039,-109.12449534808948,98.0369504288969,86.1012554335882,130.75155581021752,-22.50303351810847,-2.962648418754741,86.67859911619371,17.300357886988703,33.61903461504658,178.66707237606857,-256.87987836966573,-123.94781043660372
52.06848230747243,-50.904990782192584,33.84737988349366,154.98754649408787,62.89027311374472,179.32023447009615,71.62209933152859,58.95623488006182,57.326577551476966,-161.61696771334127,-9.64924589776361,103.01465609725626,-10.523663018970296,98.48578030684743
161.2823479776305,-141.72208999181902,65.54960975238909,34.50203868539465,-0.018158374427238437,117.29006863192699,145.81745235273263,-28.247248423429976,18.999606574722545,-202.36620119210272,189.8575515534714,50.60500560128906,-114.67292727455225,-116.51342000009299
57.61164440638208,-22.522114190363347,-120.74373756451384,-107.60103062383857,121.94473096091305,-102.88203915159812,-100.72500655568422,164.97112486170178,141.76672045010324,-90.31334325337852,-138.2752821251862,92.17468254171057,150.52741787148156,-73.27906036459754
1.8647015099205442,125.21628529149072,211.29110365407388,-1.5813203162051215,-97.396729211709,60.35767820598158,-60.53204450907575,100.74945972512226,47.57681843767985,-60.010316446930204,-38.83010814455872,217.50660000261988,4.130920607128292,-97.16569201296656
-31.043234279159993,-211.02067007862303,-43.782045048463246,47.31738619512657,-124.96743048659327,117.33876456931642,-73.39188911108866,-0.4433923100953636,56.34705766000074,-2.2978586767370177,110.09555896355229,-42.00108186691047,-83.58713068710941,87.97401482587294
187.1917909028453,-46.241468533137926,-56.38618261203562,17.490140332202653,-72.22587369405434,43.80324708669781,-66.20564539428825,75.33354766466935,74.34608069863236,71.5484685956875,-103.21308812559778,22.020785173353097,-165.81418689991955,-7.8549060199106195
152.90521145233066,-29.5298357733627,-34.49449647480265,85.7433794106195,36.612164908813796,46.854836851022945,-74.39194209422013,6.697047857751581,196.2201439685199,-37.820787681316745,-156.16444099655183,6.833143321838763,-172.5693035583286,-96.11271213389647
-65.64098430399439,-130.2971823983134,64.9457669641324,26.35914423189639,36.5117413363336,7.395746227963731,-50.60371971901115,254.94599847197534,114.41350958597043,35.839321443078944,-78.97012002213827,29.768014328838575,49.54003064472817,-16.7077978577026
-133.18548680597914,-85.55842800687059,1.9649754858474195,35.869975391978784,-74.14546944156986,-123.64316793703492,30.016186458566313,-136.17059880294784,-160.0730384101877,-99.1727725756951,8.707142479689635,79.83330417697668,55.11709850649778,-209.12214158922163
33.07570035459656,-51.73494003898285,28.77202413733858,-12.561870858830703,-196.3809088929442,-160.33735024795394,52.61451522337982,-104.7940697521049,-55.050560790845026,-73.97856262891295,13.702129349420556,24.478522613932817,7.728457275713843,-69.5308226413722
-91.78593313003552,21.45322731403708,213.2180454191892,55.82647445835423,-63.27819459872753,16.232620384237414,-150.32438965312085,153.4123474851301,-13.7209587115149,-5.815822074960799,-51.07472337666405,-22.339573447460836,-2.0288380143866727,14.69965146484735
-27.48185568956052,175.12628721735447,110.73321293457677,33.20342271054364,-141.66861404974657,-179.67690205086853,-269.10281033850754,25.325555956442674,70.28829282763783,-9.449284717380175,-23.22891639216306,-156.096173788464,-64.88112505933843,128.72073892290032
6.860292589655864,-66.35294264560227,89.79030786691642,-6.8650449729638,-4.865903494676887,124.72063298124334,-50.34457256708039,-137.7662746633446,-82.87273540399563,-119.08095664046922,-134.59272883806,76.87441763390291,-152.14804083961243,-138.27629052275475
-12.405276074262407,-134.8280728280847,-101.21562521682466,-36.91662487062089,-184.39693840995665,-16.221227045645538,-24.052116021643887,75.63479139064331,-180.94945461375562,49.72703777341711,-5.552543166103032,-39.50528654218651,-117.07912588802634,135.27194373504295
-51.356998902847316,80.99475046326164,-48.70323080457864,-101.46813388892832,169.9179104160716,-0.7652579240924718,-96.9763658762115,94.1068918514677,158.9286994466912,48.462918091485534,129.25096301614096,17.59928342308994,76.3212352149711,116.02700569168958
-8.222190599465689,90.62564080899095,-107.56335393609109,-7.6133107773949975,66.67390881830836,-199.20553675450685,-112.69720819814593,63.110541372650644,-51.91117557256244,63.99468681141738,-69.9920462139084,83.72905360085203,8.537361336720013,74.15081238502262
-59.69336267686095,81.58302669910861,-65.04856917300086,50.58961316504521,33.0060108678817,-128.21359312355628,-46.14801254210832,-44.202224464279396,42.87969923767984,-106.6260174470494,-27.881534420164968,34.42233950257883,-11.645478019492824,-63.5452077563793
-133.00963530634206,73.07281858214904,129.1948273693631,-97.2839098589984,-210.19618623259,48.778197031075706,-179.7871763316867,-114.89785768194687,44.95116669029527,-46.97065051779647,56.83720137958711,5.588570072266376,-82.43399404323955,-114.52012625718694
-37.995665142290065,0.4433382196554616,-111.88772361437951,82.59262853143636,-142.99615947033396,124.48360185309757,-3.7304812664276126,49.43351844559995,167.14357748428782,-79.81806327082793,189.25256780722677,-48.53833749778328,60.85166761857715,176.44098896783603
-49.588033081347085,-46.46798019607895,7.906341855501465,0.8382191254083422,27.434455227069915,65.23657395112315,65.3819898404823,115.74943478531577,39.50621043236137,166.99803217584827,-29.40734158349576,50.82200011825218,54.84209839094431,-163.60327919058204
252.8791169628096,6.892264314470588,-182.44237283421597,-31.700943523416996,-12.509242842494187,-114.42539635721667,12.2999076950947,4.398649207250614,149.03834509293492,30.38781123206844,-18.21785522627481,-208.54126843690176,8.534739685267576,170.47806393465032
-230.34985161006128,-28.25685162088412,-30.8842377241415,151.18018551136632,-147.91947020346637,98.1955621850994,61.7850163220406,6.522020477930121,9.22835648449192,86.79816595170217,-36.77256165723827,93.78482803599692,-33.584213494419515,88.11190982167531
-129.60591692672833,-75.30007578708967,9.974379705521699,42.292994842549895,-174.49380035063209,45.23431742626855,69.33863473561482,-104.6861017462711,1.8305580149422553,-53.24419874768229,19.446460981361,18.848132588898476,-117.99647592455473,48.692106453284424
-16.672500763112176,108.90726671518844,2.3465879073962226,-166.42968495248866,-56.09801078234482,90.63048534136472,37.6232096345643,50.20001076343132,118.80364282103808,-135.79373853707025,-177.19694877572502,64.55560266559827,36.837101878736135,165.18767803967827
37.64832428048629,-79.88229654016862,122.50487645291513,99.30501983290247,-96.43160195527565,-62.081403686743805,6.403979095753949,86.84884730228235,5.718596808157899,36.36667089705507,-11.54290614935702,163.87317341870815,-78.31866302073993,-42.70314763009842
75.70639201140364,176.1300302437076,108.67709308166853,-107.34077187574836,22.5684966738492,-66.57814070726023,-29.759735594269287,-84.18500528777582,19.173623841368375,-32.06126105554449,-132.1773832948483,10.803919069397477,-187.98838039258112,111.24024276725845
-37.60209902629267,-39.01483978782114,143.12405703095,-111.4912238026551,-87.76041544407508,220.9512606089009,-33.97529442033613,3.190328979821406,74.22695102410107,71.14830731255259,76.98521469653507,182.0233399185402,6.511310981405651,-56.74762765862732
136.1442010929379,183.4446297113289,-13.164159373726417,-30.30094808354138,114.91756118168452,8.966797614629206,223.77300402823477,-107.53357756501794,11.720594482410121,18.917102134832177,-22.15687265434445,149.91915288676984,-307.18730405316705,48.35077363625375
-33.87466689133148,12.472289355886286,33.70959542473385,-160.78487013999825,107.99159982592697,97.49515568963669,-75.21753437235787,-177.22944740563707,-152.9068610247156,36.912529256554905,122.531205550767,67.18483438658176,-23.000541918002202,-54.47754028964229
-52.03254184099775,147.66061268870902,205.27320387512927,-19.70354401681426,-94.70620999099916,-22.02914216688935,47.97299257687265,-9.521431890384907,15.96405426303941,-163.13744378530953,-53.71850386767597,56.174523318415716,-57.34553357640705,-18.751147358524786
-5.001013821611842,52.94539861187164,-222.19643281140824,58.222272621041135,-84.73637568037157,63.921301992420396,-56.017778437077226,69.63741226337727,-77.87336802484285,110.42196460902089,-36.206526691693455,-36.05655366372497,41.44859060465665,-61.03321230869938
200.86264202088083,-125.5820535938177,154.64435469222818,94.27018920587622,26.58834230317342,24.20988826683983,54.27268239136544,-95.83268673213561,-122.18621222225767,56.90327544508317,-56.385128962048526,51.03430800643801,64.21943100698456,80.11619719435605
252.77137197289653,-238.9600635452437,-18.42916367501408,-48.109884320883054,-24.67697278821622,24.27862397644237,-7.827479710665555,51.240987922197476,-177.95434981642597,-60.914974660356414,73.71407983208508,-28.419034544475657,32.22900541318051,9.024505828540152
130.57407942989715,83.5533432453769,-40.72073150018564,98.632066292202,66.46944757685338,-72.49774022413155,-21.304311124814543,-69.60504768398432,10.675656303366248,88.76187697067573,48.69706558210263,181.96975631768336,48.4016784256457,71.74026864966979
21.831255330310672,65.3980453402518,-89.62181853723095,-10.81882379564876,-54.24188993596899,105.58208429304092,-61.93285310207348,109.07525579131575,-68.65021085332408,9.332602298070409,108.10554627052649,119.34756324389639,-40.45479140289896,-87.12293999706391
-102.81045348169565,76.48812015351518,-212.1135491963805,-57.1023123439446,18.963592382646407,-82.99771198968045,132.06021991997216,102.03536887632958,-18.276265757807614,24.10358868147444,-92.18684520940774,-47.30042831687848,-166.64067971941446,98.23569542548137
-186.17043864723155,-33.90361011132408,86.30187848372354,-111.12913356463541,163.80944910149884,77.24480635106191,-136.32744405480585,-106.4295933748757,-181.9486189719995,-88.59171861470519,-1.2636050355098203,108.04375756280544,-90.89721778295996,-54.07764724200088
141.7703577195452,138.20835456701758,99.72713109500337,170.49893015900156,-177.7406433689501,6.393464617069915,-93.42796237715967,26.15998154783904,-147.68191017217765,26.13768518014944,61.988049126935486,-90.188440444537,-64.95380467579288,3.932648621322219
-136.3590194784607,-14.51532746254474,-46.85658455120282,79.03758160005108,-128.59728409671732,-85.66897827968678,138.02340736717528,61.94652578863794,-45.579801504404784,172.6782152622185,-3.8499903799019304,45.721336732189584,88.61455648465481,-100.63362447427497
3.1274891773688496,23.470701182950176,237.23792291273153,51.878941710068084,-98.87479958667421,-126.55511728891027,25.775890812261988,111.26209542095447,-53.35234711333,-21.480314948621018,136.98788220405552,6.2659850159928725,97.42023142894259,-31.51555450650148
52.214263987142886,54.159345870001886,-234.5956202521695,-7.064306259024231,-24.360437456370004,68.8504303364471,134.36484973570174,-55.469104098443566,-5.830489591893482,43.31699034247967,-113.18609307441815,4.111478621172699,92.60398221487242,199.30522856788858
-133.1187585874931,-7.7935309437082685,49.587939849102824,17.00108822499824,98.96595449653488,-113.57201497684363,16.62172127323723,89.36599051734845,-25.79598937595996,-37.19746772142775,-12.351236508728256,65.44688020950356,126.42207189473322,87.24296782503637
40.619956406478494,243.22828582126849,-68.83536615774322,4.281439063953819,46.328182908958496,-80.16126032828817,-195.7120913253502,-91.10997564923477,44.207017198775155,-22.354599056027794,59.914828311317024,50.467616188503506,23.42770701996652,81.00310379259895
113.87160754862768,-211.44929598958998,-3.9153387651178,-61.40780753064738,-42.61896561679462,142.08076518293723,79.0782444160978,-17.677333323300335,149.81733252067468,-34.600023412005115,97.9129412008195,19.267231733195793,-38.123357825800575,23.594414167630095
170.9635256172439,-135.66741152661902,46.511161087430004,-7.168897484460649,-47.75065648201517,16.50658375458821,34.95610300288537,17.191785014785143,-56.040347850580275,169.39834996390505,-111.4555957272225,-79.20109062910562,-39.26592459574555,-17.83243273210759
105.41331125170817,-60.749201196544355,20.312214653366876,84.57596778336297,-34.24132103528431,86.68684141654916,97.93565996943228,96.95919052929767,0.5761978481459941,-87.35738212254344,22.79532741933896,85.65737908638489,-37.731227425525056,38.11865582637151
-59.014473947430844,-130.35914738144652,-183.4441699097695,-85.99106273787996,-56.1267875862186,-89.32208608756032,-101.2012467798064,66.0725480017115,-220.452006708088,0.848792734511156,83.8217230414497,-185.41356228283914,1.6257472267450574,-52.61316101595881
70.66286320711959,54.77067961562946,-7.901372958018717,-37.25918997084307,-65.96804994284284,247.49173320901633,-77.16634714374368,0.8083706300405837,-204.74750939197457,-194.1481443447803,89.24825665038661,88.27384402684744,-104.43724466748215,127.42292670180761
141.61011328850574,3.9000246469597966,111.16809755264099,-236.26027039380156,27.73612272627356,-33.2301804006661,73.38454564967853,-15.190907926869398,-168.210060118046,168.7212167242384,159.37064675606797,81.78400133520661,58.531774878027434,102.06953508714658
-57.85935455521789,114.14896588007541,55.993164094921944,161.4779862540078,192.3265553593368,39.94847668964777,-145.47652183816086,-32.056136824057255,9.23014965421883,145.96385908729397,-118.7637883224878,-87.850487520973,-18.34668088592745,175.28495338925435
-60.37245679753498,-28.222857473386654,-59.17031108132383,21.933796070818605,-72.89500860499808,-133.9446924326393,14.252050713663209,50.98812524497242,26.136987570644614,62.856443149460496,150.37455055254745,124.18925562318633,-119.61568838743378,-89.7543899176014
-96.2062959299164,-60.876671815130734,91.77556894822206,27.95960202647953,-103.50352235371733,-120.47208344447091,-137.59993368619615,42.76406266630303,-61.85898845911535,13.419824037993425,121.27977222176078,-16.23292982224605,14.60941670527301,-33.79291213311218
22.509027406857726,-7.005000748697003,-122.16083580814774,-61.22444623421471,-108.94178334874245,-156.43079402521022,-63.13452105645767,-5.354510500166363,22.6100089273126,99.18135134473756,-174.35088684494016,4.722944807503673,-97.47786429803381,-74.21505296528845
-71.61961039479962,-65.88187850370277,55.65681672353681,-25.11080024189084,-39.261992315560434,1.151726608896443,56.94565568888284,-105.61122584158365,50.97044368336129,-7.4967716064986,196.2133231052246,201.02191579827212,129.40701934658787,37.81391215831012
20.279326151285165,34.79834830968312,34.945859518905685,-1.6445183644209715,-16.819891604910627,-121.19240131677576,40.36280629352677,-102.38575389559146,69.92868696138017,2.9389616990930754,-33.11368359838357,-166.894903658678,51.50671742375255,96.97764924509755
40.412419007790135,20.18614960192607,52.35298196762622,141.25384704520673,-182.310051442976,-18.166966277598533,-99.62916914153209,91.8490540059465,-85.63794280888949,-39.4419181989834,83.10362799908204,18.319706868026376,-72.39920390925387,-91.39724620475003
-111.21863199167376,-87.7812355479006,-16.806187140261507,-129.98685653890817,83.81513499323935,95.90819096827187,40.965679210549,107.22137768584045,-41.567619544272894,69.35487519640404,9.454687512277742,-194.40377681745906,-101.03444879851816,11.385587260731649
-89.74600008226129,-9.21280497951365,51.879935468944346,-282.4942748437383,53.88839522677345,14.151002913907037,-12.443167792454664,-58.84517706418125,28.18787083601682,-111.8725724933153,-51.00292529515645,-32.729858866301306,-215.5237377725898,-136.67691595878176
-23.546901076732176,-66.16279486657895,-72.76188549574614,150.91405981562238,166.27522855438318,132.2022165362559,27.500848571879562,-8.448699697318489,28.03356346311736,-17.464233804152638,-168.3561466851752,-1.893149993753792,97.58990170865437,150.60256937407132
-124.07687738253179,216.93314422320032,45.638242272258985,89.09335465160923,157.0036656962489,24.42339737414828,29.115600031229327,10.463758064849218,71.29930391573393,-73.83739949257784,-94.59066062515089,-16.74440539839295,54.464484146820816,-82.43993968898124
-111.51738168609569,-30.44505069427036,5.495559876566526,63.25652370929701,-39.84606807587491,114.66250623789978,79.19039855801313,212.8014356223627,101.43104051669715,-61.66477474451679,-15.260407778809192,-73.67269659566729,-5.823808746984764,81.03243888572794
-245.4891964518252,185.22183805047035,-5.755699233893508,76.69076905614381,-108.93752499785087,-79.65780208204323,46.51858157051869,-161.72829463695336,-105.70182898285046,-112.79603692878746,-25.144547933621386,-2.8360388249537216,-135.83126962177136,-31.046458038179907
-76.08259288347395,-71.93814853020967,67.9699492511936,8.4818543913876,-31.36191712710078,-209.84967984112197,102.95162498893393,-39.24298272052364,74.08493444866184,-18.965143628770544,125.30983316869337,-91.23197899364206,-36.23776702565331,-85.03344535990696
-15.324258922190175,-254.83192734583218,-168.06991325672354,-42.91280440693222,-215.81236417134036,-217.3056328641259,48.383925081531,-105.06513550645442,-4.610929432906883,25.057225927567966,-66.04102318158192,-67.03974269927471,4.449223508782286,143.87077966753588
-137.18836730290874,16.61828266179101,179.68968260134372,101.85948932111475,131.52458513302938,201.41968332159337,91.21626638463525,94.89211896741978,81.07778167360186,10.009617754581877,-34.28241786713483,124.36603951250824,86.07963912925806,-93.79646122990789
-64.49497655393812,32.94780192714959,211.1954665152947,134.78241576739373,157.7026704666065,-18.258734080174406,-15.567634229015384,-130.68999796894843,49.415555226312044,62.85844707273591,27.72906210667388,-7.599554190738312,-131.57745342879412,-95.60107163020993
-92.36273713720506,-80.80222110977412,108.45170408651855,-14.33453719763245,-6.65847506434714,139.03887978331102,-52.12370828123524,-52.612131626921766,144.63259395576378,-68.29569536389643,146.29015970992174,-94.40890403831904,119.3292472230337,-19.743148855983165
235.0084514554414,173.54025701495414,-237.32682306980317,-177.90192768197662,-15.62084862417359,140.4983868564464,25.76826463003586,136.0306395255085,73.47848921124644,172.95331036821528,-35.5991469932849,21.190100060202795,102.71636143915339,-51.000527605408216
-61.23613537002579,-55.727368125628075,-124.79608886785296,-70.70099846597216,-53.28755644938644,-46.355869124563505,-181.50919935387577,164.24311221794923,-48.943684838313104,34.0145807267742,-118.30651434549546,-57.50792587886726,-99.97383819726979,83.33807204156565
-192.82024629663445,77.02431648477592,19.316484456013885,91.28125327367377,-140.19687826237387,35.317961557345804,-42.40325602319494,30.576202313329066,22.852345989734722,-262.9880942261446,109.93741876679341,-54.858792145300264,115.98446700228693,-235.51317702103853
-38.84697576621251,-14.341611892838497,29.307684842442004,161.39214791307668,48.099708513228826,75.3519473736538,-300.74867888898865,-37.23438840608967,90.75255214323575,-130.13079634351067,-128.7759981149929,173.14665493307865,-39.5359299646275,103.84452100495916
-71.54511442711289,-52.15210441474212,-11.562588739557512,-48.93539065919083,124.94635880623912,-68.60332037092928,-73.9075394036921,-65.35689372898185,115.20804089017187,-96.7600878608209,1.4751671122643524,139.5139079967669,36.88331695950608,-60.35057088279828
74.37752224880933,126.89474960253939,62.575421924699526,216.36134935556518,-170.9513921331046,100.89257111082513,102.60824684038631,-70.92505952522505,-115.9287606660053,-13.31852502590229,19.20359068790381,-99.92717837088718,-83.38866778753847,-22.11631703643384
167.2884572973367,47.0986434818965,49.59218561120739,69.83441738018156,6.514239387583386,25.737463770052404,-93.72051354412889,115.66045925761368,188.4255174646623,52.887074339798744,-187.39704156139697,-47.69966178045063,2.798466256560121,78.99729356965324
-119.26606268975175,-6.644260696234349,27.767067218878765,18.44154766396489,39.04969167877466,48.8759924815977,-101.8223733632443,39.258143444876325,-207.04110658019758,93.34732080073996,22.326562382763314,-37.87979084585996,214.69413440057176,-15.112243242862583
7.990532297330198,-205.26827413161334,27.993355327411713,4.334508390500645,294.8448460235972,-129.81744678790642,-143.42489743136596,4.0474825686281415,25.892282038135473,79.15169147000385,66.37412216101475,-32.67756654548404,-107.84635654973638,-202.67420490098283
-146.9797755271274,-48.29721622820967,-16.70557530912738,118.92500761150562,-77.6741640167916,-99.45677747707599,112.59901174679565,-96.9167607891025,-101.33835700214438,61.058732896514165,-2.6973503137844954,117.00095544275446,-67.47345232524125,-237.25051808525106
-69.44095725829199,-8.564022731602655,17.72943387430236,57.617363140261666,107.58848631053164,-74.64388359882584,-98.88789031574555,-65.32573911187994,-22.256945683752196,-28.974170353336003,-63.73412286137293,-29.20380463887191,167.68925700854905,145.3804083896118
-29.278250286854917,13.051732201751983,38.95240154058358,22.802263352224937,-74.9000910507799,165.2139151437545,-190.10090251310768,134.4482448838166,-83.28176470533583,122.73868023036133,-87.56230822685319,-35.80322152864829,37.159524447073295,18.673936172438847
-42.50220336102746,242.38903555353835,-142.12812138478935,111.67991221833987,-38.63275516636031,0.3657977743477619,41.69424545527155,63.8080880264436,98.70190662897919,68.18125596314094,16.75643297565333,-84.29193037015789,-32.8497752053456,177.0998199329872
-175.16759761560292,58.72420744147265,70.5430190883031,-71.24416730855891,2.454898155716739,-148.70790824914232,-15.938392870223602,80.72024744684714,1.0067339857333388,84.02198444074958,-170.9491887787071,-175.10996054015155,-10.465641968385993,55.345172906836524
-66.2410365346016,-98.07679783806792,-19.17580100497683,15.057770913092462,67.85910871731193,203.04429578552373,3.6095283693638223,92.78174163740157,220.54473264216386,-23.14132634294062,-7.098666335053307,-47.146211374767674,-116.04617155694893,249.7232736860402
19.787010952875487,92.15706763602455,-81.92256238931753,-34.8189586050716,-77.88662372846284,18.76303581580327,-42.737439128706214,225.23494877277486,53.61973904795035,61.52677155884957,6.259681486585654,-20.85073811385943,-30.00214455410856,55.86344838414904
-96.38056290029887,118.44463756172192,18.844931472124305,112.82290547794665,16.832367281027487,-35.66090602773109,76.85474804414696,12.932941076054618,-105.27943444450057,-7.279339079429796,-85.35995161498427,-5.81139048786922,-184.94153925902418,-69.54377543225569
26.404421597632737,123.59413999852092,124.00811746853068,45.33723622269659,89.55863389133569,-46.32782691917867,-19.210382652410992,72.99938300339,30.283509923645497,140.78928378789044,59.4423198130431,184.10014334121303,109.67637558505503,66.36414041594107
18.786501408699035,31.046400981544252,97.56177690856416,52.56403693178685,208.10962977040356,-42.579269590625486,-34.493483281431125,-8.364841833034077,90.10099524830696,-91.88152855861935,-19.984866254448015,-161.6616391073333,9.440691626249304,-30.699170732916347
-28.81172501693913,-16.14086138688132,-122.13118021999263,86.37613913628479,-29.194111693481034,-214.36872070722993,-146.1358042610219,18.92514413963913,54.84259732917282,124.04825051472972,261.6633721309872,24.311120322239713,107.68696244408804,130.38270567681823
-79.15207323710794,-36.09735144181919,37.13222975866245,-128.08838897789823,-39.907490622637035,0.735950719451582,-83.33525767160225,-72.60292817115274,-9.93957196117555,-168.51413962960473,30.635761033639298,-233.57296012393763,-16.312859283940654,-13.377178982410221
-108.65294735914847,26.138259078340493,76.97726699225959,-108.53530667684399,107.80047873760692,7.762190187639395,20.20333549697404,-5.246707034889511,-153.85681629230322,140.19493015614944,-17.164626389378732,-100.60167739742975,-7.297853511020246,11.690046741674525
-23.94665787925115,-76.3438623530996,-14.011581638799003,197.88504291633134,2.3322719073998868,-118.86344226444132,-69.96689456174522,76.09200529255602,221.74987406832457,38.01774425257467,9.359657771431678,-276.5550562372188,27.33258934920122,187.21958783877446
-37.64366813354121,87.85298250933164,-43.810276319496616,116.92250013064762,136.27254924129358,-140.86767405186094,-80.80267617180557,-30.737126479783505,-40.109172461046754,-54.39017407369222,38.561160193479914,-151.77019030888187,135.4110041768837,24.726790262904313
-121.33329690397036,-127.28377134916285,-187.3613865374092,73.78946656732501,-33.42855284022927,-111.44325154345715,-119.39784748947577,127.37495588297925,134.15460487948243,71.71337807270065,121.24950414935032,-138.44393334434784,-69.00797293908992,-32.23104777425693
-116.83208901314029,143.6643168134933,139.08460051374547,126.79181492215268,-16.641731714299127,142.36473343665355,182.1183421887104,37.5342542820472,-120.53158900085583,-43.771054031944495,-201.20467949890198,70.13154483026959,-34.66315635722767,-29.697051228141202
110.48257865903688,118.80088766040066,-32.484698601038616,12.815056531641986,90.37566634871172,139.3504118786285,-105.70057329985667,100.53449656899672,-135.38320611986282,45.779793019032596,-18.110533737417136,125.45970992992201,-104.0617133567571,-1.4457851472123635
49.454971528622096,54.87797543422624,-32.41031776112899,-38.025795729379276,-119.08776637195895,-83.31131713309152,41.11993272144453,-166.0700301063011,-9.797423577443986,-269.77533851848153,-153.8782525673047,17.067649009906937,178.81503165443985,-45.47802622570058
-125.89998986873184,-58.03146413204957,35.424266098915524,-146.127691183289,-53.70258877765773,107.93593485813373,-61.57127081322141,127.5217133460947,-183.32394517791778,123.92835243717913,-7.152045412904644,92.30747000545382,116.50744477905512,-18.10815526155542
16.170660672936727,96.61788966764541,-56.34267210957302,89.65416298106986,-30.952548998538536,51.84473637376248,169.98694904420458,-12.271126906906794,141.30611470084128,25.18090562916704,12.506747215123557,-120.3309516428058,22.239561965990244,-77.74246124171299
-19.260150909172967,183.10847080818598,56.337226565255506,51.30318348985513,-14.922615465929177,18.01035560879226,-35.49855975730413,-52.65172687990469,26.803115873233224,99.9582656327481,-16.79913307962814,63.445836572075784,-125.15676263325459,53.88678372922805
-70.15369217627739,119.87009746508221,-71.84739966365797,79.10479557027928,39.901509790150584,27.830464531172527,-32.743008138497196,-62.862185322676275,-148.6217581800864,34.195645076384785,66.48472203903054,79.18380778536603,82.16778269374122,-140.7420897548266
-160.30765973368696,-112.34627040775487,-200.55782334146463,13.708953216747258,20.92770230188485,-32.83000536165932,-34.655234544067824,-13.000660088147017,-30.712397018036707,-92.57443396944743,66.03066747889594,-41.13028475575472,128.62518816658132,-109.17740086957966
14.131628727540438,19.05320490274203,20.48233393905743,122.49557887009941,-54.08679920030156,-7.64637992036442,-29.78803943885118,-163.48666303130693,50.762453100021865,16.122917954285317,-284.43430354527106,-17.227366169530534,114.46231749912545,-128.40200408273031
-46.59501637890286,51.61267161937547,-40.012784653996576,-4.6477398225413395,-92.41642361364252,139.25313013241657,-7.084489311934905,-83.06629128019199,122.41528973095848,-69.07263736557057,31.834264037728886,-105.46561201771854,189.263414713778,-14.271752646994292
71.6045471222318,165.87154106015788,15.852217541968644,-92.88281170285164,80.62291025718847,-4.829615748753388,-111.49649025925564,-2.095484824736778,-110.67937903546814,34.30535465538396,85.58141334771214,-152.38950703098402,65.1398446178424,-20.318674787709966
-116.57598797190909,-71.485723515435,73.94561810125421,-87.09888710219916,78.25292325646208,-50.34339312085226,231.38787403094327,-48.18275298622274,35.33356652804105,87.61955190022346,58.76323468200839,100.37595199642443,-54.0790309399637,-111.67352771464695
39.17203842069979,23.222159476084077,-62.43616961035332,-39.10467186503365,-71.00625000123071,4.406557442184562,-30.795650869508222,-18.562935426953253,5.478488780641378,88.88322046056658,-86.08744204878369,43.81209289718458,171.83231023771387,17.36455315885208
-15.671603385622001,14.452904764305814,-192.0721100272657,62.27579590611384,-158.19429676899907,69.66293643710165,7.367820028852089,-52.871931818462635,16.95268517440578,4.440998903186156,55.21875215616648,-176.20538099070004,-6.870392717314568,154.10004852187225
22.58680786946391,-177.11325891225061,-37.917156686392886,41.8528939807082,-40.96078308033324,67.62101294310489,-55.68742443789928,-9.267810713701904,-79.94279799365898,-7.235102080568908,-45.80743191816224,-2.8204314727892363,-19.11065516949211,119.45264914701028
127.2471601156472,127.09578423118603,-24.812932664065926,-26.35047593837075,-106.1842284269676,13.084445200975962,18.046462668919194,-309.880011534114,-115.25965005841144,132.11943198192444,-172.69165442864008,-121.57649910897801,22.9764806856534,155.85456810170334
61.38559132708712,-1.3016523810126202,170.46978120203607,238.16261335609107,197.00933777347146,-2.229657953567874,58.26974758938523,-41.76678673057426,-3.1139176746512773,53.7119166460255,-24.336325282567614,-45.044402554582035,9.33676680746231,46.9552950592105
-152.36295870891408,114.69746954516596,-77.07724849674963,-191.23774219554664,178.5659548667628,128.77860592559952,-177.1699918229985,0.09322966261126117,-179.40601162910585,144.822351550256,-26.621108178848747,12.216333654434505,-27.20560072322083,-14.39416735939482
89.17435072284054,78.86265975945504,-112.66641678219389,45.96241503713966,5.981186314639542,-102.66392678798451,88.87747560184421,-70.28631665936699,66.01885560211491,-74.78505699278196,-65.39122576689674,-57.757209882601,-16.94149754243713,-13.197241675384205
222.3447654727744,47.17850090249588,-72.71991422113948,-28.31292487269288,-59.65799250319693,-12.820972524939082,14.72622456911557,-201.09868537017252,55.33477971089242,-32.83189129597822,-23.410634305919032,-34.99869870008002,-46.12807079607771,-3.619710719424426
60.25392771181165,-82.45386399119624,-91.62893134189717,9.574042692115274,-33.69347174322646,22.402495792962764,-133.62608193377093,-16.78416247724345,32.231201602053034,-13.007024517730944,-112.82551616084697,65.03359713457758,27.720936978104383,-223.11923554536156
118.78351498908735,164.175159080556,63.40141204869298,59.20865691005366,-146.54854802969874,36.11237736850425,144.71038104943602,19.842263727759104,61.42531339113578,-70.67195571599673,68.23764261913,145.20460746863066,97.85133517248742,186.77721782513683
145.76891052801187,119.42905394145717,157.1372934206293,-96.13255220051204,-44.88008932758477,77.03667670268636,-189.86025716614617,-160.8371496795805,-37.44890951516772,74.0304372918817,102.80100146912956,36.58640799883794,-29.588303570981477,50.0690596021871
84.73458205801924,45.859675586540035,107.19495220333573,7.943364068706918,-63.852994269720995,30.63695687470217,56.387266214021494,-91.80414831963314,-58.28299125812938,-119.46050960244835,28.246885287056735,121.34709394039045,171.3661000077636,-145.34544331005148
-126.56822019875584,135.9143413315714,-43.954049909410855,31.16934260049378,39.92281131534014,200.30219577192608,47.74585625167546,-123.13829058421251,70.23443095596974,17.62284385760878,-134.6575642424692,-51.55238392470803,121.91364298342926,-63.20214620305489
99.48350400666351,19.995847836310208,-74.61183708986893,153.54275638299484,-71.4778778944514,-7.608491542922952,12.613029320049504,10.017696027854317,-14.786944086853874,94.48195448999724,-152.19815386219423,15.649781342870254,-45.138550229232244,14.430052781457665
-7.673840812997784,69.83378806968071,151.7059772685931,-120.7010256783905,81.93046894635194,51.051392756930966,-77.21249958513738,88.98272818085347,-42.082141148022075,13.217791813535628,144.05706188275394,68.21965228205897,230.4318370564818,-87.55057176648953
-113.8056952589534,-132.53248518255575,27.722828269691174,59.35498611792672,42.697292882347206,-124.6021708492596,98.95902285382077,67.97908702066331,-123.2217639179443,-50.42744560435278,-34.89553362548041,-213.32523076288535,-72.7227596360722,-74.4865935581585
77.19164640739278,-15.803679744663265,13.72068133012229,-93.20171680240338,67.58469691386254,10.424587792976746,119.98066574660018,171.1247998126913,-58.7732714309232,-170.74284495485068,133.4902918895419,2.294457587398205,121.29726211704215,173.82379635539738
-49.11449916860789,56.12042648484737,110.76745915473714,70.07588602711199,56.44746746965378,138.17543875118236,-95.47874334516415,-138.75403512098953,33.695980861602784,-70.53062909475112,89.61096067960186,35.314669816054604,72.35478016007988,248.32657152425804
55.746366290188796,53.62512184643475,-139.6364243961504,39.42362056557034,-45.787253615730194,153.63764735089842,111.03303966061813,20.858940939469438,-31.69122422297746,152.12321415088218,65.63963865586196,50.95037293771401,76.88893968560528,-37.32176145818901
42.41968022188907,237.4711051093183,-76.41482180446309,30.657860162618388,-81.36522368821565,-98.10252791884703,68.99748604842279,-92.69499603301202,30.940035140169613,-15.031151136951529,-8.921021813951176,-130.01838507891284,38.851350979570846,47.5371253721
48.074775862229956,-0.5063294707378588,181.2501472691977,153.9385356532088,70.58616446954615,-8.827914236963146,194.98485563538057,6.192978270036418,-66.30757944859353,89.98273911980988,51.02971564681808,175.10407231117085,-156.58798318962582,-154.60535232056796
5.765701424698869,90.49396991524762,232.8293202858142,-32.90223096693003,-13.099706237294196,-280.81070853778544,150.6119413687216,-36.85765773100348,181.2125159549644,177.45802842028772,-60.685247781230764,-137.44886466207353,-150.5440541580741,-134.19174015933154
-43.015800125966244,136.46084574797973,1.9674315169494816,26.916629131183985,-10.256215909215376,-37.04380674569966,83.82521153371891,30.11551402017034,12.202680944736985,-60.753705223727685,-156.21711446223063,30.777903681573992,21.84854219055926,-101.45863496293386
-64.4042113619226,-207.99375487471704,-41.767145829248534,-162.714004630608,166.80441334588767,23.522024549653565,-5.9925941620763234,113.23627019862217,-19.27347575237583,-58.934966107630615,-63.92497092173384,47.855039241201794,-48.2845007298119,-38.469824709662035
101.72330379383088,22.525072704872485,-155.8093184887245,-19.84263163375197,-125.36716960866478,99.10920745877553,-19.414363340869617,180.42690881756536,-29.876453877281683,-82.43640457803996,71.35010003186021,-9.491736720793293,23.502297798129632,40.800236707884316
190.56688743992237,134.57906745179812,-13.10411902420759,96.42366391176644,147.7485442367815,117.33173103837076,181.83546514741604,-118.19229901957277,-25.820263721766583,-23.752090796940266,-240.2035706760896,103.26499485234105,-67.25800318886019,23.74736204168861
90.52289894549916,99.39740457076019,-96.49617302052748,45.22034866129156,-58.94104604986477,-10.188861455128926,-190.51137360266773,-90.8871132302702,81.84824057192132,133.01991974413852,196.9577115592187,-84.36168547904424,81.90475172364751,0.12882172492610985
96.89076134503497,112.91389710732915,182.1855216301336,34.50524703005679,93.14955152665544,33.48862965837181,-143.9079273437972,-87.2958110703873,8.430562596133857,111.57778406312792,-100.8602393992651,102.58311902681156,-49.74901166988833,-29.52770822012126
-41.65154554298396,-16.27216919764716,-200.40229916400563,23.194664662550164,132.28597888600356,99.06195160332233,-0.9103707681706705,56.75918929374086,210.33170434713006,-45.719085279582735,-17.15663244762675,117.06852408384547,34.70390680672495,27.674546545627592
7.956892652243849,-167.68033676766186,-14.409744769916925,59.78629847704203,-31.7345528669004,138.46194698311248,145.83009222898926,27.255096306591277,215.12431450071497,41.33649454655626,148.40281889293308,-217.158476933785,-233.1166131489726,72.29438551988744
-146.99812694015162,2.699393366835597,86.38153609032516,-186.95390180239076,17.32230015615054,39.75343826566118,-82.25831021904972,11.721018333901306,32.48895278113256,127.67058521608543,-210.63981815138618,-119.78909214592896,-189.6540906636222,-212.01184694996894
28.07678978507156,-110.00550276944891,-34.85867825312583,43.88850661386642,109.53744006815911,24.094660165353506,109.9777029287711,-92.75054003270755,81.574466515812,-67.01720886286944,-129.06128927345864,16.188587325070053,-3.5572021374561116,21.9266011060168
72.96394496121584,-42.27251781262409,-187.89820052378414,47.063562570254255,-154.8734975804538,-6.758789822481188,-130.56107225578288,-227.11917381554034,31.61226917401198,28.68885453261311,60.22451591620174,90.11637806074715,147.67034302317896,-70.80254951362464
-24.600671846371487,117.72300477287065,-33.31376674739056,98.6782348726453,84.64321087406935,-30.707373391892425,54.633330358913014,-21.93642772969896,-89.61829690893207,137.50386134067014,139.09934641016346,24.53408703019876,0.6298365280584015,116.63163295096051
67.30875423833047,-105.06980077404606,1.9781878867605418,102.26797294962311,-76.58559908025534,-162.18570558497666,124.74832173869801,-5.3688736040236495,164.40592731286236,-127.14951436784614,-126.51379408692782,-202.03628962036402,42.929998958365914,24.54680716746702
-136.70056783855713,67.76294464089771,-121.3191845381837,-111.34105647908652,8.233315501971335,61.929069305364905,-6.757247239708633,120.03293540394422,-142.43892333511064,20.462056754544907,-164.75710195058986,-66.64619130156132,-38.33836314586564,14.07501221604059
14.474885758461319,-58.28314168574171,50.40162803929503,-79.23012439169746,-33.1088029759526,149.42122383859163,-19.129248768665867,-48.137345595649116,29.50478893071204,-123.08157275469635,139.95479047713252,42.01080275957531,34.143018958710265,-149.44083564998633
64.17752562539812,44.05425077036306,78.12363597591622,-202.91692097279363,-30.500397371546704,-12.38312875363689,89.78364641275843,86.75381123016359,-94.38242567114204,66.97730619659879,77.0874277944969,-118.98548897285772,29.366117067957315,180.71551818372308
88.60927247363955,-36.446897629522155,17.226694519634275,-65.3596461041482,18.731221550248108,52.93969463685391,356.2848419980504,-65.80492191571747,-125.29363812050467,-199.8882219220728,-257.36592460151405,43.52664479533268,-81.02559061362989,13.051221347435197
-55.25174369488599,41.18196661813934,0.5509783079204071,15.780205568199454,-109.33937302894547,-83.81817349887345,-143.9776006691093,68.67774668543167,-94.083398407957,11.197198350875485,106.24595487581969,-127.72951159415868,42.45299281814514,22.961872971717888
93.32719472959614,-152.1803202451103,-5.324322794530572,-55.039070135568736,57.43986990651002,-193.87540945977062,-211.96161379879808,-55.04286956830746,210.76376131682886,-162.55412139309402,17.701876418890304,56.42819951681359,-68.6331108584925,79.34156457723314
-134.9088180716338,-0.802590586680356,-87.74723728255279,67.22209060378862,16.812870300105214,172.54837914833018,-27.572066465067902,57.149044003109864,-91.32372808643865,-31.358718098533444,50.00451875016429,-203.47733990484667,-23.01964691473977,56.379357595036275
-117.32192480955355,-26.47623531216275,26.769674320651525,-15.867371088316132,76.09869566812986,6.52643051946408,-21.043720593867132,47.42054433799581,90.09035674510878,-233.42662534761405,85.05823673028512,-93.95619859174849,-166.02791660116668,-160.01499380100566
-72.57748028335675,219.32747578377715,-151.3861441838435,-211.84181384182085,176.92512530264088,-44.77293201272909,-66.54937938911142,-114.58374955799044,149.74315588434558,103.67875899241854,99.76492833802783,-90.15963667677104,-11.753718119009218,75.67022361845818
140.83078845410307,94.48524149818583,-83.05710153585204,-123.65907784358585,20.544132365531958,-106.24593000524615,128.0455323761549,13.775560314580568,-35.053661526678084,7.138758826480827,-192.4920434487469,-99.66982730226171,-56.46233916923836,30.03224340384628
-26.88614382726605,80.58525474464747,-3.290198610814546,-62.75610739088676,118.74204602653116,-71.04673056383302,63.4270312693206,-77.54069606373399,-209.77398728197127,117.76129795081103,100.7484004670435,-41.48905012275082,19.74417225898997,-93.86485945716638
-38.018493766275085,63.10699397075261,-47.50533340069695,141.9767243701736,-247.22016009737473,144.9622121127836,-12.585899679951195,77.89595206701591,154.24335901918914,2.03972224904956,131.78425289219214,62.161252770375754,-34.02560717371,81.74943608753041
-160.35185557272777,150.53973820596443,-97.60628443079878,118.77474830961319,-9.528427288205286,-98.91849329767392,18.384928701424226,181.52549593960856,72.82271209434596,-35.53929462203358,-30.075922114837734,-96.42296335183862,101.38005139422346,36.32948483432181
17.295207131401536,187.8113911025571,-112.69655941979515,33.43798756784615,-58.94379480353273,133.7712357389685,-192.05357708412538,32.81995288066025,149.75361114935478,82.15769191830591,115.91397133802685,25.773576577579068,-145.47402804324926,46.386417307621244
-130.21766408030507,35.53885353427515,65.21274789500065,-36.46331354167388,-217.5217865700985,112.42869536426872,-47.98853588206134,-1.0019807595669423,140.16845923317385,-31.970133694335278,120.65367157996833,-56.382163013299156,23.120619463035403,-146.61483614315674
-21.37015442323339,-54.07595462534456,-38.12278621666939,41.27010632320785,32.99353072250958,10.948825110720817,-15.16291552809558,-112.07161624305704,-79.5875894637241,-33.75939674235479,-134.00344600587755,140.43330716483146,-217.17655832461088,-35.29224863567724
63.67528401407694,309.97122494942306,-61.99352459099722,4.0602855110536336,-28.094466626738413,-172.9693225038339,224.45872050034944,-35.13374547633674,-28.712091589115207,-38.927727487254174,36.08595394759779,-132.67692777631342,-17.298287053774082,97.07385561153636
25.249968523275392,56.42646899844858,-147.06939616047615,213.04513054876065,41.09865961993664,-25.12033635857917,39.795968150070735,7.964009402469626,5.809643171989221,5.951689208598614,2.1648909112357186,-77.37850093723549,24.78131760433468,123.40642592246411
31.438570061268774,-11.5616170533628,-31.963804009153623,62.49309972322712,-31.056539658474513,14.980837717837744,72.20893922152462,103.66690310282553,-26.355404269787968,-130.4157606104442,-59.4083188026154,-45.58855513455121,-58.70439567428596,-114.02246786344044
-63.535235357272946,21.88298640901594,-24.87962788000227,77.3811362434152,-106.11963263977553,-138.4926708476089,8.751397018907914,3.246590701886661,-3.841398804798888,33.44249062071775,-75.47328686111011,-64.14373635517677,-113.79503186498359,14.940559612297921
142.8502326359117,43.57566305063674,116.32614872623373,-72.5045056053418,-20.764646625720736,8.95719814599696,-163.43893810459616,32.694699139448204,26.12508764632001,-4.943129136729496,56.817058912059,-140.2440678516998,48.38130444187087,39.746831971887325
129.17533100410967,-5.51764824186441,11.808936140495344,-53.49062207786284,32.06762759603881,209.18033617322013,-25.939263178471535,25.356392139184,-109.91321263005904,104.59849770942068,58.64214853158737,60.38278663822073,-173.85207481230984,63.101186888546
19.736934859429425,-4.490212519627557,-69.67654567959123,-81.32937202917341,-35.38470839011631,-30.228983496945837,105.88135727630569,15.268782951730882,60.44402428494898,40.42925700918723,-16.53697173159333,-23.294965426724655,-31.87383289242553,-77.52227790963062
-187.48937895479597,134.9373055553859,-69.90800556318642,-47.77730981958591,-53.55984990313429,52.83577256046728,54.38578835867196,-82.16713744544009,191.6011354070907,-26.99068061962918,-139.06568716876365,-105.28576667641325,91.24153271191452,155.89618452813286
65.05275279504848,-157.65835330124307,8.243883533666512,-188.5551501828301,71.86522709060424,42.016023924474,53.65875407194503,-169.0927333778082,-240.7294030412003,47.389193835781136,-24.049896162616903,-86.06843882053514,-71.55862601415546,-114.45186953270479
171.6782799672425,31.230769410095295,20.10667409228767,-95.63004093028076,55.0287514835645,71.20931638081586,133.46663013222442,-45.78694237713818,-89.73143440766563,-49.10497813515759,-24.497919892357356,109.26617985664397,76.42110580561314,31.274609086629745
42.971629805973286,-11.207289735696428,-157.16947533400003,118.20144373645924,30.3456753782344,90.08003855397067,-19.994071596143662,42.151479159246,-2.4029929653353492,11.668790921228988,47.268827956142985,-69.69299821951486,-23.563657746465754,-38.759459986845215
183.8890206511513,14.844823989379682,-54.05939535037475,-176.9662744592628,-35.432657359804274,-148.60564208161412,27.170167397642842,233.31004729070227,81.07073339617668,100.87728500312092,-76.26044902665893,79.5798899157813,-6.688817854320339,101.54245414259869
-73.8277571553833,141.06586721925595,93.97623369679167,21.714557201036055,206.7795593911873,118.67946525123631,56.6957500174808,149.7029515248865,-18.19534118910859,-10.294378423806007,98.55600379300228,-93.3472698640475,-88.8020747004346,166.052840349777
-204.37880770253503,8.653211335670763,-30.34919099551876,-83.40217388428613,32.34029593025955,-1.9405407881640493,11.693424470122666,114.69722131082666,239.73078424695902,-58.227878259284,-48.957652076148136,-77.9332387592031,-58.388779829380574,46.82005624879955
-108.75540269220205,27.40101341106291,-56.19296602459948,130.99499578557135,7.545785300914476,89.63162048301318,56.103898342554956,22.715043608513692,41.070394469055664,-63.92717109275806,114.17131031366603,-37.22264244417281,77.93638883511882,-67.12320060142424
-137.09775276275587,-23.651699164689298,51.18163100964905,-7.79838099980788,-19.19108240085878,-184.573773589389,99.45879845843797,55.09026609976749,40.952905673531816,-24.165181049981,-2.8953503023012654,-9.06976684579285,-1.2495547860294416,-8.94193055866989
-58.60648306857891,-25.762260186571606,-69.4384346587417,11.254081392135738,15.745346116223564,-46.55543268174318,-27.363519348073158,-101.56438725317068,-88.0427309057421,-51.624297470993675,176.69015264772625,79.68865989895217,11.900155063878442,-17.863266971893168
-73.58443785659993,23.678102146305,-136.8846333194592,77.69279024808873,10.797490426797314,-109.23715679798303,54.37200087993176,-11.405134329150567,-130.43455425764395,-8.303237984605545,-215.96524155894804,117.29867418052413,70.47080188823602,44.192218162854275
50.78514978605276,56.32479418978713,42.954399053967904,-16.307525994484724,-94.38772080830043,-105.81409076749142,-90.00711328697474,157.8926655234924,75.07734928076297,-45.55269701092244,151.14177571429366,-91.70093511995397,130.13333498935933,148.31415351177685
-31.685163936161704,101.5821534321953,-46.53064540227362,43.45668327538868,32.42943910123884,159.0406850373211,-97.66936418567674,31.968615455594176,147.9256581789212,-72.15567223394699,-49.55272584014436,-138.59614779771488,-60.98793396304395,68.6430235711928
-134.3844605316024,-223.86341171968786,15.76105895963138,13.572929771604686,9.163157124498035,-24.17428461779726,-27.331828737377243,22.732423406770906,8.774797450561769,97.89983832825388,-117.3654257832199,42.198921368542834,-7.369180940632111,-241.83857785839882
-167.5435809854022,-23.045992875963293,-126.846635998084,40.304967964457155,134.89008899076742,-125.69574357357894,-21.43729215780997,-30.783435980082157,24.299556447769742,-30.532765629650992,280.2626246796788,-62.42002242573529,-169.0701314849075,-24.74293727139047
155.88033712817818,-128.72781010336843,-28.287556131581624,-20.89332758804163,-1.3309696193130283,-184.26256619916518,107.02252473184859,157.837157682777,-81.8238633317771,38.670386644421484,8.898285398107067,123.4676038413264,-66.04180243524095,12.511309567264531
-103.32515778916529,-133.95509757396286,-108.27497886717539,-9.090749637968809,176.72515307132815,-32.24302244441263,8.728463048820783,-245.81276230753053,25.714532244459086,0.9770374696755142,-100.76132832795078,150.64685497964254,-117.51095460894582,230.1188460349736
78.275759876236,-48.82024450227301,35.74824435533602,-61.8805411750184,91.33989208765757,-52.04476620563292,-89.2307790724359,29.83720867977376,29.183287767789285,-60.96438733101118,-3.793825635776131,43.32087787011747,-120.64147640151177,-36.77855938283731
-118.73497304325427,14.0101526527098,-52.45026064969059,-7.935196633247409,40.76171934249617,-62.83534995678727,-104.47802532411197,-123.43402724352947,62.45289711248307,189.34818505203236,50.835641353263775,100.82520936809208,51.8166778937889,-141.08370274367724
75.0716512813193,-44.07411293109902,-56.053883517107884,47.87289520894509,-165.96444943465164,-27.5629585527642,55.3943605203474,-85.30092103735471,-26.713027357788295,85.2568036169144,-99.18748550363429,154.7193458309144,-84.36726810678842,-136.82951406647942
40.68229273631531,-91.21917855247126,-80.27241783471933,-131.80334917211175,132.27993785550797,48.15987671338476,-15.82959293598796,66.29899568327419,148.45564943269247,59.03652110675911,-12.532932547741819,220.81918829421872,94.56415979143591,3.8205068868364367
69.04559076069638,152.91546207251002,26.524607542170784,74.18276670265361,-34.12659651449745,89.30721432800328,-21.90590115527913,-142.4698729123787,33.861356754377965,83.50354818447292,38.33636126511505,70.76077481849782,18.856708384215086,42.51008888073598
-71.11330584095923,-24.385616627852933,-46.38141695099793,-65.03626023436063,-44.6789735030726,5.941245710278339,84.4407547346772,7.497679598002874,63.01420204309911,-129.6077439243325,-92.89388102176366,152.42171526119694,24.075950389341543,-49.19992454102471
-111.13636760324516,72.98350488920052,105.63348635922665,-148.1511867150788,53.468165639941525,-17.836707496021063,-206.76518895326623,-31.840975766694434,-38.62470553717981,219.57233508990396,149.00134807868503,-23.506777630461972,51.699898945058344,-59.65235814687131
53.1075441469682,96.05320586484213,-122.21603109399497,212.55444830461957,-117.32834952828601,15.517628350681473,118.41183773384898,72.63858032995914,146.17347662299383,167.19278199373426,70.0086393269564,58.68188473364294,-19.56754201616792,-24.172506697138306
134.2858461246554,84.7811933934809,147.07591706956464,26.08229808799542,78.62107479048312,206.91779550493501,-15.827255010915254,99.9121019230532,-6.524448781352869,-112.93485347116471,-172.56369507420158,-39.511398139095604,-206.92563516027818,-55.33751691467068
-46.964857706899465,22.59075079652755,-102.30221123409827,79.41172734338603,-72.20617705948757,214.9591985703088,-51.24781512688338,-75.43743677419606,32.26312339053519,81.03827658351264,-43.525117296572006,73.23088274352791,63.98944212786842,3.2189834901858387
-48.22661021152802,-124.32260406185065,75.90595495715668,-13.314831407776358,29.12735387383339,-197.39125049297618,34.60566360177265,-111.23558536252634,-96.21425409018939,39.98847876432933,-58.082520846346775,51.95092143288499,-135.58760284234788,101.35229945830724
61.44760854990249,-17.613611603304932,54.34964076578249,206.13376754004062,14.626717383076999,5.647279371772936,31.917147346105047,119.45147597536076,-10.539487554047236,52.82117580602355,56.800579459131875,35.24390693704064,99.67241535425842,115.95658835361544
62.619830273684116,146.63738170088038,22.69499088882708,-28.07503490673345,-147.57418360773733,71.96532919232057,134.5908885742252,155.8981526258118,-59.09070539440765,86.47251648321581,-50.195897925244914,34.28764390907798,166.4097129995818,104.35124262169337
-264.96992993785136,65.01530980295594,-23.534210857175776,21.372800768027524,-16.47921875095773,-88.59463360554982,-77.32414608419195,-39.49088573640174,46.03761483462008,24.64484420633088,18.093188195075317,-31.86867694679008,-215.15986539721607,-76.00059375400849
63.7534674783256,80.10081226040448,-50.83534130655172,-68.87776610085733,96.7526856929643,-127.66859313829303,-6.564251837379588,-111.00363034491414,-56.25384593624928,39.70356227153523,121.71312814134892,-155.61814323851283,-26.084463691825,-193.6107382276842
128.53264314866126,53.231376466642466,-102.88828515104132,179.7533605014771,-83.48380593346843,-223.49420096437993,100.21926115380965,-121.7536075016347,-112.27589568636351,16.28591502640811,67.02719591941423,-42.15786260689162,40.7351625168469,58.559134251383995
101.46570810873936,253.26748594201754,-32.08155039138503,83.7583414188034,-169.8941839631754,-81.75600807217917,67.47498348631834,-67.29516449814425,-188.82464676212956,-5.633603184325535,-105.74345575488675,-55.057700064408685,-105.03837132454296,-83.77513792180804
256.57161082847017,142.14761014108498,32.69771850931432,62.006704623630704,39.6965413158718,-16.630209915908928,-64.13821598465243,216.35323572044788,130.99162727249407,-45.64960527312628,-23.33475683363881,15.781735047133566,137.05143174367123,128.68677986882938
207.27070659219743,-23.036516612168437,227.69043694299663,225.11892284316707,-51.06354484485166,38.444589961481206,60.273119164816876,-45.230041795304835,-31.854991312674276,-111.61890822737013,-119.49596565284386,113.42167481930441,-144.2968190604432,210.01018772495595
50.58084060451139,77.93485499507239,-142.47966279996905,-61.7006928228638,39.156424485668914,-34.79678245568546,-90.4068031529492,-153.5416091030924,18.460860542781507,-121.71345023906974,-79.6583992976777,34.039577038030664,-226.96176322547728,-93.92307269535337
-28.958720771087552,65.37428146593996,234.18394455637647,65.05193413113818,135.3700896840522,-71.52051890357849,119.10688935670393,-37.97573843931748,9.233372715941904,31.067228849794486,205.2280246084721,-134.5595082312185,42.46064760483176,-9.908428361476963
-106.69386996684086,111.34722212947179,-23.259885942892648,-47.1322818364752,-88.78425197354169,-82.82209250326702,156.3335314652206,-66.7452399450136,-9.423117648875023,28.64400748262509,7.833844422047255,-108.04026624802982,-96.85045200748549,-58.993904282656054
180.00752401548073,72.79563125463608,-168.46826566529933,6.148481927879333,-151.35176438197274,67.23818164941598,-118.76354755523406,37.44998226824852,-104.02824932775991,-28.7152535949066,4.559375316585608,85.49404774023168,-34.30478776686526,58.9858123016598
-157.1126169894064,76.44320223748437,49.334658287647805,22.145612368443388,166.4351141436124,82.43323269149863,24.007062910560098,51.61756330059604,-105.94360096025237,-140.09601625749235,-98.96689634145447,-93.649578420251,-140.59831055507627,96.55432245798309
24.28456454114389,-13.355967480005859,-106.2580397758631,59.740768220385775,-127.92638045491485,70.84258148726296,-180.45430506869516,-71.01491964816586,-18.917446437026616,-84.32567049185724,45.868302723660975,109.41352604753223,-111.94219255218583,8.807341546122238
28.794016180252985,-39.707241707147105,-65.29389006518312,10.930803873746823,85.3410545887288,50.12508189596806,12.425405065988464,47.69430838709376,29.43136197605087,92.16172653081598,-55.52743055843587,145.89860216990579,-100.67741458113626,-9.375626751224889
-14.395763437459912,-107.85950111260657,128.73859654428173,-90.33328580978545,-18.910822700396363,-107.10780265001334,-20.12864643261526,159.63473607368414,177.78403041816466,20.3321504752332,40.59655785768259,-58.534340926691065,21.380557953272003,-35.038915928763664
-29.107571477255732,457.41751846203226,32.75933297360299,44.39221919796826,-189.8932503369873,202.41629012113705,88.10517620708073,-123.89219987760629,97.9185263693156,-13.016852115312002,-24.155444255811574,119.7238363100263,-30.814057847985822,70.0212710062242
-52.77444749239948,-68.95725797149659,90.30067970627329,19.322283612697046,-16.187787830273255,-59.385107866209644,76.83218471338733,15.92648691683518,-95.8038684721575,151.31813406187268,34.10735862504055,99.15409911453472,38.179383927908844,242.1618603673072
140.736808748501,-47.726930264093355,10.997872096053978,23.066998508145563,-82.58020817209277,45.22666018297939,159.62158596037523,47.304728734662206,-83.65325268651497,-163.78259411936688,-39.368535188247414,-7.367931608229212,43.01594971163169,5.636006823521189
72.65347091468928,20.462953589911336,-125.73525162665864,130.8361394173724,160.14928834741264,-32.78678997233344,19.750823154192382,-202.64274148300697,-78.57129725072718,46.14332205979134,-150.88692084754263,40.405575531170854,0.6525392922092904,-129.2213205364841
-65.03138285296616,8.298409453783606,-45.91591605282253,-304.99246293151214,18.574694608885434,-171.63700312997818,-88.01583487230549,52.54363039073372,155.6648748820288,-32.28020115285314,-2.147846578209682,62.18836706323451,31.10817423953526,165.50608993763345
77.4481685976707,7.71934198080759,-109.88028591241464,-5.003287484199456,26.74774509492294,110.72672577413857,67.43364851974343,-42.280484819464796,120.09046856907342,-178.3383183219781,154.4936545059364,-51.717875985925446,130.05601306180765,59.95148838767177
143.83238842640563,-78.23600129837817,-242.5678419559476,45.23345341827466,5.501541109846031,45.061255040619194,-50.02043749861205,62.88063181768013,-156.00231579341343,-144.1260259272839,90.03518569561983,-88.2474923274361,3.299870832905738,-28.875796195830883
-23.4014017713296,-14.138662984765581,-33.12252637261374,-118.50613555738867,-38.94615589047894,3.831015237257593,10.962445799338967,-89.56682574240176,-245.1304761446941,-31.181554293915227,-94.56854085303277,39.910247422420696,-131.51470220205888,65.89871220737203
88.3471342949753,-43.18113485997615,-10.65522855302206,-49.0842744397476,-164.785339611432,0.8245921646066712,-102.64266214316102,-50.457156789603175,-112.43570624200012,133.71863612946308,207.5848861239555,141.1021998440768,-89.1481814919548,-44.32548002064199
-1.7667270504298633,-17.444290769763345,-152.06309387524368,-169.28778028628264,-31.884085642086706,-54.46546542035777,22.345528259490017,13.231860022340195,45.53754516705191,-21.460248107643014,116.86194306102222,113.79910088882544,43.37702239073932,34.940049472412156
139.42857327706227,70.81509596150337,87.47808780984208,-78.0064328683277,26.375215144055215,-75.01732734859314,94.56297520061695,-63.64380016644687,-36.641997379543234,47.81610204657594,-94.89310271112956,-57.03652062461039,-141.41177311746353,-26.360956100733652
91.62230331422398,-65.11579417899506,-123.82514936638252,54.21154941278302,-89.10628007443303,36.67855258437939,72.03051083708921,-42.32286494589114,40.6706873790356,43.82822039050539,132.64155073930587,-26.89808583601478,-6.081665340446698,112.92594483160032
-54.13839214625939,-96.99108584269315,-258.3034480832389,43.3107120283531,-35.53340446090578,-89.77190214680853,-81.88497976787346,61.69314591867432,93.1738565399584,64.80651241455521,-129.39980369027222,24.167670656224335,-21.381896345392335,217.22972817058252
33.58386038261042,-79.07738892259529,56.999925633495174,42.56582915826995,129.73775252435297,-59.808340716161624,-6.04479815045353,-2.0469257486193984,16.999024212890607,-78.32352434065322,-95.29113948054545,126.26656860489886,-7.87690136782915,59.258033834850885
14.538199159685593,-44.60639739163677,74.6140802148404,-7.097187758384149,-114.32578934304347,111.09102448111878,103.3522847181906,114.43562031448789,43.01892674426019,-50.502672018949234,135.98809772806644,12.367399283668007,-42.71716038951605,104.39322540090174
6.869893876265463,-24.84786074074173,-117.73088699203578,317.43325405245696,102.52290428977773,-102.37386386543217,54.60235037848873,-58.1565761205986,-93.45696685032398,-17.363534683352107,21.71490345459567,16.856983809632094,-0.35325294223503595,-84.30511904627373
-29.112635996697822,-3.674581695526128,-91.36479534236172,179.0937350593311,-15.148073109453936,-137.66250208557202,174.67693555425814,-115.49589330419086,139.10575428138293,-16.269554769658306,-41.470948017023275,2.2393272526282986,-144.01454596420743,-42.29961120533344
36.27135992367057,1.4195481367988432,-59.20283614184842,207.5422973302378,24.915439642235395,-35.801398483052736,-87.77533101709243,65.23507618589815,-57.516529956981366,83.88475457962299,-55.077409133061,-18.986733726792888,-19.52973043586479,92.79293866486252
-57.06093403686935,-160.6292618266133,-191.41237173956642,57.42110761427429,-51.92568853696463,-122.28193175656187,33.81328663963384,-17.253337221931673,-16.780192912595183,38.134815361131636,-68.09383519707121,-12.936750975320344,-153.59824796460933,127.58944579144227
25.63088216289056,93.29832650791451,-80.85211053615036,50.745850951249224,-10.188447038731798,1.386555336080977,52.102909034949484,-30.016450674434914,-41.103142867371346,-24.794479180149647,-138.77620813006436,-20.201930287676603,47.61366151284837,-27.713872845741932
-101.27307866486134,208.89186835623627,80.15379008267855,-280.39904783623206,-87.31962692769271,3.9615226229827765,-52.68062356039138,12.042498258689099,-118.72732900614037,11.790269457904083,-57.11901284082821,122.49407487964106,-250.55944360304738,-114.42311491033486
55.466831178263234,242.76275842124053,-28.072327307748722,6.553836699795566,16.02791539152985,-86.74965176449504,42.09952522485832,113.90303035653278,-194.88892293017344,-119.12953762041676,47.20417056015778,-30.84989069083168,-26.748353128557927,-109.21446184563092
32.37706782231672,-8.800603748174392,-132.46238317384714,-1.3286299016327388,-44.41084484944288,2.3761782276461205,164.8593448225898,-14.93958833971369,119.17916953254515,29.94394137484261,-149.88716118638033,46.83754217692396,75.16738928048031,0.5083513160171301
143.57391831371632,-33.7823140483503,51.019537681201086,46.361054313439766,-178.05150612420252,87.37448072480527,-108.47092533223237,-50.12192210696834,80.19760526303472,-10.279084579896383,208.97678713255138,-18.020603194357935,140.25843818427938,-53.88178869846393
137.47887109709683,-130.8544273592011,24.686663946583984,-90.62252414458847,-62.884701421936484,-175.89375207255748,-63.81341801936643,43.2286798130164,154.19285890565814,110.4516744120253,-218.56503004900546,130.9143372108337,-60.353981441148605,-2.573574960745636
269.94933181037754,-127.95655513889457,15.058680878746209,186.9791445580609,-28.413719447728614,-213.93004856672877,-58.56199101740732,-61.56759327324225,24.668738761434543,88.8792016164999,12.940971150680259,-84.96714163105236,182.54688741436183,0.393304783979925
45.029161544500575,-19.84906593479976,47.48475964308373,-46.54822558299786,-74.48155878389437,182.31198228639997,51.44757329656519,130.7031073855903,-90.42451785147948,173.59699711381634,77.9594325018094,98.01610394202508,-67.22791538401313,63.94747215548762
-39.16761476305436,59.24358250742081,225.79163526158052,191.7777888962895,-73.00282410208446,21.98593623622671,-42.860026292036366,109.04354275782984,60.4353188461346,-11.019332918081117,-52.915371422606206,215.40349984285388,-21.6758635704956,-108.87421366611214
182.0887920078134,-300.2229163031567,14.770609220837663,-109.63999837196634,1.7883871286329382,-71.337618969411,-91.61704224340293,-39.785889283994955,11.200657612918087,262.31401428978216,-31.46980897415681,-14.563479039991755,-20.473680291200306,169.2582202131262
25.12645895826121,88.38343253578913,39.255974902779236,-46.918842310269355,-39.31747196045215,-70.05425299020544,-11.573091719787518,58.62038200643851,-12.702359212317651,51.4144831724947,-0.06091343254099283,-32.06748179942207,-165.5627138563904,28.950114404783257
-21.624536285452415,92.51283932475751,-176.3203011764345,-100.06048279740669,-63.8242993686875,120.67474214142283,125.31049634663638,-97.29463020037488,134.72392821595142,35.20908903991112,142.86986681497189,-223.08769609796516,286.23002316608824,-2.9311774618262216
10.033188819218266,82.63215321661613,-8.158440347547792,214.95678877994428,2.4942983439513133,-33.52909461475015,43.826341382906584,97.05281743311599,76.65969390844619,9.654016878967479,6.786739085462109,109.7193750410785,108.20788500639583,119.54806715519355
-193.45749650016987,22.304278254608118,17.885778963362068,-122.4556940832211,15.851217882443331,-2.688885080203773,75.2510238331309,108.64444733642202,-54.693005841341325,78.43558771883714,84.27526912157064,-10.98651912428124,69.34580684268984,54.31471860597454
161.38825245091687,-125.55368993315965,-3.3187865457640036,-239.70978929045944,-138.56017707493385,-113.81420495144002,-50.09245572769332,-48.72655876274355,-61.12983181139272,36.134614088055216,55.47570848815071,37.01126901584524,-42.951251048702304,-146.46301710921733
170.71407405957746,25.572838917816615,78.67254265967483,101.6701408287564,-98.9142969913854,117.06570300496703,60.45620920016304,118.74571137884502,9.805792528574226,27.493646628460056,-73.07332876835703,-24.22727457486301,35.664579156890355,-79.67454558577069
43.58885743091945,152.2816237617676,-49.349132974960774,158.21734381480485,202.2777539202587,-49.466562496106825,-31.921035412024025,-0.10812311373196752,-106.80444562423384,-9.64967984013362,57.38954386794239,104.84140702932869,37.23952407130056,23.27867209678333
-67.91045480914623,-79.04366723897965,57.73454391592361,-234.9495236196625,-27.255754567671946,114.17499008742784,33.78739541461565,168.13069294534557,-20.57180965907722,96.63713795228898,-25.769006010954463,-70.37805827834353,-30.039120338975934,2.9972901133052097
-106.47347177937007,10.637461258705136,-149.49703410526934,-99.0847433336531,-127.51948934484396,150.10448094211583,-42.714905272938445,92.78942324480877,102.40503395177683,-118.4774782116377,-121.84616901658814,12.906234251064847,-41.73721187151698,66.54903572104904
38.729270777703405,98.42595484488056,16.090278600708512,78.16183371040968,42.626768974664046,-3.180986342902585,-0.9015679791713604,198.46829576454525,-99.80962389209671,-14.304499242894458,30.25523457075125,13.287362647311443,43.44026043822097,37.90628114569976
-61.979853593926435,238.35902262720472,-11.557168424024205,72.06062699871053,-10.82119894181181,10.792041536564891,-162.96577742136566,-138.63140816119696,85.17657048196034,-51.50231799827093,-31.085079678367606,62.655302726399185,-11.66818351038654,43.194554535704704
-286.16247956006174,-70.23960444918822,-153.80923426512985,9.980943094877997,-4.395869626226024,174.05065581028043,69.94952239227848,60.65088034565201,32.50684551952922,79.07828660919094,-10.118493731420129,245.87735561847404,131.77894012965342,-92.64656039170109
62.42401063459084,-18.67101854944745,4.65323778802158,-61.100607515136694,103.26554384153846,-56.60122931388045,30.62631099339456,18.508974689207346,-84.12048679652685,-121.55949547812237,-84.13006304531504,74.40353375468564,115.18653807852277,35.98527296187873
58.021729184096884,34.81945762316869,65.90847434015775,37.308125455221166,-32.93520380934997,-9.053592798757073,80.46190628323195,-99.75687770509808,49.92863348220507,-199.8564899256709,-19.48756463515983,74.54187535672054,-78.93840374242419,-10.89237640294361
-173.17369270369,-76.52033991207932,7.7394906793813,51.81122217636075,-241.0722820451301,-1.7163762548117987,38.64133823142547,3.001757941458385,-119.24325958708538,-119.52136428861718,-103.56171340696987,-66.35247408391365,90.45526727017437,155.7132055615035
133.82238116007704,-78.97871028484641,-13.673206264096407,-55.04960020859879,-140.44123049792836,-246.01488884846384,3.0493443003840457,-61.85967936128499,52.645996638237044,21.299565629466713,4.678912642983592,120.40559634903386,-43.54630896968005,-113.1951686520476
248.5303218159648,154.02111138743842,-24.790526727135852,57.79389920294441,59.8572263801603,-68.93464880852251,-18.724270897508237,50.72861600445473,-40.03873914154091,62.367319371078736,46.549300529235346,-58.32387790148603,22.159080867207823,93.57686705426988
56.12064872668078,54.07949869372055,-8.485582171380136,-39.39857577836225,-46.33130933068152,32.6073758569899,76.39365200551491,63.375159530786576,3.5993268797916955,-59.87241837669701,72.42591612067604,-89.62232238329997,14.489325340762745,24.825336477288147
117.89520165566665,21.135792982366613,21.248924187388646,-90.13359708737674,73.52741903281223,7.909418127148507,-1.0881580289067025,59.1540201271786,-71.28055014453096,-35.9026077007178,-23.054131974569238,-114.25609354457553,160.50280125658233,8.094611445679606
-98.07635479065644,51.33885002327493,-110.20474705298639,143.1097857979503,175.6862140538486,111.01976725681588,-1.186555048518209,-68.09461916383209,-206.5697359200595,-114.56025715314317,143.91689196807945,20.517357843108833,50.09092034199971,-165.01983324805914
94.14094608840968,34.345010353723346,-63.936428191473546,92.97298831767111,-2.3923728261400723,73.0755367069708,-187.55858655500296,-80.05231332319373,-240.20294480620356,141.702857791905,-131.8505699566071,-36.995971898945015,110.18825066508322,-19.050790289048518
-60.25974663984104,-13.54919836324667,-35.34650064790415,-46.88195914727449,185.33551907219822,-150.6306353888936,-89.25741214792107,-51.369848159201794,81.25026070603147,-148.02556029864618,52.33580352234143,36.437618312277095,5.053222487262095,42.81803002994306
40.308197697233666,54.198472113779495,-193.76292810745574,8.598672381173976,86.59189903732742,49.14521830126252,2.31236125192705,31.253517762651455,68.17127514866813,-63.58388752405757,-105.06563144774448,-14.149636000936711,47.6093626748343,-56.52243586772019
86.40895649137165,75.5377823637536,-150.52340265008365,182.57002326082775,90.80221035254456,-187.56499377356613,-62.078257941182834,143.0610658319167,153.32908742154595,36.5696529412986,66.6647572347469,-66.6680463296522,-198.9091555161532,-47.61490178894331
114.08690392309511,68.44104936074538,-56.57491690477736,-196.79308175122083,-27.034773994971236,62.44906216096043,149.9977844644618,249.88389295906032,34.31444097443188,-162.87664569424464,-69.68154532575551,-131.93263028700193,-29.55844210793638,142.81053377537123
6.2232722034942585,-113.28755373286137,26.334863117072583,-99.8468902974679,67.78267803646332,3.3374948346178503,-73.96543554975128,59.31463826975738,-59.598114251061155,221.13968990237436,-166.79961394863133,-111.38296259208174,-12.873832038465771,-65.33277871052319
25.684653495410398,-60.903445141422516,90.95180121358783,-146.73623017647367,-77.56000359652403,-29.103016592246288,36.37979009403645,93.94696907867429,84.54209142994549,195.69839148115577,25.42401414344716,-33.22230262346996,115.33815978043253,23.599642164884127
-82.65351479638954,84.43551528791295,24.034482106148573,157.85266026249678,32.561464041648115,148.18957505022846,-66.2857931802258,-116.20073745334875,-134.14132162141803,46.84586013247844,-191.09436501486138,-97.66856432444486,-16.24711688963971,-67.14376763217376
30.393178431546737,-109.87412933265033,6.497394207943949,-29.517749928407333,-43.23038244383357,-185.23507050004767,100.37165710317521,-127.36575624145065,-28.2021313329518,25.311956220810426,106.74631669028716,-61.101593295319354,156.17554377960016,51.85989168003052
42.128025653397906,119.18799429628983,-38.80287258507637,53.60407582611898,93.0368962086534,44.22462366227981,64.71076431888908,49.76803158743182,-61.532462026719,249.44238056318494,-92.84633592025048,20.652753841544108,-90.23504508550761,192.36942421411288
137.79087053183153,174.6178466457827,131.34511388994076,67.87468757786009,-70.07706573223396,-81.35153533691567,184.12406564492662,-161.7062299257937,59.71610078195043,83.2886795756834,-38.91772667053494,-54.29523926462212,-120.605191514848,-167.60527332580367
49.097001694796525,-41.55255790910446,96.55367207056396,63.201153502719635,-61.47577975932087,21.49373610437024,21.72015920898314,-35.93376490396225,7.668825795488924,-88.91118582307432,-95.17614156729633,-57.1768580221952,-164.37632065839674,-33.46438001540114
76.0198074430929,-50.964537469044146,-97.82701054931394,-52.53808666917323,-49.71195301799831,-8.803024073735118,-18.13608137176506,-54.228598331330566,111.7572904103523,-93.53337243650364,43.665482519627105,79.8308556718053,68.795685930621,-56.184792460307364
8.135731563402388,-168.80403163447153,28.411360211661602,-19.26972018534856,166.72282430947564,107.21527498276937,-101.53824144296819,163.09481477304905,78.6478011446345,-176.13966727023453,-182.56221407873124,96.46792466544339,-23.049120589766687,61.25105946045106
-201.9592318711446,9.501827115041927,-3.4959474816383556,-92.92651127817174,92.54938424633534,-98.1494619308053,144.30581214851514,-51.8336154078241,-153.9722743238294,-46.57286751895949,-60.848232444615306,-73.06395809584497,4.667921893613954,-68.93501314443387
45.69380887982383,31.413932114937854,80.04657981546454,122.96527123480601,109.26088817059807,148.38946415124147,52.712772908092795,171.8976236788614,16.068938077922592,179.58689013287156,63.192188535462016,-103.03401358967419,5.091822565921757,73.53590788620733
-24.600427007799873,70.38155862285228,152.01053740581727,5.172225383238452,-218.01841373019832,125.7877390662697,12.907929541019145,120.97977414768128,231.3072869351689,100.61661764421162,32.959457846678305,26.850219273330616,56.76153424242658,17.097724715526226
75.39011978298971,27.405828986443858,330.8265376658861,-23.90831006790675,-53.88705340525601,-50.5893163912075,-170.09988378740465,-128.59572884731944,-3.597730806033337,-43.14743412038355,237.86247583072284,-7.2763164669050635,84.84030437093804,42.473019846589224
-74.64967331494563,-46.298710328847775,35.29239901872612,-77.64335429107416,-24.586414072939675,-10.544982293772092,-167.04771150028,-35.55873359262932,-107.4243694448588,0.9262564665157147,40.60520918996304,-83.87523584526855,-82.59672521690213,-71.83442784968598
-134.6248754993789,145.55713793726326,137.5397145136814,-0.2817367901625849,-31.193574969567546,47.074444133384674,-42.9286639501137,106.54104063015566,-52.48801203511256,88.83361905699665,-130.0029955248557,46.832002849404816,51.69760159695319,37.44579131074062
-132.62566152426726,73.91679260786404,29.07895135747965,29.22852301034517,-114.552564859202,-22.579842628215104,-25.584601590378004,-16.319740446629826,-115.68205377566765,-88.07882254113686,50.44679864985335,92.33794729206348,143.66175616755243,-125.73030120212127
17.417320956223733,162.97970754961025,105.6235277667756,-91.67927133527336,87.46159572627073,247.9803254598743,-97.44270776578703,30.88277076566653,-215.33964210401516,-72.34566771920322,35.04695223584229,167.67327675808724,-86.30419723329719,-60.036005560348535
-168.5358769276349,-32.96760929051782,12.203316615494925,-62.61831607058377,-67.99071107878069,52.161698156983704,-135.8047705367612,-138.82133145856437,79.74187521008167,58.842143578456806,-41.94806138476333,31.228617930343116,22.11461753709017,75.35998810397004
159.1333894027526,59.53456601849204,53.405315996175254,24.90171567625319,35.90920724804357,-15.92253686632385,-151.64739370821107,-87.26580971906748,-90.20594241043345,-37.16240066874617,-70.13158665186536,-283.23448435937865,-149.86516678403098,-77.18316717685497
-70.76396529207872,4.020940726230241,48.50168091771456,-38.39985341079918,-112.14378675590517,58.15420639038405,84.72203955502539,-1.0413185095885265,88.01682208309943,121.59094292861342,-15.37545042942825,-6.867960042083259,248.7271830660203,-247.11843513785715
55.82837363193496,-111.14705278364202,-40.248738138121865,32.85962275485471,134.26970023678882,-36.99656696309929,114.72047806793326,-254.65026885039285,-74.446381142389,-65.58093180407015,14.380884560121284,-145.4392250375409,105.70040978487086,-138.90735752298838
-108.40248984725484,180.83116913588086,-64.74919342086109,23.37638981528253,-55.20885034944665,12.905242659512387,-2.1672350513120904,-46.7039256764012,-142.01585471303446,-59.974615738265356,-22.372415320372856,-1.490406570664295,121.70916592919738,70.44528437343207
-87.0554453093875,-132.69596610645883,-107.57254624270249,74.21068134339669,-1.5420584287058094,35.196362360539084,79.74133510198705,7.517157876236083,-144.5953068952916,-45.85240723698654,-6.031503276219848,-26.792593197310776,103.54752161381435,51.54137974490419
17.82985377640639,-6.762869267272234,-125.74056680690593,11.502114903549643,153.93208160229094,28.37870366000511,-77.34282303182071,103.56455916771003,-47.56203448923519,-144.00618207771225,212.58111865025717,127.62947785475353,-10.254740250173391,101.37213050622593
-0.5493194421238317,-9.656635233418333,118.19372254560743,246.21866443687432,-73.79305726833373,177.99645967424124,-108.08612069259328,-144.862150503527,3.277885132592014,33.265035612612536,-239.06576960635272,-54.59552808205633,36.423179722451074,79.45922070492956
-7.921266205116739,32.547504446473056,190.13920044250855,121.68061045523054,136.64304627854966,223.85485563768546,86.82279033268566,42.168442832612236,21.704384409425387,-72.3519651292524,35.14246643748161,-4.535157257686158,128.27983623512435,-101.82333553500247
-95.36934732470864,66.0277033182519,114.45436018749085,22.770562543047983,109.12037361570374,-84.65331823582882,242.75764206800216,47.9855856335357,-199.33355282638442,150.21925199769882,-79.64459611194307,-8.868612550467345,-26.77707143291967,-216.49031510474913
78.12959696360768,77.31442843890022,-43.90280615292927,-128.46797903221298,-142.2407149270054,73.72481919176704,116.90339757628765,-157.8995710887475,-127.84699910391237,99.02387721395876,105.48419620579239,48.41315827085767,110.4454287429192,121.12602438740514
-156.65411586517934,-148.44328472156155,87.12618539075427,158.14113034605535,72.71667077240511,-124.45260090783974,24.969276580050252,-71.57573462249655,40.533861976380685,-51.45587306951038,-25.12475995965077,88.98461420686814,28.193427751494305,-156.01952284708352
-26.888202509439786,-64.58729832084026,-1.5008935539624675,26.528416872475802,-60.03486780848194,-124.62654247789557,-101.49967069971724,56.409318924901264,-73.38021926282256,-3.0298515493349223,-116.32157202725702,32.47303730361234,32.344042633280495,143.90103382069847
66.45977857334857,5.323130661568224,-93.85046996658568,119.8898025952263,-185.0887679631009,22.246792968270242,-38.38292399431019,-151.1934157868279,-197.1238007500589,98.32788602845106,233.60456589893454,-150.19709385909388,24.740734568908184,-54.7116162036363
-51.645737703320684,68.17957526479293,-96.9939981679614,-41.45753601432421,67.86719017844753,-198.85065161077068,-53.74137038717882,145.13586177177578,62.01449069775977,-114.33705916648664,-26.554729192220393,-66.06020109528382,108.64461427847736,-22.54218939472192
179.5068307608466,-32.42547442351892,-52.84955290317887,-182.00612825150267,48.0152376762404,-15.910127947657827,42.1806200242622,-127.35884736336808,-25.221882944628632,97.5545936146556,-35.03847149030035,-111.78310644057137,-97.08348383620951,110.55397055008598
16.16541454625424,-43.68857364133677,-152.67334880282692,-106.74408694104574,-60.045060120190406,95.60511672755767,-39.06935392405121,215.4324844515438,0.5625796734374259,78.80415301552264,-154.1871098144983,46.530376018231756,58.096133289138784,67.32796184070102
51.041291434470814,76.12114694255348,-122.86504057589678,-3.712458821289556,-137.67492527631677,25.16818249855057,0.7051103229200492,-121.01275044909121,-181.5236804225984,-20.674419127384837,-203.83708743117506,145.92247589800766,-3.3066611088912805,116.9593039151147
-40.64757705815672,-228.73800833553037,-52.93788907394733,180.80252042226354,-135.16669870757184,-22.64002345418435,145.1708432104051,-63.031690528293474,98.1482606945939,-85.67345883388394,128.66265055003473,44.02342746075823,47.17329513702996,120.98492107783146
-62.728483040973394,109.3959140284937,136.1651871484064,-25.39246455915049,-41.43057901084435,-5.2632837058281545,-65.25398221907726,18.604483601392182,8.304860675907328,-227.29615939973837,-42.0987362246091,6.486833550610954,-148.21671915828475,-156.8652678426099
35.326101268289044,154.0879442754989,-1.87609203786754,123.32600070745184,35.62942464234351,42.29159862329604,12.438626297011158,30.018456057937964,43.16337607028331,44.28033349496361,101.13998680273706,104.40570724285602,42.90130841151023,62.86820686203697
42.889727008863936,-9.94308904690972,65.66971077988985,-13.441272786163468,-116.53267507416403,-95.49150643487133,-131.70866580904587,-41.91924105428172,-89.34397093785537,12.25862495637167,-102.2717384341956,10.974803736237469,-73.85868384986208,-1.4917043727686994
-14.403563947389891,-104.36639018597317,203.78624683739784,-94.88609894897594,-129.59330942076502,120.93261938230899,-10.148313984298413,184.0207425026432,-110.95313098644084,108.13292926685203,-20.169923390120832,-185.82628527587747,189.06376930215472,-124.0600958321055
56.84098574561898,-146.11438801439604,-11.5735439371192,51.305025079983594,-129.36746584569676,-69.99664251183879,130.04050057465778,-12.646628260295001,18.54869842628331,-10.70366771392711,-179.41281111189193,32.272771250864956,-89.80914263407053,-26.19565707473822
-6.009770813255149,91.01416321927714,8.138740722129889,10.966826875010458,9.950832934701424,-165.45476124446955,-79.24300406612711,-72.21542387675987,52.641319837593635,108.14066295600196,38.9776626833587,-188.28624736392172,-71.38958742820928,106.52543601688222
-65.93620895108224,95.06417818815935,72.60311086927366,78.56479855650404,-67.92678772358927,138.29266965463333,88.89463691390664,-86.73720003620146,124.59691876654185,-80.27185640911702,-119.91474367872883,57.53575473107342,75.7278827184489,-76.39706861784794
-202.6386262541725,-34.991894749478185,163.70587350841546,-40.06364927057498,-130.66600829365774,-18.991508626833113,29.927344406634198,-49.79259991523905,-178.10092585347695,-61.815157204923345,10.123565113058811,59.142729175437935,227.47614486044245,-26.994054647132693
-153.04792843688813,-87.9078791472972,-14.211714079412536,-10.579951959203038,11.274528760180171,-165.03793668973688,169.4696434843461,27.43650441265363,81.82226893297604,-48.81451077602416,163.3433362076477,-206.32192989743962,-104.18452178598321,185.94982512862276
135.78007308947696,-96.23909952168252,97.32328238038652,43.337649630586306,-130.51128373803886,-27.86247417149988,-28.008362676663058,20.447162465721895,-41.55568060729044,-129.86953695559032,-99.43803870807388,18.043968089511033,122.1988857085385,73.83112610897123
128.5527233592496,-43.55134280285754,-59.3566298753723,-126.59098252465613,-87.1970487291192,-27.241549878512117,116.70575869606343,104.03358812111078,-30.404542249721857,-38.209315166096005,-77.3337705687966,-103.30925603930534,-59.70086559064598,-50.74804635541299
-198.7746897756625,82.32325316283824,40.070200133381086,-12.966025125571054,-85.22391497427198,121.58034206887491,-52.80967993418656,-17.77715187063241,38.25442560762294,157.53277591648757,64.24519746042083,120.75428864148799,-91.61031957151833,-106.4592640971077
77.09003685945362,36.98041313263889,-10.703527567943764,-7.569013088480631,-76.08799288462737,103.56556300448034,18.417038330571586,63.49815308842551,-9.946945552991961,-53.59353195359257,-21.306353809349226,53.468840942773824,106.71093657929107,84.80676317721422
56.78473021558873,24.6943167237188,-100.81571428102055,208.61025528769233,-169.30079728167354,62.12010158373549,7.834267813685653,-73.69394638308535,62.35994195024499,23.022684374837084,-17.955620743147378,-45.030028512460994,131.83093305092513,120.19765590517521
-148.1449644062112,239.22338480386037,64.94296886358492,-19.066121937899688,192.0838197118643,-146.07988111756146,64.18352842574056,-30.071366232216317,-59.91759691408526,82.90696368958702,-18.19027925671825,-140.63092752488294,-39.342866711110815,144.64731722640545
48.51762145979082,179.6413852436013,-87.60913874487795,78.96173201226624,144.92795866645247,6.490921777067944,-104.22958728304037,86.93700553974273,20.353473636317,97.30330610603451,-254.7203557928868,-40.00754500152317,-98.00535974784735,-34.958933122742025
46.55993479806309,47.490143535108764,117.7970381272134,-54.8209415413659,-122.81789143725402,58.03579510725332,13.643319701463104,-60.709705836879834,11.92833212187732,-54.57621471156824,-229.63665707586838,100.23202913734247,78.80744947277122,-21.4967693230514
131.2497362479807,-45.18613193849028,16.992374743864993,-10.792065891261835,-140.55822784949189,-95.86693841998259,70.82170972743803,-110.4657447551593,-212.90814827255136,79.97309076027278,-37.41226680506243,-156.79572614621898,7.353392860982952,-24.500159251209226
-64.06139738448736,-39.46837401245126,77.09765024577236,117.92100908813833,26.032726444032882,-219.46576808419383,-116.24113849491391,86.27666733434891,98.03721005437615,-79.76086726811641,57.94713459016371,26.705136790607625,99.11182844337563,41.392847631766315
159.65496705777707,-62.21529374534717,-63.08570334879546,-129.90340120767576,15.154784930041954,-127.65290158315376,-155.41166231128506,-67.20219038372167,152.6237010727621,-289.9603283996541,7.652607170863038,91.7934132206389,-18.31916317689625,-80.19515907867604
211.36070461770743,-48.557175412600955,-77.38547530064781,181.05675960943506,-37.29456200167414,-11.44144766864521,93.28332618155886,-56.29176687667513,-64.05538879247426,-16.156927402580205,-59.97406294708095,141.30125795608703,92.13492454523482,-83.25017455700939
-27.00288233703451,42.087086246900945,62.38615116804823,-403.40533409278396,-62.29228294079747,82.30165197827597,78.16941698144961,48.54370717397538,-18.789897070543635,-29.067471741245534,5.697653248932832,-86.89281974842822,141.8545750936065,-11.71978940128895
-300.18392838914406,68.44884280258114,124.07356556517179,-85.26894685692848,21.20242836588302,-149.22496208212192,-31.559044462737962,-116.60648040320176,49.102573257457344,27.526293880851,-22.187404705722983,187.71118768002094,-0.055872980295562896,-29.964441042704344
-48.68824956294062,107.62553211394619,-139.7058167038734,135.62041623561413,-121.01475349125239,-113.60047312523459,21.994788618600953,10.981928989239714,54.60726602331779,58.92983752698594,-140.01722428608204,-9.810385793499183,-90.91431917092468,124.64277973727647
-7.869475391732466,-50.218348571298634,-15.652167522446971,-118.22732383048947,-17.529380125132977,-0.3356314451723137,-23.932373222911533,68.83959296556513,0.24736178503998368,65.63758896464302,-148.58452175885978,21.65848276959485,-56.199672726071505,-97.50149325973298
135.63619854472185,74.34316876948002,33.82337040693936,-150.4249238588424,31.87417616820401,-15.295435903368043,148.9722653235383,72.50012572044251,-106.26881744427202,59.28777133593333,-57.32850714202399,194.04107337989052,-66.86094977841269,-97.17162011363777
-102.11193937023626,-43.6678919814699,122.98528839083163,17.26866344663933,-2.503025153682791,-13.985015468033987,-168.13829858159463,-126.19491905396414,-31.007351282888123,10.265092231089694,73.29487217042798,-73.92326222854328,-95.4331147089571,17.550447424904124
-25.941893236072577,-7.743985650897961,-41.6505750889051,61.83445835338565,-16.892412029916922,30.755387855699933,-38.58727454845605,48.7266841773571,-29.553066897778958,39.28667726062214,-68.44956891318238,-86.5998326138035,-83.20562180856996,-79.44018243273565
68.60154902164113,5.841705340897818,-14.580076927304294,23.26678854518096,-52.358684106471266,48.61127412475848,35.79241145567322,151.8500770596545,232.40052936646993,68.95043953295264,99.9099247011691,-61.062346574630375,-101.52229861376343,170.844845059383
-97.58801323011359,-100.48803010015779,-55.79988905598048,-1.1950487036514081,-46.150367225809504,-88.06729622697914,-3.6253013243438867,-36.78750291301932,-85.76593908258269,-85.67950232752312,-174.41582856757606,83.64675865696903,115.11027897580148,-25.034909604947813
46.22903199114363,184.40330660506845,-33.87545587190671,-127.94583545699226,-120.59764628407721,-44.27699696592015,140.1523590378288,-53.16449572623439,-22.53947510537886,66.67189843176541,-47.2383838933334,-210.12793420310004,123.59741835328497,225.04453090461567
-221.3147100206568,-163.90012933479568,-5.431682346655766,-70.661555346633,4.388810876691383,-9.641880003395833,-1.7871314275248802,-29.71097536429088,-136.3188266493977,15.64906421400286,-149.4638834813507,-267.2818425110438,10.822260032376564,103.27308399851695
-66.82079306283552,31.85504860290521,189.60599230664005,34.710264124505684,199.7771266964687,-88.23765863898151,40.22816137502306,151.3359748931377,225.37366092297236,-222.233156969514,-172.94759323803072,-127.24787530702729,24.158927384780227,17.75398590334019
-39.775327311411594,-39.091253765344916,79.07139577433159,-21.215876602203355,41.04147534272852,-50.39017728835113,33.45667381366857,-14.964495293469326,-26.347460126626167,164.05370508151586,43.69395339807335,-5.7482002221986,-107.87963087665628,56.135098082228765
71.21752803707312,-111.48903498779144,-86.94929518590658,-104.05196759327144,-55.154852912552776,83.59951393879145,91.55983082112873,-70.55651436124576,-35.07750151705572,-65.55754170820303,169.77953131973112,24.19668632973349,152.497571705348,115.50413796885036
-179.35210881328268,10.314130128420889,-161.53796946754855,113.10615464145872,-50.3444058617781,21.379253148448385,41.24665759732066,44.857839106955595,-89.03099808547731,121.59082785424566,-49.8759506827589,32.505156829620255,-17.04984099343107,-51.12992508127938
119.32626719887504,-23.936017205399008,125.7108527023454,-21.628764084885514,82.44307099279598,60.3146719977797,-37.930109023698314,68.37445768669554,73.84106440971539,-163.26661775054276,-70.50529967398602,-59.43729711123259,-85.05990656142394,-62.886362075431556
-85.22726725397341,18.96518572206461,47.505191810674184,-7.122276354160813,35.13843860829879,-75.1088486531308,-26.882322706788724,-60.05803086717745,-92.84139927854653,-13.313541270182977,-175.37260536068698,122.23108892965297,-13.849590812065818,44.54284682685517
32.955379984522786,-106.67977555755554,93.7854354177712,275.2731926717972,-16.55570892930555,97.42090750939786,-24.027060659044707,2.1120129913842556,72.56978869866714,-17.716527873134638,-35.657370814415465,-7.979136002261384,109.18729026026968,-41.659772999664185
-145.21684154073256,-91.68947553905602,-65.80005812898517,-59.23928283819134,102.93369040110854,-45.70925612247458,-59.89932663770108,92.33020163572974,229.2442430927101,-27.107153850457973,-43.62386953370575,2.070446026856126,-189.57814293297614,82.72763903554718
130.9089215761063,-37.40671295484878,184.3816273672283,100.07257902022812,-26.541154402710642,-203.97615827522816,-48.591082970986214,24.6334066955815,8.638067406407144,286.302695948094,-60.807846010632915,244.7646096676911,-56.786525364466115,-43.20701157131959
65.86362722459967,68.70345470748082,16.764023724323557,121.3880901200116,-49.78847456413528,128.7043162251975,13.672628489693233,50.551431410939806,11.607453338534597,-99.30273674361794,-55.57883318790788,11.401138988394246,-83.99174529498869,104.8449652610983
5.190880699285786,4.529760702849615,99.26612073967817,-262.1518016707648,43.375106656942464,29.049231916343903,6.202423806541905,-60.273681072317096,-24.115663542648445,57.84116491891835,171.5493323706348,148.42688380319407,-25.03988550407474,-10.49609038701539
-178.33085234260187,2.396046859211261,-97.05759137629803,13.678066975154737,4.719151551525873,-67.92287902347095,-105.568121578704,-158.21117231549107,-10.975477498516,165.85825494493213,-148.29736446356534,137.4897870519485,-139.6940039667136,25.95724797228993
6.180216122653963,48.180305341185594,-150.42749345140618,81.71918816857922,-41.50151973326992,255.31081285541399,20.470857086935656,-56.077025744178556,-38.16537007966828,-127.64093174709328,-126.40845136447743,-18.937988379168146,65.95531830955464,-138.66471444143744
-116.68672270501803,25.31549798516156,-36.83611384328569,103.7916980993166,165.06554586896502,-60.677032588089354,91.49381600132158,31.210503214539177,176.4411322309953,170.27225976630373,-50.943636402881495,8.542807034657985,81.72615760803855,-12.123594021592814
-109.79491260728321,24.284913193265073,-86.27812556139463,-23.718534669503452,-75.94266556394963,129.33746470123876,-54.15087019713759,-79.94758499193844,-58.70926724520194,-72.27941950371495,-237.62165945921555,74.82893202946038,89.39795129663639,39.8521245584435
182.22770691938646,90.28966681134702,-46.4920312347516,91.31125892729689,24.890749272866273,-184.66005225643357,-64.78270317407592,-23.99077638116105,19.777175856615024,96.56382178587074,106.38794729959375,97.83293468252366,54.968398854809664,-58.79924625249945
27.21419528094412,-133.43426487082775,-234.12632100306334,88.63012829814639,-46.937703473275896,183.57875173380475,-72.70759319298006,18.668559326390692,130.3990241166971,94.35055146842116,-122.37094808834692,-221.4916451218424,-46.01028156480408,96.8194096130007
-13.922184531168963,-108.56033019475359,14.998382929231013,56.94046996896775,3.7460601291885594,-23.541812691428255,184.09239812878525,-122.77150944142025,-31.007822493658654,-26.504776992328953,30.11333964824917,15.541653879171305,-59.13273719017405,-51.893262194045974
-88.7971191884247,-21.597384509135036,-3.047556011454907,50.38311327087903,-112.13881650505213,34.970898628810794,-11.784117742538182,-105.06857002863725,89.38742758918946,-49.95988627795075,-212.30369287545213,124.89635739906339,39.18821371423068,-90.7800600050063
-64.99409220688683,90.77837913376896,114.67473413125772,155.94157977440665,153.84078291092055,-135.34057415411343,71.14065382270098,-165.7266124489901,-114.98639847572451,159.44299579610004,-55.61002642727608,-48.11268721870404,-94.10149965246197,100.46078041644752
-45.57560869866512,-83.33162404560218,-81.57628679884633,30.500408370834897,13.516689314290897,-52.548333547186786,-17.225987975245296,33.68446060419651,-40.92469306883213,95.59837525371827,43.47723222258224,-243.93498402619252,40.781130985796196,101.5143349475777
-163.4074544329749,-119.73190215671991,-132.59019910088975,125.79395971489662,-27.917416817798262,-56.36249302927687,38.04606679710524,-73.10014139074794,-100.44807287010904,4.074103829909455,99.90997562966588,136.38053827998584,122.17752933339234,38.92384487885797
11.061198781496469,-172.18509942451087,113.82680628259018,50.07634216782414,-23.26208188876977,-45.76232378397461,88.90473375830828,90.71770097963648,-28.74822784498833,36.0293630975313,-216.51775593420624,-8.157304737658606,48.229607223735336,-57.827662664346825
-81.0332689328371,-192.63837678879554,-133.0201065634105,153.4167584253754,19.1003143723563,25.295591881610903,7.27990488602345,127.75775120903239,-61.22589948290227,-177.65861190675326,99.74428916375896,-25.717755724675257,-6.552880801128577,1.5872523052271301
-11.27368049550526,27.18700464599054,147.6958363057669,168.88084293337738,-68.51716716611281,139.8801377029556,-19.32398007826107,165.66260352646486,-173.38079285670875,129.1097108737092,-35.681531187404396,-232.58742635116877,84.88140264735402,-61.67245985892576
-103.75087285737644,-77.78612694416928,100.5869070964543,-14.155358074130245,-150.29355107487757,99.75430176477755,-52.834031767680486,211.7414062706233,140.28033790984597,32.08942676212434,222.6783241580773,-44.62946665839084,25.491159035111906,-35.67089675222911
-29.861115706045556,-130.0942714313203,183.6563919681063,144.63346433930744,43.732909173636656,-38.28998282701197,-1.7991088946190752,52.03512107022653,62.018324770238664,5.7520963983002,43.894757848691995,-82.42796485155644,109.14715734075924,139.1699027262107
-0.718258694844477,22.0667867550525,-48.10716189096869,-98.1341509595771,-83.2724661167435,-91.51513442474769,68.47365519187244,-82.19985622121257,124.03634540715565,-69.78110779316744,43.35391108107994,97.38216900360283,-62.728843394330255,76.58179176118898
-53.234073955499795,110.23090576539889,-137.48307386099435,55.203739858418324,-29.66680425187262,137.61904203372498,-77.61685722140345,-54.164017340851956,43.71932443535937,77.31845029127955,-16.19628930180735,-78.96885217882767,-116.37485638047318,104.17948134199754
-12.873012260829695,-81.56303626865913,-18.18755122249203,62.778639632702635,-49.52521476398257,-76.40126351702129,283.89526222384865,38.62751195507597,66.34052056868931,54.93164261261509,-82.89735070164909,11.432712768739409,-150.36770290126665,70.81453108161153
-3.482779211219152,-10.872302705881063,-113.53772436357367,27.85965839800195,-99.76458262706197,-128.74485728197834,-108.4350560712209,-39.9465738422566,-180.23872140389003,81.26139931584606,-7.5521286162989965,-103.03695569410556,48.678208594159145,-72.23727013439478
148.40355820699207,-28.08469610010319,-7.785810986713833,-101.79100029434677,-152.7102346155063,-147.68359209702933,-62.06787304107012,14.638620110652074,-91.33229670500359,41.22048558739918,-27.757877116621017,18.12927951274291,-123.3175379289639,-156.36147830417045
106.8278164291729,-109.48412839101285,-45.62079637962059,-91.62343174533379,91.90503849284217,56.9593573321802,132.59471080740659,145.09108520540542,-192.97302721629728,68.70170689715015,46.809838106314615,6.657197982298264,-136.84660236568882,-121.73532025432476
124.72812439142974,87.0878271761383,124.27594116784357,-31.13003116567411,31.34982620259472,124.18048994621664,-141.8921312967816,-181.83248075148188,-25.611966662958253,80.47280173527021,66.57798774873395,2.0735932815036433,27.291906381737352,-189.26682345028473
96.9371665615713,4.940963636344491,-244.52808601547002,-110.36163790121876,-181.28674217069573,71.35649073983976,9.354395276080202,73.92411538186512,-51.3837432521579,-93.42397988126281,-109.21054646639526,6.453175374698588,-164.0407546831386,60.03401776741545
153.5040446474659,-72.0400827234538,58.980754995510395,-167.0520820044038,-169.84405864117343,62.69259144137026,-118.2402066735657,-167.34787841369973,-32.31799381485206,27.414328357903265,2.1704350903984833,60.890472925082086,19.730165596002927,-9.094893300007024
7.89158765129873,25.36547107215063,143.17043719250688,42.648808629262,77.70213891019756,62.984051570690234,169.85522078085685,56.135794408692675,10.643136621782512,5.993088049544127,88.29842774161128,71.84856786049643,137.51201539268166,31.224842303032712
-154.56630090192584,228.8089603494495,-55.775989570548504,-46.08612551507479,-143.60236352417402,-41.51419893791799,27.421655412282192,110.1754423636844,-63.009905181480974,-47.25546855995888,160.55802103074785,50.05551038475825,108.96301470455477,-183.7901002215683
-272.13047025918206,78.209723629899,-11.148424347716011,91.50031723864726,45.1045930185898,-102.57249221818334,-13.998724104434165,-15.734637470775791,108.42380496831967,39.18472338870351,-120.78454123854705,-75.7086263835562,116.07847730434551,-13.85713931182785
171.91549026427774,-57.498840829281896,43.47980699987556,-0.11844553075305618,-72.84152266431315,-6.543429349233938,50.92066459343656,-142.39894496024525,61.06307521523231,27.34500405937886,214.37062778062162,-4.586215229821062,26.986362292934423,-92.80040194779244
-66.90725672328864,74.89397406208516,37.21752057958299,-46.07643945206708,-183.95388580651328,113.4002553161596,153.6573045391269,-95.05041340189388,104.20424871852624,19.336973548851653,140.61737939683434,28.858293134706663,-45.58648417376724,-86.33963613524676
-46.28113566837273,105.87614834546693,-137.0344881474994,159.14911022547466,-132.86515332963955,90.62960507865296,-79.62964662741811,42.942570030352066,-63.374227983680164,86.5070268332213,127.0365339729122,88.58539702832691,-120.15406615863968,26.980020330170916
72.31461163916514,-17.330594087913546,-20.93720906381278,142.71658563612223,-146.64665135114325,16.781239282075187,-48.294610451269776,58.801592621868984,77.50870773393345,42.62194895722814,24.88409481899211,102.66040119709021,232.01506276308757,-46.163492306951994
-92.69574534302471,-63.79801637201129,53.48882394447071,-110.45913879781087,-162.70059863189346,-55.4480199784537,-150.56439156127428,-42.73205014050247,-155.2824718703097,71.48568144055977,-89.92881171649061,-27.957443793330416,87.46512941510005,-21.18872985977805
40.130215676290845,-28.47033527806807,25.158960806132143,15.745127422662936,-28.181980051204196,80.58724925625728,-200.10566576106865,-218.50592796676617,66.9481804737362,64.1876357325856,-124.5668025815721,93.98276677085377,-25.729525158799994,244.6564933807876
-37.578758934477925,-127.84099803658833,-28.26362901357305,87.32915166365763,127.1493106868352,-102.28092925442863,14.180268042096847,58.57663415780924,-92.76923378993396,-47.97933144148982,-81.7046873710911,-84.84710672876801,-237.22094717760774,-80.69477482036866
28.822650470153064,194.97171983682586,52.7774233964677,-66.02186689758713,99.99684547335623,20.869788053290865,-37.86680427311006,232.08720332653164,-154.97673700744707,-111.28117754732733,-102.10905650753288,17.0691059712308,122.14544425842686,79.10578457966069
56.732445427946764,168.51002045780731,36.697902547847896,186.48028189950864,10.791996304317577,1.2983138762885742,-180.71193017545005,148.75652079923506,60.37034265438663,-76.02780334728789,0.12239438985319534,174.94002206196743,98.9219530545845,248.21099389072572
-10.164482117085848,166.21666229335713,-85.08556115608698,-21.059908385101203,-17.901929220154695,56.78269757645937,54.67448604831946,-30.289851355312823,-96.03623362426781,67.56598324073872,122.5842369965389,-12.747083762754356,-249.64868389289268,9.239900083482757
-50.68606789886728,152.42534701384523,-14.395384538486535,83.89721663386234,98.04735207279998,-5.641641370504293,10.939283864313635,-23.66085533035686,-48.23319170703622,132.41009741448636,-20.08397740637801,-34.46808306251521,-66.24253391410406,-4.757815672006227
33.030981222030256,83.98720020005453,184.0616471899361,128.81824471589277,53.4627594751035,-67.66305967858541,-13.198218512021437,70.74827509882844,113.31033614423927,128.2567687932269,139.1920406810378,59.702039440178744,68.29336615365874,67.10442696601525
53.809006173955865,-164.50311241797394,112.43998957751047,-62.610044817936526,16.151142604684154,15.946873840618982,-49.85027021237278,-9.3373413363964,-11.05354048756057,90.6237939404359,46.90375716765515,-59.97890483024745,48.262365897868,84.75825462075478
75.12506658367805,-9.420147297149715,101.30832687448081,-26.8235096464165,-95.174674415776,-6.199562162722051,-157.09817955633557,83.31185590928027,57.74325430429697,67.2955873154118,-44.39308426722527,57.89608653810666,-196.27304366613006,-81.46880344904245
-137.70929324724278,67.08405755752254,54.57316275220291,43.33875371339561,-4.288065572793882,-113.12506062778449,5.778845208016778,-9.300836540785486,-37.38116823219178,114.09393854833458,-128.59042096674753,-57.65804085128525,202.4503431683457,-158.36228952833994
-6.140873949026337,43.99528371296468,126.82415115143493,98.81481821476046,74.8932711374371,71.54570608848405,70.97281018244549,71.16155706145241,5.16264444984238,-155.97550010903305,-22.692661482052817,36.97937372035453,167.25219494099656,77.99903694464776
217.45962856024147,36.09886072888052,-69.0787426875557,-119.00500098165708,43.60961702057113,243.6079949294948,-190.88022645855267,-2.312939920192934,-64.11592382799066,19.050922011606257,-42.150295888171144,80.92395966621612,-9.039684510407112,-31.607727434016063
-81.8898577932089,-10.557742660910746,5.1415394689218274,79.30692152428776,37.27337568696981,157.20532289854418,-54.93484302610111,61.40931970743399,-26.890259462976424,92.94014607261735,-9.425848445306185,-45.9098040249037,130.79411259737066,-10.60727480072549
-6.203093721072063,93.55939810569606,-72.15510077830383,-46.697157069562635,-19.18730177216327,-51.88110562801672,-59.925422017222786,140.69724864186725,54.402453562757245,-90.33144736760201,60.871497339290904,-104.98750553396114,-0.3687607989942027,-134.6701299031722
-116.80045208860118,-45.75412956820773,-27.19036930466344,-55.02532965902979,-91.33794105433823,-40.078465844513104,-183.40237018856226,-22.138429943180316,-91.22094439729524,225.4639657368519,180.01009355427888,-81.05186135880653,-14.816486025393107,30.595671332386832
51.84076713493321,81.61412575788995,-91.69052633602102,20.972089373849066,385.37807658089054,10.000401546699678,-128.83592589361584,120.52883140924291,-140.67875347484636,209.8773442024906,-203.7406388644245,31.84619166251289,137.28891884145796,227.31379911853918
97.40138563100498,-73.3457076475372,-104.49692369144081,-66.50295921131656,75.94799615340199,34.12855929352858,68.02388580046716,-225.97681929265542,25.929782474803353,58.015843056278115,106.795089711259,17.7990632842634,-11.981421354520547,-30.68218102268464
-83.9956909008327,59.61593477950906,76.10308318585655,0.384038564537824,164.74622618246707,42.03807106060337,23.811870793985236,67.96008974421608,118.74435431248227,90.18656385124572,-32.03268543335114,1.46963263932609,1.5859784368343788,-176.52035393488643
0.2979167231530741,8.976790181760402,-167.16767447734682,64.91132463534205,61.50977249997401,231.11656947202536,-4.3831306540320245,-28.271649706969242,54.00841100082718,-166.16716819408293,162.074662624528,-60.73028687263654,-53.067353623895606,14.109668167650641
37.555189765217804,76.65102898510689,25.42036436093116,214.8806600215257,-38.935911619513035,-115.20488374054065,39.07560118966293,24.53165544363463,22.56906653308146,-122.91374947806514,22.908941384973478,21.94515331298419,-107.17363169582211,67.92473986403184
-133.08703549921893,27.902741086223354,26.60594734449378,-168.91940996840623,-0.12672635740417548,115.82471582131512,-38.998867717039545,67.1986084671137,11.00549988406899,132.50305393312257,102.90293903512706,37.49513039071033,159.514319964378,-101.73051017983266
-30.066951195155106,94.83453248539718,-14.78452167971597,33.38717965600346,-270.7978849549827,42.338484693004055,-46.58307074918195,80.10096099828101,3.64846984466131,-107.83310624225196,21.54243828923527,0.022577285013065784,-92.71695948248372,-99.24323311886059
-151.32216100450356,12.532666427350419,12.846417011404107,134.1405889497545,-4.2823026518750495,-49.4227076629321,-101.61924068437582,-16.325482267013086,-281.48737211564975,117.22762324838637,-19.203585929184484,-272.44416636970715,-2.4845641529467883,-96.5043347466555
-133.94029985242224,-111.4455795961349,-65.85399823522116,30.023838826212174,9.542912911936268,-25.87921168763027,-50.5491722788807,205.9773078353027,20.892883625727848,-36.80830475248291,33.426645379075374,-172.46272450742273,84.13071413382436,-57.315816262737826
127.45015462843992,65.74480148750594,-44.32755523740242,-104.56414738491591,-143.9212577412342,-84.53407473210865,6.397104869045518,35.14687611754189,-55.983138498453165,58.28714485013807,125.22972585240038,-137.42205274963462,47.177374433511176,104.25675881473893
-185.7420428596602,-39.82939030037489,-113.19223168788204,16.073952899386857,-134.6791820144197,80.34529421333671,-68.8860907814564,179.75303891549478,-151.30358882656,-76.20435620676493,-44.24179324302461,69.10893962800382,-90.89033326570816,-149.45627826396932
-125.72089545606234,-37.028130823788814,100.19943500659292,18.134952343987575,219.93561494419848,-11.472565366756642,87.34389299873617,-28.195308548637747,37.13910669472371,96.01835565976624,38.00453285410924,296.9472073119907,-61.21054252787822,-79.36111362791677
-17.428195102256275,7.4047884844243645,59.98836134657384,-122.55314348061033,-48.162978019130016,-60.510502802970834,-64.55471089883083,140.1598620212005,72.76904804560202,-6.738684394791558,55.02260044405565,48.646342958655815,5.568387455985855,-15.651544561212086
-54.273014432618375,-113.08643429476675,-177.30786426799204,35.660635005658,-62.38953797778167,119.61234103930576,-199.4816656197392,-5.972834029774142,-184.66623240210987,-52.59758487913816,96.71506997701093,32.94477763955152,-68.42317876695063,-83.61156104387051
11.499494511997622,-14.04963032443629,134.60203143149982,-171.6785932077208,70.28697225354914,-101.6623074645251,38.80410013188156,71.12379643646842,-38.489291466649284,-77.20777471933718,-64.91327475936417,-11.578419731167735,12.793156183239605,-122.64548166858442
87.62334366596514,96.62775944012006,-3.670841191420404,-36.790697127903066,-71.48686042703778,-18.98364552210236,67.67970583034709,34.826733421500116,201.7262807428612,-11.905986045993425,63.588185521567354,94.55826912475922,-23.72336409855798,-44.22034499668385
-153.93569154242118,143.7141366823516,-66.26668820799875,17.916095523365545,77.82602878083593,20.308479936746373,48.683941611311646,7.182427302238854,65.29116158016349,-78.78713531946343,-46.48818150743174,-11.384893789295017,-33.160520413860944,-72.53451296132847
2.5834735391904546,-10.934234666477941,-50.1216654195169,131.72934583354748,-136.7559448892322,63.29582684586914,37.8070596595717,-148.33502416040432,-69.19335505915242,-132.1132484910609,-47.81451335520819,-197.65398953977777,-32.478013151625454,-94.93288339250824
169.03337721639596,-42.01035248309774,-6.154158923738501,21.30461361470527,-32.506650006412706,-4.882184004647476,-69.79717352188992,4.774296090391717,61.81267838193634,109.90927937141628,30.73022111601548,79.41631587364259,-71.90148877906022,125.6726317893505
8.528313493854586,-84.20094201962635,44.64403367602884,-85.31420658273294,79.4036570936229,8.174502328538715,210.94277473964036,-56.57381977696593,126.42355703094485,-16.24879958834749,-64.45748372634658,-232.91374792214725,-6.37356040289176,106.63783783264213
-117.463658920626,4.487858103462,213.10930696811968,-11.954320984081047,-41.38557640264809,-97.04531272766786,67.94119671179047,-78.3217302659347,-145.8637444750355,-43.80597636658645,60.836646363412264,61.582182504530635,-15.52369852887374,-42.42075882249107
-201.49720490774797,-12.349140690278242,108.63832762583145,66.3370680693869,-189.8173170531843,-10.73008299347812,17.612594366948954,-130.39687919589056,-45.7253824838121,-21.275276591545943,145.21507391838864,-5.7949049475008305,196.06074072119964,144.36511576346604
50.14791850661023,-20.532093770688242,-6.362051989031975,-41.61002907797994,14.249835329461332,-138.41663411801485,-10.714107338500064,190.95628472877448,9.819436965726714,-258.6858859937193,-71.17534314554877,-15.212028974424552,-8.1130512322075,-168.1997241344714
128.09911278651694,-258.6318468093384,-64.36983650709168,-52.3322002929567,-0.9862254744487897,107.70878805119455,-176.5325738289022,-78.88292844285299,-42.04849056065807,39.22445501842049,157.23419234598722,13.564827523693795,52.574823174234616,-24.491782796850785
-86.57918084395718,37.48476405545364,91.18004450817912,101.7041156237171,105.2776997461224,-17.921284815939106,32.774973041262605,146.0315417068392,59.16191926178954,20.20068569472405,-110.30274162873432,212.50806628882663,-36.09583960226011,-82.64045976037539
-91.10192377630537,-48.67771449802057,58.72865910757032,18.441199561742387,85.69545470262402,-73.72031782776676,-17.867326203339122,-105.59382028927249,0.616410925253816,-115.51696695191436,30.143987451059196,56.74528864260674,-28.08458544824532,2.7244935843877736
-54.76242582686432,125.73922461397717,-64.16942417348534,1.33537507847948,51.16754983540513,-64.93885905168646,-81.21179897590916,28.195659011958245,45.28618995562774,-19.21030355331413,92.93841717477008,85.06519307234454,-60.6462144493505,-44.04454040930195
-97.015127400509,91.13428119318127,131.74680522532643,40.510677006442904,-106.48233864819655,52.262252657499275,-44.09922114760174,-79.58468618066509,-24.471829480406836,-146.12549676020905,-9.49994823412372,107.35647111306947,34.09063646738851,111.22517793722298
86.93951114786407,181.03773510439265,108.82196868306875,44.19046880391129,30.185897292972562,155.81650913922672,-223.47248572909245,-39.03508651797427,-84.96655087740422,35.030365905192575,-38.796436535105265,-139.39495921131925,124.38771235215744,75.4692974015961
60.288331250510495,54.784363738080955,-56.953060895010225,32.31144449057683,-9.056676969718378,187.89968132113572,4.841353477900375,99.8489565290091,9.320423261049038,-35.10580272437042,157.50097359668123,180.6924624398863,-92.37259335570359,-32.22396671249814
73.62402485562279,20.39266278358283,207.72936573829384,257.1292189728126,-41.84572578574585,-60.879782665999805,60.20608399259126,144.5199190790873,130.35497366811703,77.77049316807525,-276.0993806678663,-191.3122513133523,-39.90072114690871,-190.62023970100407
-48.11500283336717,-16.623707215149732,31.476768827109186,-53.34676486725907,91.88842008074599,144.2521480312098,37.914653063889176,-5.47288659210108,103.30713154608533,-128.00803375616817,31.01241769617895,67.32867292094757,-79.9618069632745,-77.53783820635152
13.255963437143246,-192.95748027349515,42.42123234320324,35.71972417944752,56.089418838088775,45.63807644451304,28.203719602247695,30.0344953370163,80.52423750899862,-26.966733759434096,46.2678356094009,139.32459379881243,-82.02463007224857,157.40411663032538
-83.58427136025867,-35.249703602120505,27.453303965963926,62.94424738246731,-76.05969773251881,-70.28529799536928,241.91104764320096,16.20153948802255,-64.95323519557802,21.675174944205477,75.2990664565977,-89.56895452940564,-18.186330836552788,-112.16786520160286
-25.24211010949594,15.51109492332348,-50.28250370955095,38.22159139976411,41.68287315326404,224.91596996473038,81.74421242948557,106.74330485660515,98.44202714361614,38.32181824492095,146.96356420595131,-66.01744737494717,-18.266619478629412,61.67817797390672
4.890156959654231,294.9435789092492,150.5522042518825,70.80221396985276,-127.71331047965715,-23.610559101351164,-22.343485615036453,135.84057464966347,80.53387403923541,71.62057545016903,-40.82757802635946,39.47790066919581,4.716589638643189,276.2613263751631
-0.2029471951356928,241.91765470116704,-40.92462536734605,-52.05536873038894,-89.08504481371762,-73.54816694513639,-13.99278080322815,-31.82697658594742,224.3655798884972,-9.162105353506682,11.689031418633206,-33.93897481202103,35.010647603333055,-104.78540373299761
127.55172524106615,36.4818909194003,-134.95920741638074,-92.72181947195334,-87.81638306133713,72.5003936647041,92.5613275441495,-114.73193741349836,19.031090848284656,79.18572919276089,-3.7903020499768356,15.115695338510632,-263.0158516787172,-77.39208490068008
-18.03839920277895,-108.78211938831879,-308.24974196321466,-45.07874058914261,57.92637280584755,135.52014963295946,42.3047690822649,-4.272470142030559,-17.933975615674843,-15.958317898397695,-97.46898633236259,9.309687315173806,3.9233632909506535,-36.959926339063934
-90.97470058157035,140.42766681606426,-53.59709847027547,64.4046251551534,-5.733648809587379,-86.77980459085681,69.26418061001897,80.38020230421947,155.8178426592244,-14.603751491194606,-49.716054532167405,52.72700445632361,86.43004806234347,-56.243632850371114
-37.01196923435169,-16.389872544434965,31.414603060570524,-44.82843680310462,78.4646112925767,46.792476156845936,-4.262585424586569,111.99680178773612,100.40314953489471,64.93088113600895,-51.696925488243494,-98.27073070084491,111.18557065634418,-67.71919943011162
57.27928708680987,10.144320229537506,2.2455239912528966,254.79365721598873,-114.12102498751482,167.82577757431255,15.827343958756776,-7.553309778512557,51.82491360695045,-4.98619908233529,-21.52370840507407,38.193124047007785,107.65287133494587,39.33465955367249
69.604740376324,-10.056360322633067,55.01218897966519,234.78386221515973,-63.736737176767136,26.95271416294226,116.87408479812672,-62.71002402642127,-70.6383329925992,46.70703811180367,25.134799569470495,157.73399875830808,-95.84287307084576,24.701747537449872
72.36461518091217,-89.31698430167802,85.2648689085543,42.22366412652284,6.873833712016987,65.90695902285049,66.13523975269133,234.62897651753153,-179.58694575810122,26.230539518076306,-49.39620269394863,105.6316405830038,-51.66667790955755,-81.29156609777026
-128.41855570122908,43.8298875881105,-18.41667586068512,52.395730436913546,34.094364084000894,100.98524908833508,42.06211044880124,104.81022770388606,15.867790806640997,-157.01774780254541,-29.295108165622736,-67.97400139332174,118.34492072057662,-216.81903416242824
-52.22375493408396,-21.97625323483782,-52.36328679137476,-132.77654121766386,143.26477870440283,-24.09142603879649,137.83632572581038,-199.94233976496304,-88.06672734465015,-186.79819704616148,27.476308515997033,8.272501381757989,-48.57608023721232,94.92235464324452
-18.353706912770345,-139.6273903924754,-107.66185512999465,-25.84920068926308,-135.7524992868774,-111.93836558451862,-58.721749701118966,180.45154431853172,-42.04306025487309,-6.085910794901173,-12.959210797929522,-144.66665794539824,-178.11801613799406,-143.891650098121
95.51672915425193,-36.87822912903942,38.572523014880865,-15.542211461025705,136.31762439900044,60.825927196309,197.63750301211726,65.658540294019,-20.763417743091985,-43.35222098685742,-87.34972076410784,-121.63883016576114,-10.223260948140776,78.45585036800541
59.56928749526264,-24.019403299321937,-205.85456090609546,83.23997291043759,53.05982721135871,-127.2371804667959,82.53938588066157,-24.047882036966474,119.03885958895644,-91.13557291325284,-109.61890947587153,-21.66251682660518,-24.385430186534393,21.474321588556165
179.88864816152542,-55.417100792056175,114.79013614489631,-23.258502637283012,9.44686218402877,4.161063918083303,35.25581404863368,-4.764147262184031,64.46679670521183,-18.21848663887401,-143.1030089601665,153.0133131962854,84.23579396765103,39.33511246581888
25.086844882745478,187.9425817635933,124.86692454492008,101.21850188595222,64.57943559595442,72.84815995729933,58.303642423397186,43.41830494647157,5.070523411564122,71.23324782439485,61.35586716120831,-59.68363702376897,185.4376329990887,190.84474296974392
138.81691328441968,-90.81851866640471,18.639304256474624,94.47389020533436,27.787445409050836,-163.67849605282197,27.22378137380048,-15.299833111695788,7.1912484445052955,127.29207774466333,103.17967305560092,42.22085099354253,-169.21850313062964,54.86189948832405
17.820291716656172,144.3581953110342,-22.376737187276145,88.44496237745442,53.8817086888127,13.119590191386536,-29.86873543152488,20.96390509044642,8.272726013184423,98.18965186720064,179.34791831460092,-46.957164019075684,126.05816044181215,-79.98087413644588
-146.3332989921136,103.97171781368779,-145.93206603175076,185.70943834631527,97.64722296950305,-70.40916596693964,-82.27579486580328,56.97893922623003,156.25502966449525,48.11973395196103,59.86209316599371,-60.57954848661795,-29.1284081998247,-86.17196786837398
91.80441712521397,-3.8074555951806017,-115.09510505916931,-4.570722662728416,-40.272780070891955,8.915289464098885,-176.91612615562485,-25.96152761444409,71.92193268260237,106.14422511942895,-34.54795239273779,-201.99634143767176,70.17465288005288,-57.66965995739587
109.48751662393556,79.90420550064717,98.82737403966338,6.612542301441994,-176.4087171773137,70.96475072561847,-69.68987431963942,-79.78278301718314,52.32947622829569,9.123134778682878,26.3636842816509,-140.68687199321005,-144.55832378539068,53.56624345152484
-127.10495159250792,-256.07665177617974,79.57704518598902,-114.90631197508986,69.27534687756663,63.25479153809722,170.15887807920188,-12.830083011226467,-215.09322058800615,-89.11818313793643,157.8700849195013,15.282391499118402,-44.348372686368265,-16.090495145088305
81.29197289680894,115.00471931871436,36.63231081161199,74.19106133931817,-262.06951849188744,87.48659750317435,-113.04648597570556,155.25457242949182,-30.748477933018503,-43.46245442733228,-0.9719348347700074,9.071335766860638,158.61533367529958,57.44351230318783
1.1891415647153347,-32.40192906274469,25.428260704926746,144.11464940799962,96.36291342410578,30.644364183763322,-307.1257142344905,-1.7453804238180128,-73.70186745882349,-85.15118618533361,-115.06760956987121,39.090837757182506,11.867304442115143,72.79779434516163
-63.03067224451717,83.40075482179282,-225.65586698624162,22.3286157464266,144.2551106957384,-39.748071673218085,-26.925870555598706,66.1867372662366,203.47177166367715,141.546226949382,26.98151187583851,120.46474797323042,-57.79493073392561,-41.04013868493812
67.77412742525135,-70.98612260530533,8.236172246370952,-53.052550918161415,74.02844515730905,94.27045692340081,30.389923097795524,-25.52545724652656,-29.27071266040404,-50.81002704317037,-80.2203250795914,86.95481252139098,34.68037905573991,107.63037820613914
-28.020067517862145,37.505219741752214,-108.03801396434662,322.63184781913606,16.257445662646695,-1.6270419485840473,-54.23803789171967,-79.22855526684546,62.810549393601015,-8.161951667338691,-11.135665149504751,109.30620685743091,23.720159227039066,25.014437689727735
70.39449797974105,-7.040003627879075,-7.362872571527228,7.86331779040287,25.441858699851267,-71.99923055594708,1.9555955799141087,-41.31173451586842,-90.48450789288856,234.1967702000418,79.83470061128556,67.56080307900021,-135.78555983756527,-113.40769890569233
59.80052937007719,-54.740858366164666,-18.761302495187664,42.84634090841452,-48.03468846453152,-16.919447163939612,-52.2566362361529,7.673779378641584,-57.07644157466621,-49.70997019628881,41.05191750226208,59.63816448750309,-17.298958988979386,1.2672053239427556
-11.18493001365139,90.36948404285182,82.61839834704413,-57.921583563092426,-22.503156550204814,135.36327550770864,21.983665989930433,-186.50472816079818,77.74310277945695,34.49779479428784,18.474830947307165,4.655149771440297,58.88928296650071,-39.013922141344935
18.50079433634802,49.48961589896902,29.527531013075585,194.95287197094822,-178.84532858503718,79.12052644054984,-99.51382096246256,-58.770846480058246,-32.51217457908342,-192.56912538305573,-67.51572437564079,-61.959759111331245,-135.12100348572213,-195.02558528830974
-28.589144614938334,-23.11255938843873,54.674068365679375,28.110931858509662,27.034344865727117,-108.36403983969001,-27.327230341275982,30.519952836428292,212.3686521885131,51.48865953257666,79.15157765634187,41.906314490131805,141.4404531816023,-1.7252483272488444
53.35824332131671,44.148752978937964,83.05409195061364,-320.25944678796503,-122.54957117886003,-6.052762865327063,-105.49052046836114,-44.850172737244584,-67.17447675122376,32.21264625061202,-13.33019937117366,-101.15766131832721,-162.9183220965458,92.69785776068673
117.18966763338837,81.90437685105088,-110.0453911150247,13.109974096027774,122.51884491192932,-75.09524258204759,-84.61615313201273,-92.03501093134888,82.62955204674911,165.06578742312487,-186.1514536687301,100.91721037218045,-40.42834162577603,-48.763436943581254
-35.88752872913784,113.65419225914941,75.95598957053504,-5.804172533130162,192.21246176726902,56.53062715772867,47.85466835100319,72.6445907203573,44.61537142527457,169.27025276063114,-86.63408213480129,-80.51668214578507,-38.804420447531626,-84.62298060536541
-1.8655058184905957,-205.11598021918866,-19.570544359186943,22.543013537849124,47.876770388594444,-93.25605809746847,-91.60844744736663,-116.73542726698298,-31.530355974087108,-24.202399520456392,-117.45791029691404,-29.990779077130252,-29.42493717623778,-17.890191230695557
-117.43981680379427,93.67840030887075,53.117617237930105,91.48932370388354,123.69687369813063,3.133175743563235,-23.27874115407207,187.37901786266178,-107.71009536648567,-67.5540595188357,-20.332249404380345,-62.564928418042,0.5893467721052884,144.21359342771072
109.33899948917659,129.08184196819604,-71.87875794594224,61.044517069724655,-178.50765983913038,87.11876750704425,-105.73528750224884,145.86571543859068,-39.52028934681712,272.7196226800784,170.03262021643712,-42.549860308575596,101.92646933897261,27.696751210976334
132.0013010148716,138.3071693533496,-205.8285625217904,-34.88968103714119,-202.9457442788456,-45.96013278410661,-116.93869879462093,-138.41458749861653,-9.287256182123725,38.58483361590103,24.936563412785013,59.790074533939276,-202.93418470980674,98.94628520176416
-5.574468131658988,-43.443297307194584,-118.94258603171035,38.52123829550182,-127.56835441446405,14.36792598143222,115.85599143844641,61.468499199766924,63.49175860462846,98.21157867331817,4.925106899593048,-8.825473056600128,-43.42595841926276,-84.83676383399398
-169.54145154376434,43.51829669012662,8.215898349218174,113.06141539085598,-69.00721022251896,23.00325638377559,11.235189493000135,62.905015544717635,-15.725908988033543,67.70862341380374,-87.88711308578502,2.135355498039524,62.09000032812524,-70.10773496179212
-116.87942661392003,-129.51984075028307,-119.16253322775093,96.6693048894715,122.42362084846403,39.945806020674404,-96.22200882268406,-89.74424366237189,-22.948947310893892,12.118620224198397,46.35119473136664,27.15547439453485,-12.158090318149155,73.47850744057234
-30.551433349707185,-98.47075087740603,-167.88535708093363,-53.83664770890542,-86.12045815739766,153.3273620155397,-96.6136261701541,100.47929602698504,-2.344489192420899,16.16827246095957,41.17263429628421,-58.52891901276208,80.30760916897566,148.8449712545469
52.14821099885548,38.15244800414707,155.6744076495293,-92.97641850591648,-97.53499228194879,31.60791221678108,127.04806685395566,45.06458071951679,-6.344806616344344,63.731553407171205,-64.94996043523813,-105.86128137799808,36.106053126290256,66.74284119741768
-99.71058924116093,80.2595007251654,9.176491721916502,53.008525294561935,-47.134062431688356,-118.7050409034239,-36.80723526302794,133.29600273483612,-53.27344688844412,-48.651136113075,-108.42127304741203,-1.0053633056303408,47.491085115050936,-103.13590340395847
-4.961669054080472,-56.963702676756746,37.335030778894414,-28.32891339973183,-26.477198134085096,-170.15170760914287,102.89215755783133,66.93645219424587,45.504769560298925,99.99081103454698,62.52244379852655,156.1231618865965,0.6565169946631987,64.28026753609402
-72.69412095855567,-137.79632518647009,-158.9475817891867,44.40768555806779,114.97535424362226,-132.50387686672843,-67.19234791512763,-20.173073060075023,-25.260207228450792,25.994353960828892,45.82354588878792,102.22270155587213,5.586836382691555,-129.605040596546
-60.054352933107026,144.94701257241252,-114.24617451768752,5.860608089775871,8.715896738333145,177.95944334214605,103.05762718055162,-47.32290406989817,-23.419354774548513,-149.4921554470404,-100.77673870475398,-128.17704786206778,16.94035291568936,-122.13503418411022
165.9351412323119,-46.84004799011204,20.58567492781264,26.66907239169597,79.0753470594714,31.178213220459288,53.3580598051005,26.907141142452417,-4.041075442920626,155.42903918450514,48.03803338158893,-9.519969273606863,-116.50470080140869,61.03119868219036
-58.35863322184731,30.541589264536533,57.24748867567023,171.67805030938402,-112.17133054857771,-22.387635810505046,55.94941419255345,-57.465223944516744,86.85883355579472,81.85185357768029,-143.3444184801001,75.69390764119863,-148.77096997208378,182.72187972303053
21.36439153756437,-10.690619435361366,56.83744958353783,124.06348992392489,-139.7057524670135,12.944695230834396,-237.23358888412284,31.831513383463932,-43.59283464335908,60.08665270403816,152.36219892370912,-75.33297832591056,95.05740415346362,-95.44357240292571
-74.09787668120454,170.45237972423416,50.93078077995957,193.25997144613544,-103.18121657476145,-106.58024455887822,-121.0963799213786,-77.68468799055951,-213.39246911374482,253.74185251519776,17.036572244631788,128.90655290875617,64.19122944400888,-77.28429840736338
232.47909056544535,9.085307261823756,49.46120392627554,33.11957798311001,-18.93684369125299,47.23216096655625,-35.815449877320745,-33.983328404676,63.241116184569194,0.6374472150454118,-160.13271152676305,76.1370819984271,5.767133388889592,46.25475821106302
151.28030762983585,-122.05241663899098,55.99439759938837,207.3688208579874,60.04923919727736,50.67336109286688,38.972590053949716,156.51797799759956,101.28802629553475,-44.30283777983497,31.922556958613697,-72.1839476960104,53.156797438422856,53.3139966584348
-215.23735149609377,153.63232832539668,-53.88297793510877,25.73245201180735,-41.25182760883651,-48.91384956855176,103.90111668249942,-113.7520800192158,131.6244232277724,105.515076246929,111.28494651475982,-48.57009378900352,-52.17061767454317,138.85887111518866
82.55893161845843,-15.443784161176454,-136.56017744223374,-23.513277125499027,-77.82012662135857,-205.5984482858842,-206.08853663865693,-71.88746739329136,-23.853552040826067,-14.718626096683288,45.46392226618192,-17.683555058187427,96.83386514556334,163.69256903479126
-305.0194538468182,-73.83732478042717,218.38611700765375,-90.45098544605368,121.29186594218847,50.022797781950246,131.34938065013262,185.31141533735723,99.82745313616554,-71.6178443074576,-37.67965538774876,35.847134955565,64.58355478438112,-5.2575831994392335
106.65946255823972,42.52587785775563,-21.76807268673048,38.63757671120759,-9.971517059933168,45.19707502774694,-7.746502913962315,-53.072476100163044,15.3910537808179,63.407860995780865,21.936057024474017,58.59272161058118,-102.19399284352369,-225.8017307569526
21.893823588666613,-117.69014630367651,-196.5833923370428,34.55420329143005,45.89494817615668,-31.70149597344501,-46.99081747984561,135.31698176246178,-142.64093959682577,-118.36023339335134,7.930981414372999,-22.242321710370028,-186.4200990282485,5.173443543363764
-24.089979693081908,-54.38551173302714,186.03952458318977,-29.564666533639144,-38.03884027703844,-140.722389124461,-24.116589686709847,29.482323125397908,142.37268572353406,-73.9332530400426,91.9214897576999,-70.02330440836238,186.64259017054087,34.90530590344555
-114.13376954702501,-55.96216927753959,78.62799584082919,-11.192949131599708,-45.36004925258095,-47.74781016548277,93.9116226237091,36.69516394836147,-76.91119739752484,5.357810663880192,-173.66150638013596,-128.44324937315503,-64.8422474776277,139.6898623483144
-112.76923378811074,-68.3279986296677,-157.33233820184526,-13.916848471834792,81.17213275782893,69.6749933288746,143.39081020526172,41.33087267852899,-24.600931893676,21.893249308215314,-5.553130074973561,-30.282940285382786,162.06476537539402,-44.99099822940912
31.560880977388848,-92.72857829986273,350.64029623484896,-148.09582493859273,99.5587509594416,-40.436521691034024,-112.5093344337573,82.50342006085862,142.728604043411,-173.65121271221128,64.27399950334821,-9.890013736263645,-1.2378883953171067,100.94207857944836
-42.59599445956776,61.58434748166452,-14.496360027824718,-91.74650333014289,17.343452235918264,42.28206842444462,-35.47301610980966,-86.82325363850816,-52.65167023422023,-53.80116055682598,-15.953274345534311,-45.71132035552917,109.57731177309822,78.26261792660537
11.73519774592472,124.87920176060847,-106.0736218738082,-0.9805336888852819,2.142763712122993,32.169426647602165,65.96700950098476,-141.9467321692751,-41.507405256642805,234.59862978774248,124.77893987215354,208.5775226888672,130.9242589143919,-91.01070485659746
-144.8881944777257,-34.81872771097068,-40.92066775927138,20.909945106485612,57.22153558950064,68.10383493637929,-67.77686622919599,13.742202641883678,17.881054344718255,-101.94809928325022,-54.07242669496474,-39.3302293626221,-30.494015483133797,-94.66235387886192
3.2180264546205253,-66.86014116096779,-96.04928520765368,129.13169455966812,-94.24062376324197,31.629379761632404,-96.20438625030484,-78.76787627266579,97.26383789384518,-103.22427385064698,133.97504132854243,-142.31837709979493,32.40765558058249,202.6475674867912
8.82270447817942,-3.066992118916968,-75.90770131514806,-10.947765951831624,-174.88085650796336,15.095963375630248,-138.3353403600612,32.50837317820689,-63.145397037036055,-187.3962782876432,146.10639518212682,158.25348834063564,-54.230081271417376,-243.9541962296675
34.5225875887699,-144.9490502205937,-32.48193932338033,-62.24934087085213,-2.1182619303545818,-17.44789428279455,-113.243600985021,73.82678087486933,-8.475806397158452,-15.942194148334924,-115.49753909951698,81.9533569128086,142.71418865718672,-17.76202441360128
-116.68521157638048,84.25456870347362,63.039790324866644,-34.259754300605316,25.394968454976734,37.438190580489064,-95.71778881579093,30.59767952269958,64.07453782080816,-69.89602131983456,127.58422438237534,75.72786212880641,-15.67121722800325,163.5641831422283
36.07760508803508,41.853757655847566,-92.8621379098282,74.24496522536255,-117.25286887779079,64.31964596506921,-94.88815575592642,-155.9093222068018,82.39232946420535,109.34767864123296,140.06939908280657,-36.43851021602587,98.67918334255604,8.187316345477223
259.4995132890781,-45.243892679913294,43.814190212122426,67.47598496258244,29.34901853774237,114.43955669036276,19.02547925079815,-146.9758251480163,85.36019413199438,-61.77041183373634,-138.69724581833705,2.780425761695427,39.16264758651989,-38.88474725637739
-57.63967390590995,-14.246143114074911,80.72945729845819,-53.97586894574856,21.036060571833577,-31.58190055724659,83.3452280993069,38.314662362786386,-11.95023671373274,206.2835241923773,139.84572117700333,-25.593150572350353,108.35185452942657,-33.25418804662523
-128.5264527949052,130.30053804767948,-113.43087673352774,33.57126492555412,-0.18434638591408606,199.97862328354293,-29.1702239423303,19.47639970016332,195.74085001732533,-86.5952936031045,190.763304721733,-92.2761172867719,16.01680812264579,-7.83908559730066
11.698433283010298,85.27171409118542,-0.6318643826504221,41.85036220904285,-49.8331450997361,70.97750620998818,-30.85139113422106,61.27654181891765,119.7680412126376,20.028291923420646,96.69089200457907,41.0575685153762,-37.59967941086974,29.8665187566585
-43.02225490128841,-28.463188431503085,-95.0137958816517,-4.895489736138769,-5.920655070113806,-136.13352700252506,-6.952320286464646,17.090668603022994,8.191366410652181,294.2581710118494,-178.96909022654384,217.78269223579215,-29.668781608810026,19.971933189118925
-158.19991166269963,-244.03622722500896,17.863143749911035,21.53006318215275,-27.955393520366574,-47.81401890897692,-64.08712736755903,193.6735467792253,311.0186935593992,35.72346233391904,68.303329504178,247.48340814618138,-83.74530690760955,-167.58990840890795
-2.9360586180920136,0.15061999837515597,20.570456456541923,-152.17818791420405,-67.50618253436443,-61.891247301689425,32.32580278222952,-25.782695690827584,46.08672476410361,-182.13065223749703,31.409262825448973,-293.48845479355526,-30.635319514096064,155.79484019744586
-190.10250415436204,139.70551562195382,104.3187201572482,-38.39797726504293,28.63443029454016,2.464395874924469,-58.51883760777111,202.88759175261336,50.22528317964434,79.4480922061569,51.67868377156015,125.5281785485854,-4.212696426350036,88.25388511728198
106.7628872036093,-69.26316285633732,-18.731463411784862,-108.72867508393324,76.13238005740965,36.40538886411626,19.103573611457534,143.34578046499215,170.20849755897615,-111.31540257261858,76.31454819848665,53.789183340546465,-89.93627780697479,-206.18661004568875
164.2510473900751,82.88414025668716,54.290117605512236,-33.15630446170802,-24.345521111756373,-100.67630325427253,128.55145829222832,151.8908530699475,28.86648943578698,-107.36108049238202,166.5989337814166,-115.95335970533978,-30.15038317045036,-123.01117443038623
106.51853577884056,-161.91834470764547,111.21681928624372,78.66534210564812,69.16589401162486,-47.80187370775782,96.1432889046344,-80.86224399112342,9.990324061794572,11.89203469810132,98.36481579909659,62.46581023164597,24.32631426842443,-53.75514465063819
39.2693473978477,9.113375905942984,71.91030010202782,-106.54015034972915,-58.16853435473428,-10.82499895095038,150.93379457244535,3.0609177337640614,16.8588132483031,-113.17140212065797,69.92515707574283,55.15612040656055,-84.9567657511302,-50.87115084703455
71.68140587531589,0.4816793981596526,210.86586928720817,5.249457429894798,-142.57061543654038,-64.269413561691,108.92341530528556,-36.368908591832664,-26.26357715005925,-111.65989129038833,-42.82461318872155,-56.66346232437066,-88.74936604570762,-45.35674778582302
-8.006116571647613,218.6667504250353,185.58068875861582,-159.4197304761516,140.55508627315362,112.04556791945099,76.16712329214003,-44.70563124466345,145.5671613038229,-55.7751540771361,2.1251923148121876,-190.95290847708878,-37.99334946748935,116.82084450677372
179.4705746506393,-178.00591299888177,89.21427871884164,119.71763071399124,-60.624605293330205,137.93758189702686,90.0213585032945,3.9313685909843112,-137.4580925207581,-96.45444730372361,-103.13576548691479,-76.5777551812693,20.25193607869764,-147.88313786386482
40.82870089262032,-69.19141877848116,210.2867022211973,148.84276290835524,11.850990982172968,177.03285488997844,78.37417830835763,18.92684386615161,-210.16659297863595,193.09909433907865,-260.0871287182657,-101.4026491257284,100.19369272384193,-81.27737612117426
157.98570123371468,185.52585507460805,-33.87791552777733,-32.53803211876164,7.547155190194946,-54.86187084979059,-28.591735157676318,-257.9762377551437,-151.5656858203865,49.32471448396909,13.962952469954132,90.01975437791157,56.56482728594494,39.0134662727877
-277.9910747376059,27.150573484480667,-87.40203763793461,-205.0041097810494,3.8702975955790877,53.601660011008434,28.169464286905615,-82.10012957912309,-41.231515265549476,-41.8444098337233,200.10624395811067,-192.75360962488253,-91.97989874477656,51.08736766118873
27.685854640347866,52.987310422781896,110.87116695674068,-158.77516747539482,-9.014071079926556,-13.169922614184923,-129.87897969315378,-36.34180608669711,124.64226199538062,-174.074500125004,5.104535440924583,-12.182631622837464,87.57361657996431,247.78073647396675
145.38696959926327,-72.6461829254876,17.547399369067268,-67.09562995115763,20.32225759372153,-13.9435936559003,50.63279951565058,52.47060207027302,-139.10462820768734,24.853759968443555,89.4166681793536,3.099915508372487,-32.91105990619835,66.04514466729997
81.48156533261593,29.189299367856147,76.4595047429294,-15.952788732896654,-57.8822631375704,-61.891842376545256,198.6285889000755,-39.64754140168936,64.24247745624903,-49.31968834627057,-70.62539751760514,106.40566095311601,21.83791863420282,98.75270587026303
-136.68295471036825,-94.8362406315304,-88.47228663881579,91.45959467456932,-31.726497890483596,-108.31047108071365,-105.09316960586794,-22.173579825890478,-178.41920226829566,-50.1047884759694,-16.110670405392618,-29.888678290436125,-47.74189665874523,94.80334594131898
-16.800849685635775,147.7785505310446,-157.44606367597524,185.2758537498722,-60.038570569161855,-121.60467709666901,-39.161902004250685,191.59796353780777,-62.55608765593591,-22.942699419404498,-163.54626097263753,-124.75833936068281,-7.2058755800438705,27.340385445257372
74.24242213380705,187.1967529215978,-120.34113448897143,122.44921926345963,-50.15229314719046,32.62041270657403,-228.48314647145628,-63.4469005159947,115.36014837895141,199.53452702903726,-112.2018702166936,1.449848122624167,209.99019384055595,-13.89280023134997
0.9160971497566706,-42.753631525491464,153.52779110663167,-18.286464123427276,61.06877346235503,15.671102519261238,197.15463554923244,56.26607774162395,5.598157524669429,-42.33766090540716,-24.470629659312195,165.79394130563156,-40.5450419634782,-90.25479076237721
135.90202210975482,-51.420059219223035,-164.66571673436857,55.28810717439162,42.690868526986144,69.36715082867107,-48.695708617862756,69.93195358430832,-45.84298321814196,83.05864378841736,-122.88375540608473,-15.280033097011941,116.10970321268994,-35.657984612397684
-152.8264811290549,12.173488637985644,34.85941600207382,-68.98930426053431,-25.900228888429304,78.69409621901869,46.782311672037864,-118.76308036430372,154.89287868677616,114.84176849227677,-54.005760522463774,259.3303782231397,-175.64183220262626,-83.759208988562
39.12586096648254,-41.63292072438781,-117.00891693342106,-35.71725303396447,31.895262398157048,-53.74470068107181,-2.2336755053022594,-7.29613340274425,1.1265900883473523,-13.279218387769266,-117.99501155267052,25.61022254416509,82.58043957964159,-68.65789373861467
191.40116651480298,29.16365057355325,-118.32410272519634,61.86238311820246,-100.61824327836962,45.71469232160378,-25.789895035563404,-206.4514905973992,96.4206031796171,38.444349971325245,2.43836027390007,81.09854295471506,-44.47874190351771,62.787982324872615
-25.17991727564076,49.93006830366769,73.14019006701211,-103.33805875245798,-116.36213342003774,-213.60493587718787,145.42867094951802,55.344231524961906,138.28348684498872,-7.083816372344678,224.72681440337973,16.075188447581436,-70.09497999868213,139.14529533314132
-72.05491679600946,-42.65011675047902,-5.643070977572894,-58.115679923094824,64.95411817820336,72.55196986562039,98.98103854542477,-133.4602119276567,-64.17632822763821,19.4947000240906,19.308333018493183,46.336189196649755,44.79213018033592,203.80185262578206
3.6493588027032926,189.47814544149324,25.38289704982009,29.063794548663207,-26.115023294931973,-121.74515625858369,100.29179572558928,203.1305840999846,63.07354159871258,68.36893123305822,71.53352267373879,-173.0203481676069,-223.64998588277447,134.07271302865067
-21.960450987333093,101.94111380081455,73.09173739938143,126.27119139195521,-36.7666263522165,-125.86698462810155,-94.49971081500055,-6.904866131975875,-101.9435393682483,-165.97245966404182,82.79446668347886,18.08474946416247,-17.14158905049565,25.163870567427832
-54.462060008146565,105.53078891877503,-36.68060506523919,47.55874238302522,-122.51987848064407,78.08776763405808,193.23631960254716,-30.93667611341565,66.61795651099493,-23.48268168688771,56.85270989975071,13.83293731463017,53.26761386809573,-164.88183568009615
-48.68562935090193,-66.63425235462756,-125.9370645156068,-205.5193960300967,86.46873523735421,114.85967670096493,76.64049104105769,178.81436978190817,70.6779774183408,-5.785085442204159,-18.90690307165466,28.35710672817412,20.746922742209094,100.65373271264124
-96.61134823922751,257.309061545942,-166.52024542150798,-25.779224785248118,-39.17765411075473,-84.36207400463101,126.08527925090611,-25.630868549668683,178.23448529676938,35.38737032361597,-5.139764835801766,-17.901399394707866,31.143611204657716,-46.10750795220131
20.60162019729005,-232.63297600206644,-76.70637768774581,-46.153097425812646,-143.4644410159842,-130.37237010055614,-188.31806699832626,-87.37105332590104,33.108135615113156,30.514387197727377,-183.67561316786413,10.725011435808241,143.38232632015678,-141.29956503006312
3.188037551803741,-71.55930291266456,-91.62281518677597,-0.6880500318881413,-38.73820535626969,27.652999910472143,-124.75998284645709,-32.90687735387238,66.21278934093579,106.10670466490252,-212.60832213941873,8.877427473166874,70.53065408612827,-165.33625117347896
48.33261993754222,34.99942406579039,109.94974828457033,0.20513470756970395,-42.918377121770384,6.824820933348437,21.438464210040227,-29.137801136295195,6.659963081836204,105.51643013543696,76.66922384207871,-343.6702389924124,49.22991421564418,-99.74508715767702
22.264886661600457,-130.07711122498097,-184.37196508105708,81.85198840139226,81.97990647283821,123.16953225608513,232.17610001199475,-76.19933594103826,74.49241061244018,104.4135211440433,110.77809846954032,-128.06213082875914,-34.46602792276119,-15.172631045618381
75.43624804302154,53.739250983941425,75.45164287211124,57.81226168635813,-70.7921851732403,88.9308153525862,-171.7742296273971,114.90676680076244,-114.03779420815911,-95.32831313722836,-101.88610462010288,-50.467700697402215,-1.188272987684383,19.68438705707559
146.92215686472852,23.557065152608374,-111.65937521489391,-78.3803536247828,73.48494035994833,115.1680458923102,86.64603358152036,-23.367686445074266,32.60790686814127,-99.09114229570744,160.82405283365588,29.27564374065874,-56.70416633435676,92.8422928248403
-14.190506151744597,40.47531406808475,0.3051722080934707,-174.9069741914074,38.56562177065109,-3.5496806672156525,-240.0383632764347,13.880015611086458,10.398624674769602,80.6046998882098,-28.104992410492034,174.09181082614342,20.93577267244051,20.09632179885487
103.32755744776243,-116.42674250731125,-135.58809322936048,146.66581903534265,-48.45579841639646,-171.94820776728997,34.53255995720391,59.82492745133121,-28.082530062850726,-6.2180863143477305,167.4998816957391,9.788647002716939,143.51176389068067,-77.41893729485076
30.622675234544737,-47.967573656432464,79.493238930114,-48.37146913237587,38.330347830545655,-142.68055966886348,26.70483440799829,-109.36477583947568,-2.9565833043750205,105.65304223350876,-11.2105426650812,-49.845928174431045,40.89295578423361,202.994508697365
133.8886827656264,-55.219350265285286,21.290733338690465,-57.729177814484224,-121.99910637352185,128.98082037279218,-4.53393150056819,157.41233081245775,-69.11101485413127,-92.38017330974859,22.820933318676442,-34.8864741785835,-73.09052882447948,-146.91336162738097
-63.10981178891657,-154.59743081801219,8.285779771643071,-61.54685978682696,31.011160585784324,52.580214185726874,-35.830800961206116,105.25149445675778,-34.140126576217256,-33.23719010523038,199.16701502081742,4.895195474470604,31.31261168377444,15.94395244444361
-73.15088836435784,82.1859838171979,-106.9977250042667,-84.14348958420365,69.6405844738378,-37.08969406860156,22.01890826246458,107.20488494177411,-9.00819928838639,-17.29380113969789,29.49116825993729,-134.28356639908546,-27.715840604899526,-87.72828159476808
10.078667373163597,-20.659013126301403,204.4387280083754,177.5728974689805,-138.78296259761265,-25.4568747883389,-14.978180664496238,-55.29097514829222,-43.394108162989376,25.151608345824624,-47.87417977191479,55.75150815726288,195.55108105543954,-182.12957330990992
37.813225428316656,22.20828892791262,-45.155779709946096,-130.13204628661475,-49.65497210607884,-8.293258686841627,107.64222330672608,47.18316654358052,-38.51608491290324,-49.88227090825835,103.50689564402651,-36.56229234726696,81.9359864362855,66.37339897760448
47.34455644441815,-66.11489637617422,-31.45176211850485,95.64981445920114,27.6234736034652,14.028836872475253,-20.056585912868073,-156.88103272904877,15.131206538713915,67.17748266723112,42.56252848125743,292.0091104255555,-34.715819145739026,-150.05298640248208
-42.59183585538403,145.38015131650522,-253.0959348033178,3.766914076991939,-12.024333553278192,-14.724652371464725,-166.97754531997603,118.1162111816507,-215.22119968791696,-45.047780594805786,39.80814759657436,-119.14514810128587,-3.843304185351093,142.39262275849168
39.49051712821377,-254.14209047291766,60.14047100197727,12.665332893152396,16.59600700728213,-80.42117190105796,40.26293249147542,-57.319543971967015,216.7037961971153,25.464537137264408,97.88956176297695,42.424852950542686,117.31663710411517,50.94432735057553
14.81200753824446,-19.107874404947754,-63.8300009731967,55.80596864432841,37.563204902125584,42.65353931241957,130.58830792610195,-26.9957956439862,29.874931957026064,-180.55452872221926,42.06540611413472,94.41122298143137,-55.27139944841933,57.69963856537406
100.82360254069778,-29.464868293168365,-104.49633205586706,-86.76666758864567,79.41659527382552,-11.594153120774953,-50.84634635523998,14.336645500780703,-184.5413349342307,-98.51297727487133,181.14788849450875,-122.60402954972855,9.129487369580852,-42.39477918184987
-144.8122935548021,-50.06173071897558,1.5811133701919167,-60.73317194014529,-159.24322469307458,-14.48698024479828,113.18845751400495,-85.33234639030032,-162.55566457620458,118.12269044906283,8.275624364464704,-69.12477713837328,-92.36926946091181,-6.482433268539316
136.3627300111662,-308.92517601635046,51.71310408645957,-36.8210543999888,-30.99495994166993,-10.52540176505524,9.427120379926132,10.783587419487308,7.599527205405638,-17.113635040270456,56.24890989422456,89.97179385620413,98.1990861543521,61.541036167022355
-16.74766077607534,8.714647928885922,-53.4235003215245,175.92424777909426,-149.85276920332035,-80.24186136264898,-102.69014649131054,-115.47584973782664,87.77271598315754,-223.79673499255654,235.35387907971477,-2.5664964217869004,166.90322546467124,81.4389210102628
134.84121096827505,-9.55128792119599,-5.822703047087719,19.206791916854314,-70.76878701242613,1.6063644283084548,125.48462234142687,-113.81929177539203,-25.791914410773913,148.7968975669088,-112.93731405817675,135.59161096229025,-24.75172859636695,149.65850693755146
30.812274212784246,-117.70000150176341,-19.35313800708262,78.26290345767653,-36.08835385523209,-34.94798473590825,16.513493406477632,-85.00790572473956,58.69398776244314,33.535657531921665,15.891284462656664,-45.18122214799075,-79.19183854043386,-62.80272723955685
-60.65037949943608,81.43165719981353,-53.07539312697267,105.96165401220881,-8.229216065412455,-67.00597037404498,46.581192022906556,-101.3093250564274,-199.31937486611082,144.47878236331005,32.93166445858282,70.46767085723394,-150.34160353857123,8.314444104556328
-200.94491698720608,59.38397794079565,32.36344511212309,121.17433454860722,50.099589783834006,243.55382681390907,31.031115468515104,18.104473058355964,-18.431914387622093,-166.80586509620113,-45.78934513917584,5.822618923920789,37.24076387675462,189.33155541299183
-114.8622368817609,1.5782690610468397,278.766460525082,-17.014798595721288,-62.96952486351757,-79.69931159824638,-148.94208101615325,-53.24197616395683,-5.592546640287695,-147.7126621196065,-1.2404783327793711,48.7843212565446,-0.9119083461084622,8.657731501697533
-77.7548503153802,118.87185443730755,3.9407500239337354,-129.4691813016726,49.24897621913845,-19.03179940092638,-101.68059901973517,130.03154085365867,86.15629899553896,4.030246006851735,137.70063240792666,38.829447623560156,-67.41912330050516,-128.72822525262532
90.07031233849604,-61.12364655047904,-92.3490913265407,-26.166106278838242,-47.45438366147223,-117.9682710070065,19.57586929920318,-20.861961382958246,-62.151202731043085,-171.1960705668936,17.749766201450928,99.34686017585503,-133.14771792250747,4.377007170382425
-48.22059233958286,-12.009688793386948,-117.2198045455543,-36.140320309810065,42.88271339787952,-75.85232831771084,-34.568152082176276,-155.3395651395854,-3.824048318374457,-38.488236226578856,130.94676556334707,101.10121144905236,-179.82595716987194,27.5929013164896
35.56193247029514,-121.07508319151844,-23.27500250752311,149.17413305116304,13.908629743969742,-182.68088835477778,49.260833943545585,-74.02601694642829,107.27812574187949,-112.71712924475796,124.88707114243152,81.09576622697115,-40.091497740071716,-34.34057041123506
-13.570716353778566,74.32432372349463,24.178481241346837,22.56145604801493,37.06991321617401,-70.41552903134061,56.18616239854649,-53.33039769852627,-11.209129519942053,69.39612309002518,109.03604626653065,-123.25982001728836,96.20743089348738,16.073200628220828
-54.19063184853648,-70.10210730460952,56.43674927748492,135.35915749223975,110.12329136215513,59.75410171569426,34.9242596148062,20.94703439661055,-134.8512240858223,133.9170238452077,84.21298681817507,-54.496037808916554,-94.48132425125378,-7.325280247814217
-177.82045728242133,-26.754717978085267,64.53884788334376,-19.014356398176137,-138.23913024102663,-14.129202583779957,-67.86151411392106,-16.311721865301042,-100.14862407719124,12.2383674589729,-34.367987644004714,229.35097995184677,134.7380166429977,66.71257319231925
-119.89985580210505,-66.41066003332391,-23.81205162318017,-169.09424034426135,-125.63603974448996,99.60118720083827,96.24701346198033,-87.75574848951312,-192.6344498379287,-64.51945864696049,-31.20848440445263,-0.8093372242221629,39.212583979501844,-0.41899762560974874
-52.265097372947125,65.25433013039593,53.50425327602325,-97.60062941933401,55.72461429674186,-84.78482188128866,193.83556525747346,-9.471799729238976,-10.231715154959437,42.084474914194985,72.14758069453873,-58.17882838941676,165.3989837808008,-125.1050981268186
-190.55615954116797,151.43512936219474,-128.41608960307954,-42.267005124513986,-35.267802479668454,-53.63860301283988,-102.27956667039999,67.32846750345472,228.25999694514456,99.34510031312017,-18.39749719983562,117.32868607169094,57.49593007317255,-32.920893521898535
141.71991336935127,-32.80132909698629,85.74666111848883,-9.143346838375132,-85.03276688651584,-0.3817346133528489,-93.5774368161278,-191.02985560337683,-126.47673833603228,-12.093763038111142,108.41623526968567,55.363354386734684,-0.9235528728938893,-56.39173770870042
105.97306769651796,-108.13993330649274,-38.19302722517366,-37.54214605513745,113.42706961275242,122.9290757885241,1.7386167311625518,-140.19522747049177,305.6805456040203,-59.95347003467527,106.30415940576536,-6.89271319165411,69.45880438999805,-9.866933794311532
275.71929762332,-116.75735470785288,21.60773649773697,270.4961317723736,173.60001905927967,-44.317672562445466,-126.96888394523593,157.27620023285462,10.847604460740303,-85.01659968210122,-91.07075014591534,-48.493723905284746,85.25535692449408,78.00582237316172
11.332067006216642,-60.709537115317566,169.4723018952531,95.33697365305068,-117.73192668176087,17.38820723579867,-209.97506475670477,-57.23840066274717,133.07458583548708,70.58495742964914,49.77335582576638,-20.76625728440751,27.14262929292896,104.23775255665744
-94.89063651247444,-209.94344473970958,147.598781839462,77.48930062099856,-97.64736406167567,250.00872481650524,-170.65909735810132,30.998661132103095,105.99109653599932,122.92584198515553,-108.53340805372551,157.04783084684394,89.41036849875891,66.93559029847403
-32.53675983591566,61.587866253049675,126.50374730689369,4.471432193323153,-70.11096854355455,-36.17712048123443,-30.11395194326742,-146.53259211427718,-155.3189318870796,-115.25948158623547,110.83911096942126,35.22212786031644,-237.48382088097136,9.022445559630654
92.52317575744792,34.07148321628993,68.20667553692029,19.102475476217002,-2.455588619608708,-170.08139385331123,-132.1217370843927,-318.9926558658762,-265.26585207458874,69.74496382502832,15.325583362976497,-38.0996836385536,-90.78341056215376,16.56316248805573
137.17161512948925,86.35102417422175,-74.39817818441826,140.3889756619512,25.9072226347943,-329.6285713018946,-118.4791426881749,-56.57621854218675,30.13903562415988,248.6533272645585,28.712538528300684,-204.31775090706802,93.86105339204691,-41.41105789070115
-102.01282474758115,-218.56838056617772,7.410153818973238,-16.43265874777207,83.21706888692228,-96.60901310769138,114.23042373970378,220.4775535712402,-156.76981137773546,-9.264652051483765,189.17924805332973,-84.45324784823909,-171.9625210789254,86.70089324024624
144.78924008567694,165.09933178325872,168.09178145235484,88.03247655948651,126.62190719266721,240.04325023935044,24.24942592849412,-202.6231033913771,-58.511516237164464,-99.96006463453789,48.49591440676906,266.4372372463958,-101.74969117565654,98.7181308817826
151.1122252734054,-44.13788365970603,-118.61741585786547,119.23631571703517,20.121529933747244,205.2416364909312,174.91367898519707,43.1063032610922,-76.09062398609866,-163.7194512806917,92.05138340789067,-4.364699160268301,168.86401343359995,-74.98440199317962
-41.470629434852476,-128.2551066613266,-68.27531392947556,137.27611170361703,13.6457337734667,50.20250372902686,41.41083333657332,96.64652045289039,101.93023309003344,158.34390190727993,67.10106164470379,96.14211188324387,-197.41827548723973,78.40239960796903
35.39790203647705,3.9551169777897894,-4.986614616171177,48.740917806878166,-159.9980191558392,165.26575747329747,-116.87175782261204,-25.838701396143403,171.52685434134713,18.502435887463367,-54.142671218237716,-14.164891548600615,-125.17321769215599,180.0443482269204
-17.59121788534298,-104.52323191512534,21.338197292533913,116.32837029117118,135.38836393710318,-224.69742832234635,114.22618796530696,-5.701193854778093,39.22798743417164,179.0321966124537,-146.75955374901756,-37.36861937425211,117.3932365074966,-49.06327512309907
-1.7673660339716162,-6.689229586443307,49.66166964258625,-54.2481241582597,115.01669473907417,-81.75059971611832,17.3533342739197,72.00022230523885,-17.820771425487873,-136.48808160139515,-181.1770779368621,39.74652211793155,20.672456791576597,-159.16906107492707
-95.22660085598075,-140.92233093660548,78.53062380306291,1.833236651494,-80.96618914955128,-33.31810017340182,-53.11114036544319,201.06687121494846,7.300439194210371,47.63590015799311,-49.204581438373474,-10.14198035930211,21.963143743820122,-50.495104110688125
57.24511229742685,-97.35386738855543,-34.58731593313345,-81.81791463429397,-140.95536461678228,13.522311849638601,81.14309037240623,-125.23933159250635,154.03436834827403,-135.47259899330865,198.90303128449685,159.3812243511717,107.77425433500095,-9.627281356373492
37.02071347628268,-9.595096322447297,79.65561333460207,2.0043966602616243,-45.332013164688036,28.19297366116088,-7.150545095383877,152.70872720883546,-70.49332511729212,193.9376625630436,56.8544800618725,-9.737628042280553,36.226143194669206,251.8341171626409
-82.77347485296688,49.29246560250576,-164.7860066939909,178.8002673878128,-167.88882796290437,37.817338835008854,-12.580689993165043,-29.533703791328236,42.87954980545863,77.14213816915043,105.04066827094832,-139.64366440248196,-51.63028965518336,20.72543123408239
71.25680975870947,51.928938200510466,-22.20357566720675,-51.24624212573294,138.68935468691652,-7.257050583041103,-28.166973299717935,-47.91623328254737,-98.92080192120356,-110.46238174523491,-176.7014747569136,-102.78197022111914,2.121900085512819,98.77876247452905
-37.59223447747033,-129.62831766337342,106.02220769359747,-34.928012652645684,-31.634668635283674,-177.55633257389073,-134.95994610799733,-19.250252573330265,2.9533230601496623,-46.640712694862025,-5.54492299260006,-19.890754260166123,170.16155663069296,96.45937071027113
-2.930399498073858,48.34086326235616,-150.4899990529877,-53.78531424648704,11.111190461678127,-71.31757768720392,40.60093489398225,7.469167729914015,16.42111855812516,139.82995403673266,36.70697231023581,87.91203516365708,150.1772602231602,-57.63563668497059
157.24787484439753,14.976977873532672,166.81399622140708,151.48695309649335,-19.374279357898235,-67.13561672823013,5.590313318643116,-148.23391936768198,129.05295920355223,-32.32116342067982,6.34374808492228,-0.05658759808393166,44.488695628477686,-67.8137742475866
-21.716071563980524,-83.34297958486152,88.41844409623387,-33.78574361532184,133.68893901271696,66.43232632281321,132.514595016795,150.39266928979868,31.267783731889452,25.48003677993225,-26.233528070577755,-2.4173020691677305,-15.998633474331742,-172.20231721095632
29.915828258035493,4.747736879154513,77.27937595010577,-161.30594828831906,83.3953981348559,81.56943443903276,-9.327542972755497,136.14287916049815,147.09568874290056,36.64299143578119,-247.7935578662455,-253.11053795163693,112.82092681352891,-159.35058984415164
119.88309671297246,-93.47350992472883,-53.24105356004496,-102.14806776506443,35.83223893744177,-159.13163415586632,32.21316989697133,-47.41586382093369,-57.93686688759203,-3.4962412386024773,197.4942596797826,-34.4409453016749,38.71066981295779,-157.8515321969066
44.15506669461744,-100.49126777228759,76.28808745808348,31.13259867092182,-36.99091014114575,-77.09654548923226,58.36284491524921,-84.83372925979472,80.80937938460477,5.734554861053047,-87.55423396504544,71.84298475628809,13.864922342903006,137.50301226225915
-24.74241183274886,-25.70406757606808,-22.178894661432448,-47.89302783631831,120.55963573607389,146.3121903704153,8.040415338249804,-168.14867261290604,-5.789346921571846,1.8077889134658642,145.86616611439038,80.38068602279525,41.83287639468322,10.844460579053859
-28.41633300311096,43.20453298702714,-9.36426900879587,-217.48045621729565,-16.91947031330398,30.409526792688208,-129.6081412107833,-195.66814595083218,94.56438296534627,110.00217875362542,-4.6813212533098705,-110.32599525893912,-17.690316292453424,35.61644647014604
-20.288597747739264,-116.53977196171672,-14.00526571819448,-65.56841269610973,152.30835527066185,-5.566401832516149,63.16528849572352,-98.13437195636884,25.886672433280793,72.56406443073169,158.22846595865113,-40.19180268909418,-69.73867931423331,-56.07782973914133
36.40117113717542,24.378839821863913,221.51640997360093,169.60951304101698,-19.455052513274335,-12.679457118854351,71.67238580373784,98.91159750901726,-133.11861401707722,35.6908743188249,162.88207743963082,187.29517690644113,15.513877525134015,-50.453273331965086
-53.03294325907461,-34.07221472511531,-86.15887031125054,-83.99240280761556,54.396432526535065,-56.522532360680934,12.983493417613124,-117.91317559541956,25.918417903642304,103.13272320367047,6.200747021649436,90.73559045564407,-12.374592453693904,53.55877389993577
-161.5267144091392,55.37016318975767,-144.39791219724313,-71.84834436703875,74.93528510806334,53.12317915353226,0.5446871763038127,-29.31702440008101,52.43819259839428,-41.81802949413514,-175.37140945245352,-18.742768387412617,100.4305126376662,8.28991314570786
98.92645673617729,-71.03960448204896,-11.069590546819462,-105.20339598974988,-88.42544992428215,-206.78180511544008,-2.512796852911838,72.29233345440214,67.20112836945158,90.95174063275907,-101.96020810446065,-18.749134382327025,180.90750698974267,100.54918886802953
-130.1394843919204,181.23631667548727,124.68508280645898,95.35159050190968,37.12105696047345,23.37728814531904,77.31624864294521,30.563173273087468,37.184040871525106,-73.19032475895912,13.322446701237887,90.39361380272264,85.2556816896788,-36.32004387332669
-103.9297787668416,-70.11960545221382,58.78523070478327,113.7908921053791,-60.85431027487667,-166.77722255118854,186.67430740011815,27.64515043553029,-15.643107933046988,47.34592164070918,-59.31374078235502,-28.17206092975172,-39.15095545638374,-20.614329445448647
-96.50712229037805,-49.31074749045889,-110.35601056809115,17.988945992447356,44.27537203623852,161.6989653404817,139.1489894427129,147.53224696852217,19.04354491057465,-42.95530862629925,-121.12372536128801,-120.77704515970369,85.51290434076326,221.70511351263195
-110.85593404383387,-45.3435496771598,94.50196946852412,208.6092134463251,-112.27089515064645,-52.80924717166319,-139.47656199816777,50.26144877610792,-138.85103118891118,-37.77889305842026,-172.73565623004555,-58.323153152684746,118.09222990454408,-143.22507408129596
125.41145236174836,182.6836133166601,111.28855075490797,-12.931068387248684,124.25661806455696,97.59177532803164,131.43400555900968,99.22175315724878,-36.34224852508805,71.58117147680306,4.1078608555385845,1.549832856865074,27.511192357958425,38.04447836087184
-7.841641267938974,120.09961911810633,-7.384750786464724,74.68550785263778,10.885979518895864,-230.57369995581348,-123.54822936414918,90.55705012055711,4.640331132529162,-67.20527509432085,125.91227213144201,68.92793339216627,-28.122892116524874,-34.98007185602427
102.98932427891239,-25.89651335294142,44.80185910766543,39.44382845566209,-6.76749392488962,-38.434073844424624,1.8290476592155842,-200.58346317007673,63.355450054871156,-24.4238425666656,47.48960830595212,-102.8518362087584,-248.58832054947172,-13.76088197145077
63.32849456434775,-111.21176207329898,26.647921908211096,189.4179605916639,-2.2385301800128947,202.65418283037252,56.30994946845447,-96.4588311619975,53.051378093095906,47.942245641331716,-15.050201412432315,24.04963882622019,-6.490713852343333,69.88820467021479
113.77104775611413,95.95382593647679,139.97482445790573,70.20107785028331,-110.66867393461253,71.88081678393384,-148.1079445566683,-15.942021541670803,-19.270099848945303,-47.9935313424728,125.18126426564584,128.03798919762576,-12.714289058194659,-300.1904715662823
-49.646093267871464,-177.42142289364577,136.50105703562417,-63.72600186076961,-164.4387405317938,-13.260789738524274,-116.70553646529133,-282.65798984102844,-66.79467876233808,177.58568514098533,-3.728795287238708,-79.09031621142181,-49.841552254184926,-57.82654300999231
-60.481057723804874,-44.65041310865395,93.9329281065285,56.09584777775633,114.48801281400345,-59.7088586087763,71.02306865458813,-91.1282315995576,14.159617645888689,-96.97695091106365,-28.171604264829362,-134.71262638633564,64.72853129838558,-27.41887655347297
58.3813958629588,88.95404677799884,20.306870975115732,11.454643991150606,258.1360101473641,58.73257967802636,-194.011979961839,101.87837916763567,-19.789815111941493,72.49946275259322,118.59956784688748,0.008052393428727236,-56.823426554841205,-13.472891943931668
